20250106 000000;21520;21526.75;21518.5;21524.25;49
20250106 000100;21525.75;21536.25;21525.75;21528.5;108
20250106 000200;21528;21532.5;21527.25;21527.5;42
20250106 000300;21527;21529.75;21526;21527;34
20250106 000400;21528.5;21532;21526.25;21528.75;34
20250106 000500;21529.75;21530.75;21523.25;21529.5;43
20250106 000600;21528.5;21533.5;21527.75;21531;50
20250106 000700;21530;21530.5;21527;21528.25;66
20250106 000800;21528.5;21531.25;21527.5;21531.25;39
20250106 000900;21531.75;21531.75;21524.25;21526.5;44
20250106 001000;21527.25;21529.25;21526.5;21527.25;15
20250106 001100;21529;21529.25;21527;21527;22
20250106 001200;21527.25;21527.25;21520;21520;82
20250106 001300;21520.25;21520.25;21510.5;21513;143
20250106 001400;21512;21515.25;21509.5;21513.75;79
20250106 001500;21512.5;21512.5;21506.5;21510;98
20250106 001600;21510;21515.25;21509.25;21511;101
20250106 001700;21512;21514.5;21510.25;21511.75;39
20250106 001800;21512.5;21512.75;21497.5;21502;206
20250106 001900;21503.5;21505.5;21501.75;21503.75;57
20250106 002000;21503.5;21503.5;21499.25;21502.5;50
20250106 002100;21501.5;21504.75;21492.5;21494.25;174
20250106 002200;21494;21500.5;21494;21498.25;97
20250106 002300;21498.25;21499.5;21497;21498.75;46
20250106 002400;21498.5;21504.5;21495.5;21504.5;76
20250106 002500;21505;21508;21503.75;21505.75;91
20250106 002600;21506.75;21508;21502;21502.5;46
20250106 002700;21501.5;21501.5;21496.75;21497.25;69
20250106 002800;21498;21502;21497;21500.25;40
20250106 002900;21500.75;21501.75;21500;21500;11
20250106 003000;21498.5;21503.5;21497;21503.25;49
20250106 003100;21501.75;21501.75;21498.25;21498.25;41
20250106 003200;21499.75;21503;21498.5;21501;67
20250106 003300;21501.5;21502.75;21501;21502.75;26
20250106 003400;21500.5;21501.25;21485.5;21491.25;253
20250106 003500;21490.25;21495.75;21489.5;21494.75;79
20250106 003600;21491.75;21493.75;21487;21493.75;109
20250106 003700;21492.25;21494;21489.75;21491.25;87
20250106 003800;21492.75;21492.75;21488.5;21489.75;92
20250106 003900;21489.25;21492;21488.25;21490;28
20250106 004000;21490.25;21490.25;21485;21487;59
20250106 004100;21486.5;21486.5;21478.5;21482.25;152
20250106 004200;21482.25;21485.75;21478.25;21485.75;72
20250106 004300;21484.75;21486;21482.5;21485.75;54
20250106 004400;21485.75;21489.25;21485.5;21487.75;73
20250106 004500;21488.25;21490.75;21485.25;21485.25;82
20250106 004600;21484;21488.5;21483;21488.5;81
20250106 004700;21486.75;21488;21485.75;21487.5;48
20250106 004800;21487.5;21493.5;21487.5;21492.5;105
20250106 004900;21492.5;21495.75;21492.5;21494.5;117
20250106 005000;21495.25;21495.25;21491.5;21492;48
20250106 005100;21492;21498;21492;21498;159
20250106 005200;21498;21500.75;21496.5;21498.25;115
20250106 005300;21498.25;21498.5;21494.75;21497.5;50
20250106 005400;21497.5;21500;21497.25;21500;40
20250106 005500;21499;21501.5;21497;21498;72
20250106 005600;21497.5;21500.75;21494;21494;63
20250106 005700;21494.25;21494.5;21488;21491;121
20250106 005800;21491.5;21493;21490;21492.75;51
20250106 005900;21493;21493.5;21491;21492.25;41
20250106 010000;21492.5;21497;21492.25;21495.75;102
20250106 010100;21496;21496.5;21493.5;21494.75;92
20250106 010200;21494.5;21499.75;21492.5;21498.25;84
20250106 010300;21497.75;21503;21496.75;21499.75;136
20250106 010400;21499.75;21500.25;21498;21498.75;54
20250106 010500;21500;21500.5;21498.5;21499.75;41
20250106 010600;21500;21501.25;21499.5;21500.25;34
20250106 010700;21501;21501;21490.25;21491.25;113
20250106 010800;21490.5;21492.25;21487.75;21492.25;94
20250106 010900;21492;21492.5;21488.5;21489.5;48
20250106 011000;21489.25;21491.5;21486.75;21490.5;52
20250106 011100;21489.5;21490.25;21486.75;21490.25;69
20250106 011200;21491;21501.75;21491;21498;129
20250106 011300;21497.5;21503.25;21497;21498.75;126
20250106 011400;21498.75;21499;21495.5;21497.25;56
20250106 011500;21495.75;21499;21495.75;21498.25;27
20250106 011600;21497.75;21499.75;21495.5;21497;52
20250106 011700;21498.75;21501.5;21498.25;21500.75;18
20250106 011800;21501.25;21502.25;21500;21501;28
20250106 011900;21501.25;21507;21500.75;21504.5;109
20250106 012000;21504;21504.75;21500.5;21501;57
20250106 012100;21500.5;21500.5;21498.5;21498.5;30
20250106 012200;21498.5;21499.75;21490.5;21495;154
20250106 012300;21494.5;21497.75;21493.25;21493.75;75
20250106 012400;21493.75;21493.75;21489.5;21491.25;73
20250106 012500;21491;21494.25;21490;21492.25;84
20250106 012600;21492.5;21493;21490.5;21493;59
20250106 012700;21493;21495;21492;21492.75;44
20250106 012800;21492.75;21494.25;21491.5;21493.25;51
20250106 012900;21491.75;21493.25;21489.25;21491.25;35
20250106 013000;21491.75;21494;21491.75;21492.25;15
20250106 013100;21492.5;21496;21492.5;21496;59
20250106 013200;21496;21498.5;21493.75;21494.75;65
20250106 013300;21495.25;21496.5;21493.5;21494.25;34
20250106 013400;21494.5;21497;21493;21495.75;34
20250106 013500;21495.75;21496.75;21494;21496.25;43
20250106 013600;21496.5;21497.25;21491.75;21491.75;66
20250106 013700;21492.25;21492.25;21483.5;21486;160
20250106 013800;21486.25;21487;21482.5;21482.75;77
20250106 013900;21484.5;21488;21483;21483.5;44
20250106 014000;21483.5;21489;21483;21488.75;66
20250106 014100;21487.75;21489;21484.75;21487.75;67
20250106 014200;21487;21491.75;21486.5;21489.5;89
20250106 014300;21489.5;21490.75;21488.5;21490.5;35
20250106 014400;21490;21491.75;21490;21491;49
20250106 014500;21491.5;21492.5;21490;21491;30
20250106 014600;21492.5;21494.75;21491.5;21494.5;57
20250106 014700;21494.75;21495.75;21492.25;21492.25;44
20250106 014800;21491;21492.25;21490.25;21491.5;41
20250106 014900;21492.25;21495;21489.75;21493.5;65
20250106 015000;21493.75;21495.25;21488;21488.75;78
20250106 015100;21488.75;21488.75;21485;21488;115
20250106 015200;21487.25;21488;21486.75;21487;32
20250106 015300;21487;21492.25;21486;21492.25;58
20250106 015400;21491.75;21492.25;21490.5;21491;19
20250106 015500;21491;21493;21487.75;21493;33
20250106 015600;21492.75;21499;21492.25;21498;84
20250106 015700;21497.75;21498.25;21495;21497;35
20250106 015800;21497;21499;21497;21498.75;32
20250106 015900;21499.25;21501.25;21498.25;21498.25;93
20250106 020000;21499;21501;21498.5;21500.5;39
20250106 020100;21499.75;21500.25;21493.75;21495.25;97
20250106 020200;21495;21496;21493.25;21494.5;42
20250106 020300;21495.5;21498.5;21492.75;21493.75;69
20250106 020400;21492.25;21493.5;21483.25;21487.25;167
20250106 020500;21487.5;21490;21486.75;21488;47
20250106 020600;21488;21489.5;21486;21487.75;51
20250106 020700;21489.5;21491;21487.5;21489.75;40
20250106 020800;21490.25;21493.5;21490.25;21492;24
20250106 020900;21492;21494.5;21490.5;21492.25;58
20250106 021000;21492.5;21501;21492.5;21495;143
20250106 021100;21496.25;21502;21496.25;21501.25;80
20250106 021200;21501.75;21505;21501.25;21504.25;83
20250106 021300;21503.75;21508.25;21503.75;21506;116
20250106 021400;21505.5;21511.5;21504.5;21510.75;297
20250106 021500;21510.5;21511.75;21507;21508.75;100
20250106 021600;21509;21511.25;21508;21510;53
20250106 021700;21510;21513.75;21510;21512.5;99
20250106 021800;21512;21516.5;21511.5;21515.25;161
20250106 021900;21515;21516;21512;21514.75;124
20250106 022000;21514;21516;21513.5;21515;64
20250106 022100;21515.25;21516.5;21512.25;21514.25;70
20250106 022200;21513.75;21517;21510.75;21517;92
20250106 022300;21516.75;21518.75;21515;21517.5;137
20250106 022400;21516.5;21517;21514.25;21514.25;32
20250106 022500;21514.75;21514.75;21512;21514.25;40
20250106 022600;21514.25;21515.5;21512.5;21515.25;41
20250106 022700;21514.25;21515.5;21509.75;21511.25;56
20250106 022800;21511.25;21512.25;21506;21510.75;129
20250106 022900;21510;21511;21504.5;21506;140
20250106 023000;21505.25;21506.25;21501.5;21503.25;196
20250106 023100;21503.5;21503.5;21498.75;21502.25;104
20250106 023200;21502.5;21506;21502.5;21505.25;64
20250106 023300;21504.75;21509.5;21504.75;21507.5;107
20250106 023400;21507.5;21507.75;21506;21506.25;22
20250106 023500;21506.75;21507;21503;21505.5;45
20250106 023600;21505.25;21506.75;21503.25;21506.25;27
20250106 023700;21506;21508.75;21506;21507.75;50
20250106 023800;21508.25;21509;21505.5;21506.25;59
20250106 023900;21506.5;21510.5;21506.5;21510.25;41
20250106 024000;21510.5;21511.25;21509;21510.5;43
20250106 024100;21510;21510.25;21507;21508.75;56
20250106 024200;21509;21511;21507.25;21507.5;35
20250106 024300;21507.25;21507.25;21504.25;21504.5;79
20250106 024400;21505.25;21505.75;21505;21505;19
20250106 024500;21505;21505.25;21496.5;21499;171
20250106 024600;21499.5;21501.75;21499;21501.75;61
20250106 024700;21501.25;21504;21499.75;21503;65
20250106 024800;21503.25;21507.25;21503.25;21507.25;82
20250106 024900;21507.25;21509;21506.25;21508;71
20250106 025000;21507.5;21510.75;21507;21510.25;57
20250106 025100;21509.75;21511.5;21506.25;21507.5;81
20250106 025200;21507;21511;21506.5;21509;68
20250106 025300;21509;21510.5;21508;21510;41
20250106 025400;21509.75;21511.25;21507.75;21508.5;43
20250106 025500;21509;21510.5;21507.75;21510;30
20250106 025600;21509.75;21511.25;21509.75;21510.25;21
20250106 025700;21510;21512.25;21510;21512.25;40
20250106 025800;21511.75;21512.5;21509.25;21510;55
20250106 025900;21509.5;21511.5;21509.25;21510.75;14
20250106 030000;21510.5;21512;21509.5;21509.5;30
20250106 030100;21510.25;21512;21508.25;21509.25;28
20250106 030200;21508.75;21511.5;21508.25;21510.5;23
20250106 030300;21511.25;21512.75;21508.5;21509.5;59
20250106 030400;21508.75;21509.75;21508;21508.5;47
20250106 030500;21509.25;21509.25;21507;21509;27
20250106 030600;21508.25;21511.25;21508;21511.25;22
20250106 030700;21510.25;21510.25;21507.75;21508.25;24
20250106 030800;21508.5;21508.75;21506;21506.25;42
20250106 030900;21506.25;21506.25;21503.75;21504.25;34
20250106 031000;21504.25;21506.75;21503;21506.5;49
20250106 031100;21506.25;21507.25;21505;21507.25;25
20250106 031200;21506.75;21508;21506.75;21507.75;13
20250106 031300;21508;21510.5;21508;21509.75;43
20250106 031400;21508.75;21511;21508.75;21511;22
20250106 031500;21511;21511.75;21510.25;21511.75;28
20250106 031600;21511.5;21513.75;21510.5;21513;50
20250106 031700;21512.5;21512.75;21510.5;21511.5;24
20250106 031800;21511.75;21512;21509.25;21510;32
20250106 031900;21510.5;21512;21509.25;21509.25;22
20250106 032000;21509;21510.75;21508.5;21510;28
20250106 032100;21510.25;21511.75;21510.25;21510.5;33
20250106 032200;21511.5;21512;21511;21511.75;15
20250106 032300;21511.25;21511.75;21510;21511;20
20250106 032400;21509.5;21509.75;21506.25;21509;58
20250106 032500;21508.75;21508.75;21507.25;21507.25;29
20250106 032600;21507.5;21507.5;21503.5;21505.5;105
20250106 032700;21504.75;21506.75;21501;21505.75;105
20250106 032800;21505.25;21506.25;21505;21506;13
20250106 032900;21506;21508;21505.25;21508;19
20250106 033000;21507.25;21509;21505.5;21505.75;60
20250106 033100;21506.25;21511.25;21504.75;21510.75;99
20250106 033200;21510;21511;21508.5;21508.75;49
20250106 033300;21508.5;21510.75;21507.75;21508.75;27
20250106 033400;21509.25;21511.75;21509.25;21511.75;35
20250106 033500;21511.5;21512.5;21510;21511.5;42
20250106 033600;21511.75;21512.75;21510.5;21512;35
20250106 033700;21512;21517;21510.75;21515;122
20250106 033800;21514.5;21514.75;21513.5;21514.5;20
20250106 033900;21514.75;21517.5;21514.75;21516.25;36
20250106 034000;21516;21517;21515.5;21515.75;38
20250106 034100;21516.25;21516.5;21514.25;21515.5;32
20250106 034200;21514.75;21515.75;21514;21514;18
20250106 034300;21514.25;21514.25;21509.5;21509.75;83
20250106 034400;21509;21512;21509;21512;33
20250106 034500;21511.75;21513;21510.25;21512.75;44
20250106 034600;21512.25;21512.25;21508;21509.5;60
20250106 034700;21510.25;21510.25;21508;21508;18
20250106 034800;21507.5;21510.75;21507.25;21509;36
20250106 034900;21509.5;21509.5;21508.75;21509.25;14
20250106 035000;21508.75;21510;21507.75;21509.25;21
20250106 035100;21509;21511;21508.75;21510.75;24
20250106 035200;21510.75;21512.25;21510.5;21511;23
20250106 035300;21511;21512.25;21510.25;21512;25
20250106 035400;21512;21512.5;21509;21509.75;32
20250106 035500;21509;21509;21507.75;21507.75;24
20250106 035600;21507.75;21509.25;21505.5;21509.25;60
20250106 035700;21508.25;21510;21508.25;21509.5;31
20250106 035800;21509.25;21509.25;21507.25;21508.75;16
20250106 035900;21508.75;21509.25;21506;21506.75;28
20250106 040000;21506.75;21508.5;21506.5;21508.5;18
20250106 040100;21509;21511;21507.75;21509.5;33
20250106 040200;21508.75;21509.25;21506;21508.75;31
20250106 040300;21508.75;21510;21507;21507.25;18
20250106 040400;21507.5;21508.75;21507.5;21508.75;6
20250106 040500;21508;21508.25;21507;21507.5;10
20250106 040600;21507.5;21507.75;21507;21507;4
20250106 040700;21507.5;21509.75;21507.5;21509.75;16
20250106 040800;21509.75;21511.5;21509.25;21510.25;42
20250106 040900;21510.25;21510.5;21508.75;21509.75;15
20250106 041000;21509.75;21511.5;21509.75;21510;26
20250106 041100;21510;21510.25;21508;21508.25;25
20250106 041200;21508.25;21511.75;21508.25;21510.75;41
20250106 041300;21511;21511;21510.5;21510.5;2
20250106 041400;21510.75;21510.75;21510;21510;6
20250106 041500;21510.25;21510.75;21509.5;21509.75;17
20250106 041600;21509.5;21509.5;21506.25;21506.5;55
20250106 041700;21506.75;21507;21504;21504.75;73
20250106 041800;21505.25;21508;21505.25;21507.75;21
20250106 041900;21507.75;21510.75;21507.75;21510.25;28
20250106 042000;21511;21513.25;21510;21512;58
20250106 042100;21511.5;21511.5;21510.5;21510.75;15
20250106 042200;21509.75;21513.5;21509;21511.5;70
20250106 042300;21512.25;21515;21512.25;21514.25;90
20250106 042400;21514.75;21515.25;21514.5;21515;21
20250106 042500;21514.75;21515.5;21513.5;21514.5;23
20250106 042600;21514.5;21516;21514.5;21515.25;24
20250106 042700;21514.75;21516.25;21513.5;21515.5;30
20250106 042800;21515.75;21519.25;21515.5;21519;59
20250106 042900;21519;21519.25;21517.75;21519;51
20250106 043000;21519;21519;21517.25;21517.25;13
20250106 043100;21517;21520;21517;21518.75;50
20250106 043200;21519.25;21519.75;21517.25;21518.25;18
20250106 043300;21518.5;21520.25;21518.5;21518.75;25
20250106 043400;21518.5;21519.5;21517.5;21518;22
20250106 043500;21517.75;21519.25;21516.75;21518.5;21
20250106 043600;21518;21518.75;21517;21518.25;25
20250106 043700;21518.25;21519;21518.25;21518.75;22
20250106 043800;21519.25;21522.75;21519.25;21521.5;70
20250106 043900;21522.5;21523.25;21521;21523;59
20250106 044000;21522.5;21523.5;21521.5;21522.5;31
20250106 044100;21522;21522.75;21519.75;21520.75;40
20250106 044200;21521;21522.25;21520.75;21521.5;14
20250106 044300;21521.75;21522;21520.5;21520.5;10
20250106 044400;21520.75;21521.5;21519.75;21520.25;23
20250106 044500;21521;21522.5;21520.75;21522.5;11
20250106 044600;21522.5;21522.75;21521.5;21521.75;19
20250106 044700;21522.75;21523.25;21520.5;21521;26
20250106 044800;21521.5;21521.5;21518.5;21519.75;29
20250106 044900;21519.5;21520.75;21519.25;21520.25;19
20250106 045000;21519.25;21519.75;21519.25;21519.75;3
20250106 045100;21519.25;21520.5;21518.25;21518.5;20
20250106 045200;21519;21519.25;21516.5;21518.75;53
20250106 045300;21518.75;21520;21518.75;21519;16
20250106 045400;21519.25;21519.25;21518.25;21518.75;6
20250106 045500;21518.25;21519;21517.25;21519;15
20250106 045600;21519.5;21520;21519;21519;12
20250106 045700;21519.75;21521;21519.5;21520;14
20250106 045800;21520;21522.5;21520;21522.5;39
20250106 045900;21522.5;21524;21522.25;21523.25;41
20250106 050000;21523;21523.5;21522.5;21523;18
20250106 050100;21523.25;21525.75;21520.5;21524.75;76
20250106 050200;21525.25;21525.5;21523;21525;39
20250106 050300;21525.25;21526;21522.75;21524.25;39
20250106 050400;21523;21523;21521.5;21522.25;19
20250106 050500;21521.5;21523;21521.5;21521.5;19
20250106 050600;21521.75;21522.75;21521;21522;23
20250106 050700;21522;21525;21522;21525;44
20250106 050800;21524.5;21526.75;21524.25;21525.75;37
20250106 050900;21526.5;21526.5;21524.5;21526.25;17
20250106 051000;21526;21526.75;21526;21526.75;12
20250106 051100;21526.25;21527.5;21524.25;21526;86
20250106 051200;21525.25;21525.5;21524.5;21525.5;18
20250106 051300;21525.75;21526.5;21524.25;21525.75;18
20250106 051400;21525.25;21527.25;21524.75;21526.25;31
20250106 051500;21526.25;21527;21525.75;21526.5;19
20250106 051600;21527;21527.75;21525.5;21527.75;34
20250106 051700;21527.25;21527.25;21524.75;21527.25;20
20250106 051800;21526.75;21527.5;21525.25;21526;27
20250106 051900;21526.5;21526.5;21525.75;21525.75;7
20250106 052000;21526;21526;21522;21523;70
20250106 052100;21523.25;21527.75;21523;21527.75;83
20250106 052200;21527;21534.25;21527;21534;151
20250106 052300;21533.5;21534;21532;21534;56
20250106 052400;21533.75;21537.25;21533;21534.5;79
20250106 052500;21535;21540;21535;21539;176
20250106 052600;21539;21541;21539;21540.5;93
20250106 052700;21540.25;21540.5;21537.5;21538.5;41
20250106 052800;21538.25;21539.5;21536.25;21538.5;67
20250106 052900;21538.25;21540;21537.75;21539.5;34
20250106 053000;21539.75;21540.5;21539;21539.75;30
20250106 053100;21540.75;21542.25;21539.75;21541.5;54
20250106 053200;21541.25;21551.75;21540.5;21550.75;311
20250106 053300;21551.25;21551.25;21546.5;21548.75;75
20250106 053400;21548.5;21549.75;21546.25;21549.75;59
20250106 053500;21548.5;21550.75;21548.5;21549.75;29
20250106 053600;21550.5;21550.75;21548.5;21550;56
20250106 053700;21549.75;21550.25;21547.75;21547.75;30
20250106 053800;21547.75;21547.75;21546;21546.5;24
20250106 053900;21546;21546.75;21545.5;21546.5;28
20250106 054000;21547;21547;21546;21546.75;19
20250106 054100;21546.5;21547.75;21545;21546.75;52
20250106 054200;21546.5;21547.25;21546.5;21547.25;9
20250106 054300;21546.75;21547.25;21543;21543.75;71
20250106 054400;21542.75;21544;21541.75;21542.25;38
20250106 054500;21542.75;21543.5;21541.5;21542.25;30
20250106 054600;21541.75;21541.75;21534.5;21537.5;244
20250106 054700;21537;21538.75;21536.75;21538;29
20250106 054800;21538.5;21540.25;21536.25;21536.75;46
20250106 054900;21536.25;21537.75;21535.75;21537.75;35
20250106 055000;21537;21539.5;21536.5;21538.5;66
20250106 055100;21538.25;21540.75;21538.25;21538.5;46
20250106 055200;21538.25;21541.75;21535.5;21541.25;133
20250106 055300;21540.75;21541;21538.25;21538.75;119
20250106 055400;21538.5;21540.5;21538.5;21540.5;26
20250106 055500;21540.75;21542;21540.75;21541.25;55
20250106 055600;21540.5;21542.5;21539.5;21542.5;33
20250106 055700;21542.25;21542.25;21541.25;21541.25;11
20250106 055800;21541.5;21541.5;21538.75;21539;23
20250106 055900;21539;21539.25;21538;21539;29
20250106 060000;21539.75;21540;21539;21539;11
20250106 060100;21539.5;21544.5;21538;21539.75;113
20250106 060200;21540.25;21540.75;21537.5;21537.75;42
20250106 060300;21537.75;21539.25;21537.75;21538.75;17
20250106 060400;21538.5;21539;21537.5;21538.75;14
20250106 060500;21538.25;21539.25;21538.25;21538.5;9
20250106 060600;21538.25;21539;21537.25;21537.25;16
20250106 060700;21537.75;21538.75;21536.25;21537.25;41
20250106 060800;21537;21537;21532;21532.25;100
20250106 060900;21533;21534.25;21531.75;21533;75
20250106 061000;21533;21534;21531;21532.75;85
20250106 061100;21531;21532.5;21530;21531.75;65
20250106 061200;21532;21533.5;21531.25;21532.5;30
20250106 061300;21532.5;21534.75;21532.25;21534.5;41
20250106 061400;21535;21537.25;21534.75;21537;47
20250106 061500;21536.25;21537.25;21535.25;21535.75;59
20250106 061600;21535.75;21537.25;21534.75;21534.75;38
20250106 061700;21534.25;21536.25;21533;21534;47
20250106 061800;21533.75;21536.75;21533.5;21536.75;19
20250106 061900;21536.5;21538.25;21536.25;21537;45
20250106 062000;21536.25;21537.5;21535.75;21536.75;21
20250106 062100;21536.25;21538.25;21536.25;21537.25;28
20250106 062200;21536.75;21537;21535.5;21536.5;29
20250106 062300;21537;21537.75;21535.75;21537;18
20250106 062400;21536.75;21536.75;21536;21536;7
20250106 062500;21536;21542.25;21536;21541.75;77
20250106 062600;21541.25;21542.75;21539.25;21540.75;83
20250106 062700;21541.25;21541.25;21538.75;21540;30
20250106 062800;21540;21540.25;21538.75;21539.75;26
20250106 062900;21540;21540;21538.5;21539;15
20250106 063000;21539.75;21541.5;21538;21538.5;88
20250106 063100;21538.25;21541.5;21536.5;21541.5;79
20250106 063200;21541.5;21543.5;21541.5;21542.5;96
20250106 063300;21542.5;21546.25;21542.25;21545.5;80
20250106 063400;21545.5;21547.75;21545;21547.75;58
20250106 063500;21547.25;21549.25;21546.75;21546.75;81
20250106 063600;21547;21547;21545.75;21546.25;32
20250106 063700;21546.5;21547.25;21545.75;21546.75;25
20250106 063800;21546.75;21553.5;21546.75;21552.25;113
20250106 063900;21551.5;21553.25;21551.25;21553;46
20250106 064000;21552.75;21553.25;21547.75;21549.5;63
20250106 064100;21549.25;21551.25;21549.25;21550.25;58
20250106 064200;21550;21551;21548.5;21550;35
20250106 064300;21549.75;21551.25;21549.25;21549.75;25
20250106 064400;21548.75;21551;21547.75;21549.75;34
20250106 064500;21550.75;21551.25;21546.75;21547;71
20250106 064600;21546.25;21554.75;21545.75;21552.75;151
20250106 064700;21553.25;21555.5;21552.25;21555.25;78
20250106 064800;21554.75;21555.5;21552.25;21552.75;42
20250106 064900;21552.75;21554.25;21551;21552;54
20250106 065000;21552;21552.5;21550;21550.25;51
20250106 065100;21551;21552;21547.75;21549.5;39
20250106 065200;21549.5;21549.5;21545;21547.5;68
20250106 065300;21547.5;21549.75;21547.25;21549.75;45
20250106 065400;21549.5;21552;21549.5;21551.5;42
20250106 065500;21551;21552.75;21550;21550.25;30
20250106 065600;21550;21551;21549.25;21550;16
20250106 065700;21549.5;21552;21549.25;21551.25;29
20250106 065800;21551.5;21552;21550;21552;19
20250106 065900;21552.75;21552.75;21550.75;21550.75;26
20250106 070000;21551;21551;21549.25;21549.25;24
20250106 070100;21549;21552.75;21546;21551.75;92
20250106 070200;21552.75;21553.75;21550.5;21552.25;55
20250106 070300;21552.25;21552.25;21547.75;21547.75;33
20250106 070400;21547.75;21549.75;21545.5;21549.75;72
20250106 070500;21549.5;21550.25;21547.25;21550.25;31
20250106 070600;21550.25;21550.25;21545.75;21547.5;101
20250106 070700;21545.5;21546;21542.75;21545.5;99
20250106 070800;21543;21544.5;21540.25;21542.75;124
20250106 070900;21543.25;21550;21543;21546.5;81
20250106 071000;21546.5;21550;21544.75;21549.25;66
20250106 071100;21549.5;21555;21549.5;21553.75;78
20250106 071200;21553.75;21556.5;21553.25;21554.25;84
20250106 071300;21554.25;21556.25;21552.25;21555.75;73
20250106 071400;21556;21562.5;21554.75;21559.25;341
20250106 071500;21558.75;21561;21556.25;21561;155
20250106 071600;21560.75;21561.5;21559.25;21560;41
20250106 071700;21560.25;21560.5;21556;21559.5;126
20250106 071800;21559.75;21561.5;21557.75;21558.75;116
20250106 071900;21558.5;21558.5;21556.75;21558;40
20250106 072000;21557.75;21558.25;21556;21557.75;56
20250106 072100;21557.5;21558.5;21556.25;21557;42
20250106 072200;21557.25;21560.25;21555.5;21555.5;59
20250106 072300;21556.25;21559.5;21556;21558.25;63
20250106 072400;21558;21558.25;21555.5;21558.25;73
20250106 072500;21558.25;21560.5;21558.25;21558.75;53
20250106 072600;21559.5;21560.5;21558.25;21559;25
20250106 072700;21559.25;21560.5;21558.75;21559.75;22
20250106 072800;21559.5;21563;21559.5;21560.5;97
20250106 072900;21561;21564.75;21561;21563.25;158
20250106 073000;21564;21569.25;21562.5;21566.25;553
20250106 073100;21566.25;21571.25;21566.25;21568.75;121
20250106 073200;21568.25;21568.25;21564.25;21566;85
20250106 073300;21565;21567.5;21565;21567.5;105
20250106 073400;21567.5;21570.25;21567.5;21568.5;48
20250106 073500;21569.25;21574.75;21568;21574.5;76
20250106 073600;21573.75;21577;21572;21574.25;177
20250106 073700;21573.75;21575.5;21572.75;21575.5;50
20250106 073800;21575.5;21575.5;21570.75;21572.75;74
20250106 073900;21572;21573;21570.5;21570.75;58
20250106 074000;21570.75;21570.75;21566;21569.25;163
20250106 074100;21569.75;21570;21567;21568.75;68
20250106 074200;21568.25;21572;21567.75;21570;85
20250106 074300;21569.75;21569.75;21568.25;21569.25;24
20250106 074400;21569.25;21573;21568.75;21571.5;43
20250106 074500;21571.5;21574;21570.75;21573.5;42
20250106 074600;21573;21574.5;21570.5;21571;77
20250106 074700;21571.25;21572.75;21569.75;21571.75;53
20250106 074800;21571.5;21573.75;21571.5;21573.75;44
20250106 074900;21572.75;21573.25;21571.75;21573.25;25
20250106 075000;21573.5;21575.5;21572;21572.75;66
20250106 075100;21572.75;21572.75;21567.25;21568;75
20250106 075200;21568.5;21570.25;21566.75;21569.75;47
20250106 075300;21570.75;21571;21569.25;21570;27
20250106 075400;21570;21570.25;21568.5;21568.5;21
20250106 075500;21568.75;21570.25;21566.25;21568.75;84
20250106 075600;21568;21569.25;21565.25;21565.25;35
20250106 075700;21565.25;21569.5;21564.25;21568.5;76
20250106 075800;21568.25;21568.25;21566;21567.25;37
20250106 075900;21567;21568;21566.75;21567.25;20
20250106 080000;21567.75;21569.5;21564.25;21565.25;64
20250106 080100;21565.25;21569.5;21564.75;21565.25;243
20250106 080200;21565.25;21570;21564.5;21569.25;106
20250106 080300;21569;21570.75;21565;21565.5;112
20250106 080400;21565.75;21567.75;21565.75;21567.75;49
20250106 080500;21569;21579.5;21568.5;21578.75;274
20250106 080600;21579.5;21584.5;21577;21577.75;304
20250106 080700;21577.75;21580.5;21575;21577.25;126
20250106 080800;21577.5;21580.75;21575.5;21576.25;110
20250106 080900;21577.5;21584;21577.5;21582;138
20250106 081000;21581.5;21587;21581.5;21586.25;136
20250106 081100;21586;21590;21583.75;21589.5;243
20250106 081200;21590;21592.75;21588.5;21591.25;153
20250106 081300;21591.5;21593;21587.25;21589.25;150
20250106 081400;21589.25;21592;21588.5;21591.75;92
20250106 081500;21592.5;21594.75;21589;21594;129
20250106 081600;21594.25;21594.75;21589.75;21594.25;141
20250106 081700;21594;21594;21586.5;21588;164
20250106 081800;21587.25;21589;21585.25;21586.25;137
20250106 081900;21586;21588.25;21578;21578.25;181
20250106 082000;21578.75;21578.75;21572.5;21574.75;194
20250106 082100;21575;21577.75;21573.5;21574.5;94
20250106 082200;21574;21577.75;21574;21577.5;175
20250106 082300;21577.75;21583.5;21577;21583;145
20250106 082400;21584;21585;21580.75;21581;141
20250106 082500;21580;21580.5;21575.25;21575.75;104
20250106 082600;21576.25;21578.5;21566.5;21566.75;178
20250106 082700;21567.25;21569;21564.75;21567.5;161
20250106 082800;21567.75;21575.5;21566.75;21573.25;180
20250106 082900;21573.75;21576.75;21572.25;21574;94
20250106 083000;21574.25;21576.25;21572.5;21575.75;61
20250106 083100;21575.5;21578.5;21572.5;21578.5;114
20250106 083200;21578.5;21584;21578;21582.25;163
20250106 083300;21583;21586.5;21581.5;21586;193
20250106 083400;21586;21588.75;21582.75;21587;161
20250106 083500;21586.5;21587.75;21583.25;21587;97
20250106 083600;21587.25;21591;21584;21584.75;114
20250106 083700;21585;21588.25;21582.75;21586.25;81
20250106 083800;21586.5;21588.5;21583.75;21588.5;76
20250106 083900;21587.5;21594.5;21587;21592.5;196
20250106 084000;21592.5;21594;21590.25;21591.75;80
20250106 084100;21592.5;21594;21591;21591.25;66
20250106 084200;21591.75;21596;21591.75;21593.5;122
20250106 084300;21593.5;21595.25;21591.75;21592.5;55
20250106 084400;21593.25;21596.5;21591;21595.5;82
20250106 084500;21596;21598.5;21594.25;21597.75;143
20250106 084600;21598;21605;21596.25;21604.25;262
20250106 084700;21603.75;21607.25;21602.5;21606.5;166
20250106 084800;21606.5;21614;21606.5;21613.5;256
20250106 084900;21613.25;21616.75;21611.25;21615;167
20250106 085000;21614.5;21617.5;21611.75;21612.25;177
20250106 085100;21613;21620;21612.5;21615.75;221
20250106 085200;21616.75;21619.25;21616;21618;147
20250106 085300;21618;21618.25;21613.25;21613.75;103
20250106 085400;21614;21616;21610;21610.75;101
20250106 085500;21611;21614.75;21610.25;21614.5;93
20250106 085600;21614.5;21618.25;21614.5;21616.75;93
20250106 085700;21617.25;21622;21616.5;21622;129
20250106 085800;21621.5;21625;21618.75;21622.75;171
20250106 085900;21623.25;21623.25;21619.5;21620.25;82
20250106 090000;21621;21621.5;21617.25;21618.75;46
20250106 090100;21617.75;21626.25;21616.5;21626.25;306
20250106 090200;21626.25;21630.5;21624.5;21629.5;190
20250106 090300;21629.75;21640.5;21629.75;21632.75;449
20250106 090400;21633;21635;21625;21627.75;234
20250106 090500;21628.5;21630;21625;21628.25;143
20250106 090600;21627.75;21628.25;21624.75;21626;93
20250106 090700;21626.5;21628.25;21622.5;21627;101
20250106 090800;21627.5;21632;21623.75;21626.5;141
20250106 090900;21627;21633;21627;21633;133
20250106 091000;21633;21635.75;21630.75;21635;146
20250106 091100;21635.5;21638.75;21633.75;21638.75;158
20250106 091200;21637.5;21641.75;21636.75;21639.25;87
20250106 091300;21639.5;21644;21639.5;21642.5;157
20250106 091400;21641.75;21646.25;21641;21644.75;169
20250106 091500;21645.25;21646.75;21638;21640.25;261
20250106 091600;21640;21640.5;21634;21638.75;151
20250106 091700;21638;21640.25;21636.5;21638.5;98
20250106 091800;21638.5;21642.5;21636;21637;140
20250106 091900;21636;21639.75;21635.75;21639.25;133
20250106 092000;21639.25;21639.75;21637.75;21638.5;65
20250106 092100;21638.5;21639.5;21634.5;21639.5;75
20250106 092200;21639.5;21645.75;21639.5;21645.5;149
20250106 092300;21645.5;21652.5;21644.25;21646;513
20250106 092400;21645.25;21648.25;21643;21647.75;123
20250106 092500;21648;21654;21648;21650.75;185
20250106 092600;21651;21652;21644.75;21644.75;202
20250106 092700;21644.75;21649.75;21644;21648;130
20250106 092800;21649;21649.5;21643.25;21644.75;88
20250106 092900;21645.25;21647.5;21639.75;21639.75;162
20250106 093000;21639.75;21645.5;21638.75;21642.5;111
20250106 093100;21643.5;21646.25;21636;21639.25;226
20250106 093200;21639;21642.5;21638.5;21642.5;88
20250106 093300;21643.25;21649;21643.25;21648.5;97
20250106 093400;21648.25;21650.25;21647.25;21650.25;81
20250106 093500;21650.5;21651.5;21647.5;21649;68
20250106 093600;21648.75;21650.75;21648;21648.25;49
20250106 093700;21648;21648.25;21643;21644;69
20250106 093800;21644.25;21650.25;21642.25;21646.75;258
20250106 093900;21647;21647;21642;21642.5;64
20250106 094000;21642;21642;21634.75;21636;194
20250106 094100;21636.75;21640.25;21636.5;21637.5;122
20250106 094200;21637.5;21639.5;21637;21638.5;30
20250106 094300;21638;21643.5;21637.75;21643.5;87
20250106 094400;21643;21644.75;21642.75;21643.75;74
20250106 094500;21643.25;21647.5;21643.25;21645.75;45
20250106 094600;21645.75;21650;21644.75;21649.75;46
20250106 094700;21649.75;21653.5;21649;21651.5;140
20250106 094800;21651.25;21655.25;21650.75;21654.5;161
20250106 094900;21653.5;21656.75;21652.5;21653.25;136
20250106 095000;21652.25;21659;21652.25;21658;88
20250106 095100;21658.25;21658.5;21656.25;21656.25;74
20250106 095200;21656.25;21659.5;21656;21657.25;87
20250106 095300;21657.25;21660.25;21656.75;21660.25;86
20250106 095400;21659.75;21661.25;21658.75;21660.5;103
20250106 095500;21661.25;21665.75;21660;21660.25;259
20250106 095600;21660;21663;21659.75;21662.5;119
20250106 095700;21663;21664;21659.25;21659.75;175
20250106 095800;21660;21663.25;21659.75;21663;49
20250106 095900;21663;21673;21662.5;21667.5;337
20250106 100000;21667.75;21670.5;21667.25;21669.5;133
20250106 100100;21669;21672.5;21665.25;21667.5;223
20250106 100200;21667.75;21667.75;21661.5;21661.5;126
20250106 100300;21662;21662;21655.5;21658.25;263
20250106 100400;21658;21659;21655;21659;89
20250106 100500;21658.75;21660.5;21656.25;21658.75;111
20250106 100600;21659;21665;21658.5;21663.75;209
20250106 100700;21664.25;21667;21662;21663.25;162
20250106 100800;21664;21670.75;21663.5;21667.75;156
20250106 100900;21667.75;21672.25;21667;21671.5;101
20250106 101000;21671.75;21672.5;21669.75;21671.5;120
20250106 101100;21671.5;21672;21665;21666.75;113
20250106 101200;21667.25;21680.5;21667.25;21675.75;470
20250106 101300;21676.25;21679.75;21674.75;21679.5;159
20250106 101400;21679;21681.25;21676.75;21680.25;113
20250106 101500;21680.25;21683.5;21676.5;21677.5;174
20250106 101600;21677.25;21677.25;21673.5;21675.25;120
20250106 101700;21675.75;21681.25;21675.5;21678.75;97
20250106 101800;21679;21682.75;21676.5;21680;133
20250106 101900;21681.25;21684.75;21681;21684.5;134
20250106 102000;21683.25;21690.75;21682.5;21688.25;195
20250106 102100;21688.25;21688.5;21680.25;21682.75;174
20250106 102200;21683.75;21690.5;21683;21689.5;197
20250106 102300;21690;21692.25;21688.25;21689.5;167
20250106 102400;21688.75;21688.75;21684.75;21688;100
20250106 102500;21688.5;21693.25;21686.75;21689.5;189
20250106 102600;21689.75;21690.25;21685;21685.5;66
20250106 102700;21685.75;21685.75;21676.5;21678.5;201
20250106 102800;21679.25;21680;21677;21678.25;54
20250106 102900;21678.75;21683.25;21678.75;21682.5;112
20250106 103000;21682.75;21684;21679.5;21679.5;37
20250106 103100;21680;21680.25;21669;21669;205
20250106 103200;21669;21676.25;21668;21674.25;199
20250106 103300;21674.5;21678.25;21673.25;21674;151
20250106 103400;21674;21675.5;21666.5;21668.25;130
20250106 103500;21668.5;21674.5;21668.5;21674;90
20250106 103600;21673.75;21676.5;21667.25;21668.25;164
20250106 103700;21668.75;21671;21667.25;21671;101
20250106 103800;21670.75;21679.75;21670.5;21679.75;178
20250106 103900;21679.5;21681.25;21678;21678;45
20250106 104000;21677.5;21678;21674.75;21676.25;83
20250106 104100;21676.5;21683;21674.75;21682.5;96
20250106 104200;21683;21683.75;21680;21681;66
20250106 104300;21681.75;21682.75;21678.75;21679.5;62
20250106 104400;21680;21682;21679.25;21680.75;72
20250106 104500;21681.5;21681.5;21672.75;21674;139
20250106 104600;21674.5;21675.75;21667.75;21672;165
20250106 104700;21671.5;21671.75;21666.75;21667.25;89
20250106 104800;21667.5;21670.25;21660.75;21661.5;164
20250106 104900;21662.75;21673;21662.5;21673;116
20250106 105000;21673;21676.75;21671.75;21675.25;77
20250106 105100;21675.5;21676.75;21669.75;21669.75;132
20250106 105200;21669.75;21675;21668;21673.25;110
20250106 105300;21672.5;21673;21664;21667.5;111
20250106 105400;21667.75;21670.75;21664.25;21670.5;68
20250106 105500;21670;21670.25;21665.75;21668.5;96
20250106 105600;21668.5;21670;21667.5;21667.75;52
20250106 105700;21667.75;21668.25;21664.25;21665;50
20250106 105800;21664;21667.25;21663.75;21663.75;54
20250106 105900;21664;21664.25;21659.5;21664.25;111
20250106 110000;21664.75;21671.75;21664.75;21671;106
20250106 110100;21670.25;21672;21665.5;21667;177
20250106 110200;21668;21670;21662;21663.25;155
20250106 110300;21663.25;21665.5;21642;21657;1636
20250106 110400;21656;21667.5;21651;21661.25;418
20250106 110500;21661.75;21667;21660;21664.25;160
20250106 110600;21664.25;21678.25;21664.25;21677.25;271
20250106 110700;21677;21681;21674;21676.75;166
20250106 110800;21677;21684.25;21675.75;21677.25;298
20250106 110900;21677;21678.25;21673.5;21676.75;132
20250106 111000;21677.5;21687.5;21676.75;21686.25;186
20250106 111100;21687.25;21695.75;21683.5;21690;491
20250106 111200;21689.25;21689.75;21686;21689.25;117
20250106 111300;21689.5;21691.25;21679.5;21680;287
20250106 111400;21680;21688.75;21676.75;21688.25;227
20250106 111500;21688;21696.75;21687.75;21690;369
20250106 111600;21689.5;21698.75;21689.25;21697.5;322
20250106 111700;21697.5;21699.75;21687.5;21690.75;260
20250106 111800;21691.75;21696;21687.5;21692;270
20250106 111900;21691.25;21695.5;21688.75;21693.25;310
20250106 112000;21692.5;21699.75;21692;21699.25;150
20250106 112100;21699;21701.25;21695;21696.25;261
20250106 112200;21697;21700;21696.75;21699.25;205
20250106 112300;21699.75;21703.5;21698;21702;243
20250106 112400;21701.75;21703.75;21697.25;21699.5;247
20250106 112500;21699.25;21706.75;21698;21705.75;342
20250106 112600;21705.5;21715.25;21705;21708.75;529
20250106 112700;21709.5;21724.25;21709;21724;481
20250106 112800;21723.5;21727;21720.5;21724.25;287
20250106 112900;21724;21727;21720.75;21724.25;283
20250106 113000;21725;21727;21717.5;21724.25;441
20250106 113100;21724.5;21737.25;21722.75;21732.75;569
20250106 113200;21733.25;21736;21729.75;21732;288
20250106 113300;21732.75;21736.25;21725;21726.5;271
20250106 113400;21726.25;21730;21725;21725.75;157
20250106 113500;21726.5;21727.5;21718.5;21726.75;257
20250106 113600;21725.75;21726.25;21721.25;21723.25;122
20250106 113700;21724.25;21730;21724.25;21728.5;169
20250106 113800;21727.25;21738.75;21726;21738.75;308
20250106 113900;21738.75;21745;21732.75;21742;484
20250106 114000;21741.5;21742.5;21736;21738.75;200
20250106 114100;21738.5;21740.5;21732.25;21735.5;184
20250106 114200;21735;21736.25;21729;21729.75;233
20250106 114300;21730.5;21734.25;21729;21731.5;405
20250106 114400;21730;21733.25;21726.5;21726.75;153
20250106 114500;21726.25;21728.75;21724.25;21726.25;135
20250106 114600;21727.25;21732;21725.5;21727;213
20250106 114700;21728.5;21732.5;21726;21726.75;126
20250106 114800;21727.5;21731.75;21727;21728.75;143
20250106 114900;21729.25;21729.25;21714.5;21716.75;373
20250106 115000;21716;21720.5;21713;21716.75;176
20250106 115100;21716.5;21718;21710.75;21711.75;281
20250106 115200;21711.75;21713.25;21708.75;21713.25;253
20250106 115300;21713;21724.25;21710.5;21722.25;257
20250106 115400;21722;21722;21717.25;21718.25;94
20250106 115500;21718.25;21731.25;21718;21730;290
20250106 115600;21729.25;21732.75;21727;21727.75;190
20250106 115700;21727.75;21728.25;21723.5;21725.75;141
20250106 115800;21725;21726.5;21722;21724;176
20250106 115900;21723.25;21727;21720;21724.5;146
20250106 120000;21724.5;21732;21722;21730;189
20250106 120100;21730.25;21736.5;21725.5;21735;356
20250106 120200;21735.5;21736.5;21726;21730.25;194
20250106 120300;21730.25;21736;21730.25;21735;135
20250106 120400;21734.75;21735;21726.75;21731.5;140
20250106 120500;21731;21732.25;21729.5;21732.25;68
20250106 120600;21731.75;21731.75;21724.25;21730;198
20250106 120700;21730.5;21737.5;21730.5;21733.5;236
20250106 120800;21733.5;21734.5;21728.5;21729.75;152
20250106 120900;21729.5;21730.5;21721.25;21723.5;116
20250106 121000;21722.5;21725.25;21721.75;21724.25;138
20250106 121100;21725;21727;21718;21718.75;203
20250106 121200;21719;21723.25;21716.25;21718.75;235
20250106 121300;21719.5;21722;21713.25;21713.25;199
20250106 121400;21714;21724.25;21711;21723;266
20250106 121500;21723.75;21726.5;21721.75;21725.25;175
20250106 121600;21726;21730;21723.75;21729.5;159
20250106 121700;21729.5;21731.5;21719.75;21722.25;248
20250106 121800;21722.5;21723.75;21720;21722.25;121
20250106 121900;21722.5;21723.5;21712.75;21713.75;179
20250106 122000;21714.25;21721.5;21713.25;21720.75;104
20250106 122100;21720.5;21725.25;21720;21723;141
20250106 122200;21723.25;21725.25;21717;21718;177
20250106 122300;21719.75;21725.75;21715.5;21725;125
20250106 122400;21724.75;21726.5;21721.75;21725.25;112
20250106 122500;21724.25;21731.5;21723.75;21729.5;155
20250106 122600;21729.75;21731.5;21726.25;21729.25;130
20250106 122700;21729.25;21738;21728.25;21733;372
20250106 122800;21733.25;21734.75;21724.5;21726.5;157
20250106 122900;21726;21729.75;21725;21729.5;147
20250106 123000;21730;21731;21726.75;21728.75;119
20250106 123100;21728.75;21734;21725.75;21733.25;153
20250106 123200;21733;21733.75;21728.75;21730;90
20250106 123300;21729;21730.5;21721;21722.25;124
20250106 123400;21721.25;21728.75;21719.5;21723.5;148
20250106 123500;21723.75;21725;21720;21720;174
20250106 123600;21719.75;21723.75;21714.5;21721.5;294
20250106 123700;21721.75;21723;21718.75;21720.5;89
20250106 123800;21720.75;21726.5;21720.5;21725.5;176
20250106 123900;21725;21726.5;21721.25;21726.5;107
20250106 124000;21726.25;21730.25;21725.75;21728.25;139
20250106 124100;21728;21728;21723.25;21725.5;102
20250106 124200;21726;21727.75;21721.25;21725.5;237
20250106 124300;21725.25;21727.75;21724.25;21725;87
20250106 124400;21725;21730.25;21724.75;21729.5;88
20250106 124500;21729;21732;21727;21729.75;155
20250106 124600;21730.75;21735.25;21730.25;21734.25;252
20250106 124700;21734.75;21747.25;21734.5;21746.75;481
20250106 124800;21746.25;21757.75;21746;21754;694
20250106 124900;21753.75;21760.5;21746.25;21752.25;516
20250106 125000;21751.5;21757.25;21750;21753.5;383
20250106 125100;21753.5;21754;21749.5;21750.25;147
20250106 125200;21750.75;21754.75;21750;21753.5;170
20250106 125300;21753.25;21753.75;21748;21749.75;139
20250106 125400;21749;21749;21740.5;21740.75;242
20250106 125500;21741.75;21743.75;21737.75;21743.25;230
20250106 125600;21743.5;21744.75;21733.75;21737;249
20250106 125700;21737.75;21739;21732.5;21734;161
20250106 125800;21735;21739.75;21734.5;21738.25;177
20250106 125900;21738.25;21738.25;21731;21734;171
20250106 130000;21733.75;21737.75;21732.75;21735.25;175
20250106 130100;21735;21740.25;21731;21734.75;329
20250106 130200;21735;21736.5;21726.25;21730;277
20250106 130300;21729.75;21733.5;21729.75;21732.25;103
20250106 130400;21732.75;21736.5;21732;21734.25;124
20250106 130500;21736;21740.5;21735.5;21738.25;120
20250106 130600;21738;21738.75;21733;21733;120
20250106 130700;21733.5;21735.75;21729.25;21733;133
20250106 130800;21733.25;21737.75;21731.5;21737.75;110
20250106 130900;21736.75;21737.25;21734.25;21736.25;99
20250106 131000;21735.5;21737.5;21733.75;21733.75;81
20250106 131100;21734.25;21735.5;21730.25;21734.75;144
20250106 131200;21735;21735.75;21728;21728.75;158
20250106 131300;21729.5;21730;21723.5;21725.75;248
20250106 131400;21725.75;21727.25;21721.25;21724.5;142
20250106 131500;21725.25;21726.25;21723.75;21725.25;71
20250106 131600;21724.75;21725.25;21719.5;21723.5;221
20250106 131700;21723.5;21724.75;21718.5;21723.75;203
20250106 131800;21723.75;21725.25;21720.5;21721.75;117
20250106 131900;21722;21724.75;21719;21723.25;195
20250106 132000;21723.5;21728.75;21723.5;21725;161
20250106 132100;21725.5;21728.5;21722;21723.5;147
20250106 132200;21724;21727.25;21720.5;21722.5;109
20250106 132300;21722.25;21722.5;21717;21722.25;222
20250106 132400;21722.75;21728.5;21722.25;21727.75;181
20250106 132500;21728;21732.25;21727;21731.25;253
20250106 132600;21730.5;21731.25;21725.5;21728;220
20250106 132700;21728;21731;21727;21729.5;60
20250106 132800;21729.75;21734.25;21728.25;21732;166
20250106 132900;21732.25;21736.25;21731.25;21735.5;187
20250106 133000;21736.25;21742;21733;21741.5;412
20250106 133100;21742;21748;21738.75;21739.5;604
20250106 133200;21739.5;21740;21728.25;21728.25;329
20250106 133300;21728.5;21735.5;21728.25;21733.5;162
20250106 133400;21734;21737.75;21734;21737.25;165
20250106 133500;21737.25;21737.5;21729;21732.25;200
20250106 133600;21731.75;21734.75;21730.25;21733.75;81
20250106 133700;21734;21741;21733.25;21737.75;275
20250106 133800;21736.75;21738;21730.5;21730.5;119
20250106 133900;21731;21735.25;21731;21732.75;118
20250106 134000;21733;21733;21722.75;21724.25;334
20250106 134100;21724.75;21727;21721;21724;234
20250106 134200;21724.25;21724.75;21714.75;21716.75;306
20250106 134300;21717;21719.5;21710.75;21714.75;342
20250106 134400;21714.5;21716.25;21707;21713;668
20250106 134500;21713;21726;21712.25;21723.5;498
20250106 134600;21723.25;21729.75;21723.25;21725.25;247
20250106 134700;21726.25;21726.5;21718.75;21720.25;320
20250106 134800;21721;21735.5;21719.5;21734.5;443
20250106 134900;21734;21737;21733;21735;200
20250106 135000;21735.5;21737;21733;21734;160
20250106 135100;21734.25;21735.25;21731.75;21734.75;159
20250106 135200;21735;21741.25;21732;21740.25;394
20250106 135300;21740.5;21749.5;21739;21746;611
20250106 135400;21746;21750;21744.75;21748.5;444
20250106 135500;21748;21751;21746;21749.5;364
20250106 135600;21749.25;21751.25;21747.5;21748;165
20250106 135700;21747;21750;21743.75;21748.5;288
20250106 135800;21747.5;21748.75;21743;21743.75;255
20250106 135900;21744;21744.5;21737.5;21741.25;383
20250106 140000;21741.25;21749.5;21741.25;21749.5;202
20250106 140100;21749.5;21752.5;21745.25;21749.25;384
20250106 140200;21748.75;21751.5;21744.25;21751.5;336
20250106 140300;21751.75;21756;21749;21752;287
20250106 140400;21752.25;21754.5;21743.5;21745;373
20250106 140500;21745;21746.25;21734.5;21737.75;681
20250106 140600;21738;21738.25;21727.5;21733.5;645
20250106 140700;21733.25;21735.5;21730.25;21732.5;432
20250106 140800;21732.25;21734.75;21726.5;21734.25;405
20250106 140900;21733.75;21736.75;21732;21733;570
20250106 141000;21734;21734.25;21730.5;21733.5;184
20250106 141100;21733.75;21736.25;21732.5;21732.5;633
20250106 141200;21732.25;21746.5;21731.5;21742.25;999
20250106 141300;21742;21742;21732.75;21736.5;237
20250106 141400;21736.75;21736.75;21730.5;21734.75;159
20250106 141500;21735.25;21742;21733;21741;172
20250106 141600;21741;21741.5;21665;21684;4100
20250106 141700;21683.25;21699.5;21641.75;21671.75;3596
20250106 141800;21672;21706.75;21671.75;21700.75;1681
20250106 141900;21701;21701.75;21663.5;21674;1615
20250106 142000;21672.75;21690.5;21670;21677;1115
20250106 142100;21675.5;21683.75;21667;21682;1119
20250106 142200;21680.75;21693;21673.75;21689.25;1462
20250106 142300;21689.75;21701.5;21681.25;21693.5;955
20250106 142400;21693;21699.5;21690.5;21697.75;349
20250106 142500;21696;21697.25;21681;21687.5;637
20250106 142600;21688;21714.75;21686.25;21709.25;1241
20250106 142700;21708.5;21712;21694.75;21695.25;627
20250106 142800;21695.5;21718.75;21695;21717;831
20250106 142900;21716.75;21728.75;21712.5;21726.5;1338
20250106 143000;21726.25;21736;21724;21732.5;1302
20250106 143100;21732.75;21769.5;21723.5;21755.5;5214
20250106 143200;21754.5;21768;21733.5;21735;3276
20250106 143300;21735;21773.5;21732.5;21744;3111
20250106 143400;21743.75;21784.25;21738.5;21769.25;2762
20250106 143500;21769.25;21785.5;21762.25;21779.5;2075
20250106 143600;21779.75;21793.75;21759;21762.5;2789
20250106 143700;21762.25;21781;21756.25;21778;1734
20250106 143800;21778.25;21800.5;21756.75;21783.25;2328
20250106 143900;21782.75;21789.75;21768;21780.25;1659
20250106 144000;21779.75;21783;21766.5;21772.5;1318
20250106 144100;21773.5;21808;21773.5;21796.75;2596
20250106 144200;21796.25;21812.5;21791;21811.25;2357
20250106 144300;21811;21817;21798.75;21807.75;1785
20250106 144400;21807.75;21826.75;21801.25;21808;2150
20250106 144500;21808;21814;21766.75;21785.75;2803
20250106 144600;21791.75;21820.5;21786;21814.25;2480
20250106 144700;21813;21837;21812.75;21824;3162
20250106 144800;21824.75;21827.75;21806.5;21819.75;1517
20250106 144900;21821.5;21831.25;21810.75;21826.75;1408
20250106 145000;21825.5;21831;21818;21829.75;914
20250106 145100;21830.75;21839.25;21806.25;21810;2387
20250106 145200;21811;21826.5;21805;21819;1326
20250106 145300;21818.5;21823.5;21802;21813.5;1405
20250106 145400;21814.75;21848.75;21813.75;21825.25;2429
20250106 145500;21825.5;21839.25;21824.75;21831;928
20250106 145600;21831;21844.75;21819.75;21838.75;1394
20250106 145700;21837.5;21840.75;21808.75;21812.75;1669
20250106 145800;21812;21820.5;21792;21799.5;2595
20250106 145900;21798.25;21816.75;21797.5;21811.5;940
20250106 150000;21812.5;21819.5;21804.25;21819.5;797
20250106 150100;21818.25;21830.5;21814;21815;1646
20250106 150200;21816.5;21820.75;21807;21818.5;1240
20250106 150300;21817.5;21831.75;21808.25;21827.75;1237
20250106 150400;21828;21834.5;21816;21820;1415
20250106 150500;21820.5;21825.75;21809;21823;1254
20250106 150600;21823.5;21827.25;21808.5;21811;1153
20250106 150700;21810.5;21823.5;21807.75;21812.25;1041
20250106 150800;21811.5;21817.25;21799.25;21812;1468
20250106 150900;21812.75;21824.5;21811.5;21817.25;1279
20250106 151000;21818;21828.75;21814.5;21828;859
20250106 151100;21827.25;21835.75;21788.5;21796.75;3051
20250106 151200;21795.75;21824.25;21780.25;21821.5;3176
20250106 151300;21821.5;21832.75;21816.25;21821.5;2731
20250106 151400;21821.5;21841.75;21817;21838.75;1361
20250106 151500;21837.75;21855.5;21834.75;21852.5;2291
20250106 151600;21852.75;21858;21846.25;21856.25;1640
20250106 151700;21856;21856.5;21832.25;21843.75;1658
20250106 151800;21843.5;21853.25;21841;21852.5;910
20250106 151900;21852;21864.25;21851.5;21859.25;1790
20250106 152000;21858.5;21865;21850;21860.25;1200
20250106 152100;21860;21863;21850;21856.25;1037
20250106 152200;21856.25;21863.75;21852.5;21859.25;1103
20250106 152300;21859.25;21875.5;21855.75;21871.75;1972
20250106 152400;21872.25;21882;21858;21863.25;2075
20250106 152500;21863.5;21866.25;21852.75;21859.75;1370
20250106 152600;21859.5;21863;21851;21862.25;984
20250106 152700;21862.5;21872;21857.25;21869.5;921
20250106 152800;21869.5;21875.5;21863;21874;955
20250106 152900;21874.5;21884.5;21868.5;21878.75;1607
20250106 153000;21878.75;21886.75;21872.25;21877.5;1590
20250106 153100;21877;21881;21864.25;21875.5;1649
20250106 153200;21874.75;21878.25;21853.5;21859.75;1999
20250106 153300;21860.25;21869.5;21858.25;21865;985
20250106 153400;21864;21870.5;21857.25;21869;887
20250106 153500;21869.5;21873;21855;21858.5;994
20250106 153600;21858;21860.25;21843.75;21855.5;1783
20250106 153700;21855.5;21869;21853.75;21866;1091
20250106 153800;21866;21871.25;21861.5;21867.5;865
20250106 153900;21866.75;21868.25;21855.25;21861.25;812
20250106 154000;21861;21866;21848;21853.75;1008
20250106 154100;21854;21865;21852.75;21865;1105
20250106 154200;21865;21869.25;21859.5;21869;862
20250106 154300;21869.25;21872;21859.5;21868;1502
20250106 154400;21868.5;21875;21865.25;21869.5;907
20250106 154500;21868.75;21874.75;21865;21870;663
20250106 154600;21869.5;21884;21868.5;21883;1882
20250106 154700;21883.25;21892.75;21875.5;21884;2109
20250106 154800;21883.25;21885;21870.5;21878.75;920
20250106 154900;21878.25;21892;21872.5;21874;1759
20250106 155000;21873.5;21877.75;21866.5;21873.75;1053
20250106 155100;21874.5;21882;21860.75;21874;2198
20250106 155200;21874;21875.75;21866;21870.5;747
20250106 155300;21870.5;21881;21870.5;21874;702
20250106 155400;21874.25;21888.75;21873.5;21877.5;1713
20250106 155500;21878;21885.5;21876.75;21878.25;925
20250106 155600;21878;21883.25;21871.75;21882.5;799
20250106 155700;21882.75;21888;21875.5;21875.75;1048
20250106 155800;21876.25;21880.5;21869;21871.25;881
20250106 155900;21871.5;21877;21868.5;21871.25;580
20250106 160000;21870.75;21872.25;21864.75;21869.5;866
20250106 160100;21870.25;21880.25;21869;21873.25;963
20250106 160200;21874;21875.25;21864;21872.75;705
20250106 160300;21873;21873.75;21862.5;21867.5;865
20250106 160400;21867.5;21877.25;21862;21873.75;1027
20250106 160500;21874;21882.25;21873;21878;597
20250106 160600;21877.5;21883.75;21876.5;21881;617
20250106 160700;21880.5;21887;21880.25;21886;1036
20250106 160800;21886.25;21891.5;21881.5;21882.5;919
20250106 160900;21883;21885.25;21878.25;21885.25;548
20250106 161000;21883.5;21884.25;21877.75;21881;386
20250106 161100;21880.75;21894.5;21880.25;21893;1057
20250106 161200;21892.75;21896.75;21883.5;21886;1132
20250106 161300;21885.5;21890;21880.5;21886.5;503
20250106 161400;21886.5;21887.75;21878.25;21885;565
20250106 161500;21885.25;21887.5;21880.5;21881.75;423
20250106 161600;21881.75;21890.5;21873;21890.25;1656
20250106 161700;21890.5;21891;21878;21879;778
20250106 161800;21878.75;21878.75;21867;21867.5;1485
20250106 161900;21867.25;21870;21864.75;21868;751
20250106 162000;21868.25;21879;21866.75;21877.5;689
20250106 162100;21877.5;21889.25;21875.75;21889.25;993
20250106 162200;21888.75;21890.75;21874;21874.5;920
20250106 162300;21874.5;21877.25;21870.75;21871.25;582
20250106 162400;21870.75;21874.5;21867.75;21870;587
20250106 162500;21869.75;21871.25;21863;21867.5;667
20250106 162600;21867.25;21869.75;21856;21869;1043
20250106 162700;21869;21871;21864.25;21870;503
20250106 162800;21870.5;21884;21869;21884;1009
20250106 162900;21883.75;21890.5;21883.75;21889;957
20250106 163000;21889;21892.5;21887;21889;654
20250106 163100;21888.5;21889.75;21880.5;21884.25;710
20250106 163200;21885;21891;21879.25;21889.25;951
20250106 163300;21889.25;21889.75;21882.5;21887.75;372
20250106 163400;21887.5;21887.5;21870.75;21880.5;1183
20250106 163500;21879.75;21880;21870;21873.75;677
20250106 163600;21873;21876.25;21868.25;21871;618
20250106 163700;21870.25;21875;21863.5;21872.75;670
20250106 163800;21873.25;21875.75;21864.25;21869.75;683
20250106 163900;21869.5;21875.25;21869.25;21870.75;584
20250106 164000;21869.75;21872;21864;21870.25;474
20250106 164100;21870.5;21876.25;21868;21869;411
20250106 164200;21869;21876.5;21861;21873.75;711
20250106 164300;21873.75;21874.5;21859.25;21864.5;776
20250106 164400;21864;21868.25;21858.25;21865.5;597
20250106 164500;21866;21866;21859;21863.75;404
20250106 164600;21864;21867;21853.75;21862;935
20250106 164700;21862;21866;21860.5;21861;524
20250106 164800;21860.75;21861.5;21848.75;21854.25;923
20250106 164900;21854.25;21854.5;21844.5;21850;1085
20250106 165000;21850.25;21856.75;21847.75;21855.75;595
20250106 165100;21855.5;21864.75;21851.5;21856.5;1726
20250106 165200;21856.75;21865;21853;21864.25;667
20250106 165300;21864.25;21864.75;21857;21861.25;568
20250106 165400;21860.5;21865;21857;21863.5;512
20250106 165500;21863.25;21866.75;21861.5;21864;496
20250106 165600;21864.25;21866.25;21854.5;21856.75;802
20250106 165700;21856.25;21859.5;21852.75;21857.75;473
20250106 165800;21858.5;21859;21854;21856.25;407
20250106 165900;21856;21865.75;21855.75;21865;501
20250106 170000;21865.25;21867.25;21856;21857.5;553
20250106 170100;21857.25;21857.75;21833.25;21837.5;2219
20250106 170200;21838.5;21850.5;21838.5;21843.75;914
20250106 170300;21843.25;21856;21843.25;21851.75;780
20250106 170400;21851.5;21855;21849.5;21851;383
20250106 170500;21852;21859;21852;21857.5;510
20250106 170600;21858.25;21859.5;21849.75;21852.25;620
20250106 170700;21852.25;21856.25;21846.25;21856.25;528
20250106 170800;21856;21865.5;21856;21863.75;736
20250106 170900;21863.5;21866.5;21861.75;21863.5;590
20250106 171000;21863.75;21869.25;21861.25;21863;756
20250106 171100;21863;21863;21852.5;21854;637
20250106 171200;21854.25;21856;21850;21853;438
20250106 171300;21853.75;21856.25;21848;21851.75;556
20250106 171400;21852;21852.25;21846.5;21850.75;274
20250106 171500;21852;21854.25;21838.25;21841.25;851
20250106 171600;21841.25;21844.25;21830.5;21832.75;1008
20250106 171700;21832.5;21847;21830.25;21845.25;943
20250106 171800;21845.25;21847.5;21841.25;21842.25;552
20250106 171900;21842.5;21845;21831.5;21833.5;545
20250106 172000;21833.25;21833.75;21824;21832.5;1273
20250106 172100;21832.25;21837;21824.75;21825;1064
20250106 172200;21825.75;21838;21821.5;21837.25;898
20250106 172300;21836.75;21838.75;21826.75;21830.25;805
20250106 172400;21830.5;21836;21828;21834.25;319
20250106 172500;21834.5;21835.5;21824.25;21826.75;481
20250106 172600;21826.75;21831;21821;21828.5;788
20250106 172700;21828.75;21833;21826.5;21831.75;490
20250106 172800;21831;21835.75;21827;21829.5;408
20250106 172900;21828.75;21831;21815.75;21824;1033
20250106 173000;21824.25;21831.5;21819.5;21827.25;915
20250106 173100;21827.25;21834.75;21817.5;21824;816
20250106 173200;21824;21828.5;21821.5;21821.75;435
20250106 173300;21821.5;21829;21812.75;21816.25;1194
20250106 173400;21816.5;21833.25;21814.75;21832.5;874
20250106 173500;21832;21836.75;21826.75;21828.5;764
20250106 173600;21828.75;21837;21827;21827;724
20250106 173700;21826.75;21832.25;21825.5;21829.5;370
20250106 173800;21829.25;21831.5;21822.25;21825.75;586
20250106 173900;21826.25;21831;21824.75;21827.25;380
20250106 174000;21827;21828;21805;21807.5;1731
20250106 174100;21807.25;21811.75;21795.5;21799.25;1828
20250106 174200;21799.75;21803.75;21784.75;21788.5;1577
20250106 174300;21788.75;21797.5;21775.75;21778.75;1937
20250106 174400;21778;21795.75;21776;21793;1098
20250106 174500;21792.75;21798.5;21786.5;21788.5;907
20250106 174600;21787.75;21788.75;21772;21785;1304
20250106 174700;21784.75;21792.25;21780.25;21790;750
20250106 174800;21790.25;21798.25;21787.25;21795.5;745
20250106 174900;21795.25;21795.5;21785.75;21787.5;500
20250106 175000;21788.75;21795.5;21785;21789.5;546
20250106 175100;21789.5;21793.5;21785;21787;483
20250106 175200;21786.75;21788.5;21773.5;21780;1319
20250106 175300;21780.5;21784.5;21768.75;21780;1317
20250106 175400;21780;21788.5;21779;21783.25;832
20250106 175500;21783.25;21805;21783;21796;1608
20250106 175600;21795.25;21797.25;21780.25;21782;1248
20250106 175700;21782.5;21786.25;21775.5;21782.25;808
20250106 175800;21782;21794.75;21782;21792.75;688
20250106 175900;21793;21800;21792.75;21795;848
20250106 180000;21795;21801.25;21792.25;21794.5;698
20250106 180100;21795;21795.75;21781.5;21781.5;801
20250106 180200;21781.5;21784.75;21752.75;21756.25;2615
20250106 180300;21756;21773.25;21739.25;21768.25;3480
20250106 180400;21768.75;21778.5;21761.5;21770.25;1123
20250106 180500;21770.25;21780.5;21769.75;21777;976
20250106 180600;21776.75;21781.25;21770.75;21774.75;597
20250106 180700;21775.75;21788.75;21775.5;21779;1104
20250106 180800;21779.25;21779.75;21770;21777;816
20250106 180900;21777.5;21779.25;21766.75;21770;639
20250106 181000;21769.75;21788;21769.5;21782.5;714
20250106 181100;21781.75;21789.25;21774.25;21787.25;722
20250106 181200;21787.75;21788;21778.5;21783;564
20250106 181300;21782.25;21787;21774.25;21778.5;597
20250106 181400;21779;21782.75;21775.75;21780.25;444
20250106 181500;21780;21783.5;21775.25;21778;407
20250106 181600;21778;21780;21764;21767;1055
20250106 181700;21766.5;21771.25;21758.5;21764;877
20250106 181800;21763.5;21766.25;21752.5;21763;1190
20250106 181900;21763.25;21772.75;21759.25;21765.5;741
20250106 182000;21766.25;21771;21761.5;21768;383
20250106 182100;21768.25;21775.5;21763.75;21770.25;630
20250106 182200;21770.5;21773.25;21760.5;21768.5;654
20250106 182300;21769;21790.5;21768.75;21782.5;1468
20250106 182400;21782.5;21790.75;21781.25;21785.75;851
20250106 182500;21785.75;21787;21775.75;21777.5;625
20250106 182600;21777.25;21786.5;21775.5;21783.25;761
20250106 182700;21783.25;21785.75;21777.75;21782.75;339
20250106 182800;21782.5;21789.25;21782.25;21787;693
20250106 182900;21787;21789;21776.75;21778.25;423
20250106 183000;21778.5;21786.5;21776.25;21785.5;451
20250106 183100;21786;21788.5;21782.25;21784.25;403
20250106 183200;21784.5;21788.5;21779;21780.25;598
20250106 183300;21780;21782;21763;21765.25;1177
20250106 183400;21764.75;21776.25;21761.5;21775.5;641
20250106 183500;21775.75;21776.25;21764.25;21770.5;497
20250106 183600;21770.25;21775;21767;21773.25;445
20250106 183700;21773.25;21779.75;21771.5;21774;742
20250106 183800;21775;21775.25;21761.75;21764;635
20250106 183900;21764;21766.5;21754.75;21764.25;1021
20250106 184000;21763.75;21770;21758.75;21767.75;589
20250106 184100;21767.75;21772;21763.25;21767.75;492
20250106 184200;21767.75;21770.25;21756.5;21757.5;501
20250106 184300;21758;21759.25;21743.75;21755.25;1754
20250106 184400;21755.5;21761.25;21755.25;21759.75;579
20250106 184500;21759.75;21766;21748.75;21750.75;740
20250106 184600;21750.75;21756;21707.75;21721.25;3699
20250106 184700;21721.5;21739;21718.25;21737;1549
20250106 184800;21736.5;21742.75;21723.25;21735;1345
20250106 184900;21735;21744;21726.75;21726.75;1014
20250106 185000;21727;21727.25;21713.75;21718.5;1137
20250106 185100;21718;21728.5;21717;21724;1327
20250106 185200;21723.75;21741.5;21719.25;21737.5;1161
20250106 185300;21737.25;21742.25;21734;21738.5;666
20250106 185400;21738;21747.5;21737.75;21739.5;1021
20250106 185500;21738.75;21741;21734.5;21738.5;577
20250106 185600;21738.25;21743.75;21729.75;21733.75;759
20250106 185700;21733.5;21746;21733.5;21741.75;674
20250106 185800;21741.5;21743;21731.75;21732.75;555
20250106 185900;21731.75;21732.75;21722.5;21722.5;898
20250106 190000;21722.5;21725;21701.5;21707.25;1727
20250106 190100;21706.75;21715;21691;21695;2634
20250106 190200;21694.5;21698;21676.75;21677.5;2349
20250106 190300;21677.75;21701.5;21677.25;21690;1842
20250106 190400;21690.25;21697.75;21685.5;21691.75;767
20250106 190500;21692;21698.25;21681.75;21686.25;888
20250106 190600;21686;21715.75;21686;21712.25;2025
20250106 190700;21711.25;21713;21693.5;21698.5;986
20250106 190800;21698;21712.25;21697.25;21708.25;693
20250106 190900;21708.25;21714.5;21707.25;21708.75;557
20250106 191000;21708.5;21711.5;21702;21702.75;569
20250106 191100;21703.25;21703.75;21687.75;21693.5;1648
20250106 191200;21693.5;21702;21693.5;21700.25;659
20250106 191300;21700.5;21710.25;21697.25;21710;735
20250106 191400;21710.5;21711;21695.25;21703.75;815
20250106 191500;21703.5;21712;21698.25;21708.75;555
20250106 191600;21708.75;21709;21700.5;21702.75;581
20250106 191700;21702.5;21715;21702.5;21710;829
20250106 191800;21710.5;21714.5;21706;21706.75;824
20250106 191900;21707.25;21719.75;21707.25;21716.75;1378
20250106 192000;21717;21717.5;21705;21705.25;822
20250106 192100;21705;21714.25;21702;21706.5;769
20250106 192200;21706.5;21711.25;21703.75;21707.25;441
20250106 192300;21708.25;21720;21707;21712.75;801
20250106 192400;21712.75;21717.75;21706.25;21714.25;593
20250106 192500;21716.25;21720.5;21710.75;21712.25;501
20250106 192600;21712.5;21717.25;21701.5;21715.25;798
20250106 192700;21715.5;21722.75;21711.25;21711.75;538
20250106 192800;21712;21723.25;21711.75;21719.5;483
20250106 192900;21719.5;21723;21714.75;21720.5;698
20250106 193000;21721.75;21721.75;21708.25;21709.25;602
20250106 193100;21710;21716.25;21697;21711.75;1500
20250106 193200;21712.5;21712.5;21701;21702;679
20250106 193300;21702.25;21711.25;21692.75;21695.75;855
20250106 193400;21695.5;21703.75;21692.75;21698.75;613
20250106 193500;21699.75;21706.25;21696.25;21703.75;594
20250106 193600;21703.25;21705.75;21697.75;21699.5;447
20250106 193700;21699;21706;21688.25;21704.5;1292
20250106 193800;21704.25;21708.5;21697;21699.75;468
20250106 193900;21700.25;21703.5;21698;21703.5;486
20250106 194000;21702;21703;21694.25;21698.5;589
20250106 194100;21698;21705.75;21696.25;21700.25;587
20250106 194200;21699.75;21705.75;21696;21702.5;423
20250106 194300;21702.25;21705.75;21694.5;21696.25;416
20250106 194400;21696.5;21701.75;21686.75;21700;998
20250106 194500;21700.25;21710;21699.75;21707.75;947
20250106 194600;21707.25;21712.5;21697.75;21700;741
20250106 194700;21699.5;21705.5;21695;21704.75;527
20250106 194800;21705;21712.5;21703;21709.75;621
20250106 194900;21710.5;21720;21706.75;21716;788
20250106 195000;21715.75;21719.25;21710.5;21711;565
20250106 195100;21710.5;21712.5;21701.75;21702.75;557
20250106 195200;21701.75;21705.75;21696;21699.25;538
20250106 195300;21699.25;21704;21688.75;21697;966
20250106 195400;21697.5;21704.75;21695.25;21700;505
20250106 195500;21699.5;21701;21696.75;21697.5;223
20250106 195600;21697.5;21702.25;21693.25;21697;373
20250106 195700;21697.5;21699.75;21689.25;21690.75;635
20250106 195800;21691;21692.5;21665.25;21671.25;2863
20250106 195900;21671.25;21673.25;21660.5;21667;1207
20250106 200000;21667;21676.75;21657.5;21659.25;1302
20250106 200100;21659.25;21660;21647.75;21656.5;2167
20250106 200200;21656.75;21671.75;21656.5;21658;1049
20250106 200300;21657.5;21671.75;21655.75;21669.5;573
20250106 200400;21669.75;21684.5;21666.5;21683.75;1067
20250106 200500;21683.5;21690.25;21681;21685;1229
20250106 200600;21684.5;21691.75;21683.25;21686.5;740
20250106 200700;21686.5;21694.75;21684;21687.25;958
20250106 200800;21686.75;21693.5;21680.25;21686.5;852
20250106 200900;21687.25;21690.75;21678.75;21689.5;654
20250106 201000;21690.25;21696;21687.25;21688;677
20250106 201100;21688;21689;21679.75;21685;700
20250106 201200;21684.25;21693.75;21684.25;21690.25;474
20250106 201300;21690.25;21693.25;21679;21691.5;649
20250106 201400;21691.75;21701.5;21690.25;21698.5;1000
20250106 201500;21698.5;21699.5;21688.5;21692;440
20250106 201600;21691.25;21693;21684;21690;680
20250106 201700;21689.75;21697.75;21689.75;21693.5;577
20250106 201800;21693.25;21699.75;21688;21697.5;429
20250106 201900;21697.5;21701.75;21689;21693.25;621
20250106 202000;21692.75;21701.25;21688;21698.25;858
20250106 202100;21698.25;21700;21691.75;21691.75;392
20250106 202200;21691.5;21704;21690.75;21699.5;606
20250106 202300;21699.25;21712.5;21697.5;21710;995
20250106 202400;21710;21716.25;21708.5;21715.5;997
20250106 202500;21715.5;21730.5;21715.5;21726.5;1607
20250106 202600;21727;21728;21716.75;21726;895
20250106 202700;21725.5;21727.25;21717.25;21725.5;573
20250106 202800;21725;21731.25;21720.5;21728.25;687
20250106 202900;21728;21729;21721.75;21724.75;702
20250106 203000;21725;21729;21720.5;21727;656
20250106 203100;21727;21743;21724.75;21741.75;2256
20250106 203200;21741.5;21742.5;21727.25;21728.25;966
20250106 203300;21727.75;21734.5;21726.25;21732.25;588
20250106 203400;21732;21736.5;21729;21732;450
20250106 203500;21731.75;21733;21726.25;21731.25;636
20250106 203600;21731.25;21739.75;21728.5;21739;560
20250106 203700;21738.5;21748;21736.5;21746.25;951
20250106 203800;21746.5;21746.5;21733;21733;756
20250106 203900;21733.5;21736.25;21722.5;21724.25;819
20250106 204000;21724.25;21732.25;21716.5;21718;1101
20250106 204100;21718.25;21727.75;21711.75;21725;1041
20250106 204200;21725.5;21733.5;21722.5;21730.25;680
20250106 204300;21729.75;21729.75;21723.25;21726.5;346
20250106 204400;21727.5;21728.5;21715.5;21719.25;684
20250106 204500;21719.5;21722.75;21716.75;21719.25;509
20250106 204600;21719.25;21723.25;21707;21715.25;1133
20250106 204700;21715.5;21720.75;21711.25;21716.5;653
20250106 204800;21716.25;21717;21698.5;21703.25;1193
20250106 204900;21703.25;21707;21691.5;21699.25;1271
20250106 205000;21699.25;21699.25;21678.5;21680.5;1626
20250106 205100;21680;21720.5;21672.25;21719.25;2486
20250106 205200;21719.25;21732.75;21718.25;21730;1516
20250106 205300;21729.75;21738.5;21722;21734.25;1332
20250106 205400;21734;21743.5;21726.75;21733.5;1483
20250106 205500;21733.75;21744;21718.5;21739.75;2423
20250106 205600;21739.5;21751.25;21734;21738.5;2240
20250106 205700;21738.5;21740.5;21731.25;21735.75;1126
20250106 205800;21735.25;21738.25;21717.5;21721;1659
20250106 205900;21721.25;21734.75;21719.5;21734.5;2379
20250106 210000;21734.25;21756;21731;21750.5;7943
20250106 210100;21750.5;21776.25;21750;21767.75;4079
20250106 210200;21767.75;21772;21762.25;21764.75;873
20250106 210300;21765;21765;21756.5;21760;1068
20250106 210400;21759.25;21769.5;21757;21764.75;924
20250106 210500;21765;21765.5;21756.25;21757;540
20250106 210600;21757.75;21772.5;21757.5;21770.75;589
20250106 210700;21771;21779;21768.25;21770.5;871
20250106 210800;21770.25;21774.25;21766;21772.25;559
20250106 210900;21771.75;21777.25;21764;21776.75;750
20250106 211000;21776.5;21781;21772.25;21776.25;601
20250106 211100;21776;21776.25;21769;21774.75;537
20250106 211200;21774.5;21780.75;21771.5;21778.75;396
20250106 211300;21778.5;21780;21770.75;21773.75;279
20250106 211400;21773.75;21782.5;21769.75;21781.75;566
20250106 211500;21781.5;21783;21775.25;21782.5;750
20250106 211600;21782.25;21783;21779.25;21779.25;389
20250106 211700;21779.5;21781.5;21775;21775.5;382
20250106 211800;21775.5;21782.25;21775.25;21781.5;229
20250106 211900;21781.5;21783;21777.25;21778;135
20250106 212000;21777;21781.25;21775.5;21779.75;161
20250106 212100;21779.75;21781.25;21777.25;21780.75;97
20250106 212200;21780.5;21780.5;21778.5;21779.25;43
20250106 212300;21779.25;21780;21774.75;21775.75;161
20250106 212400;21775.75;21781.75;21775.75;21780;124
20250106 212500;21779.75;21780.75;21775.25;21778.25;148
20250106 212600;21777.5;21777.5;21775;21775.5;69
20250106 212700;21776;21777;21773.25;21775.5;90
20250106 212800;21775.5;21778;21775;21776.75;51
20250106 212900;21776.25;21776.5;21773.5;21775.5;85
20250106 213000;21775;21775.5;21772.75;21773.75;70
20250106 213100;21773.5;21779.75;21773.25;21777;154
20250106 213200;21776.75;21777.5;21773.75;21774.5;45
20250106 213300;21774.5;21779;21774.5;21777.75;68
20250106 213400;21778.25;21780.25;21777.5;21778.25;100
20250106 213500;21778.5;21778.5;21777.25;21777.75;46
20250106 213600;21777.25;21779;21776.5;21779;36
20250106 213700;21779;21779;21776;21776.25;30
20250106 213800;21776;21776.75;21774.25;21776.25;86
20250106 213900;21776.25;21778.75;21775.5;21776.25;85
20250106 214000;21776;21777.75;21776;21777.25;40
20250106 214100;21777.5;21777.75;21775.25;21776.5;75
20250106 214200;21776;21776.5;21775.75;21776.25;20
20250106 214300;21776;21779;21776;21778.25;67
20250106 214400;21778.25;21778.25;21775.75;21775.75;39
20250106 214500;21776;21777.5;21776;21777.25;48
20250106 214600;21777.25;21778.75;21773;21778.75;183
20250106 214700;21778.5;21779.75;21778;21778.75;48
20250106 214800;21778.75;21782.75;21778.5;21780.5;81
20250106 214900;21781;21783.25;21781;21782.25;80
20250106 215000;21781.75;21783.25;21780;21782.75;129
20250106 215100;21782.5;21782.5;21780.75;21781.25;61
20250106 215200;21781.5;21782.5;21781.25;21781.5;50
20250106 215300;21782;21784;21782;21784;72
20250106 215400;21783.5;21783.5;21781.25;21782.5;40
20250106 215500;21782.5;21782.5;21781;21782.25;43
20250106 215600;21781.75;21786.25;21781.5;21783.5;263
20250106 215700;21783;21783;21776.75;21777;112
20250106 215800;21777;21778.25;21776.5;21777.5;67
20250106 215900;21778;21779.25;21775;21775.25;89
20250106 220000;21775;21780.5;21773.5;21780.5;115
20250106 230100;21781.25;21789.5;21776.5;21784.5;161
20250106 230200;21784.5;21796.25;21781.5;21792.5;195
20250106 230300;21792.25;21794.75;21791.75;21794.5;65
20250106 230400;21793.5;21795.25;21791.75;21791.75;49
20250106 230500;21792.75;21794.25;21791.75;21793;45
20250106 230600;21792.25;21793.25;21785.5;21787.25;138
20250106 230700;21786.25;21787;21783.5;21784.25;79
20250106 230800;21784.5;21788.75;21784.5;21786.5;54
20250106 230900;21787.75;21789.5;21782.75;21784.75;51
20250106 231000;21785.25;21785.75;21782.25;21784.75;34
20250106 231100;21785.5;21790.75;21784.75;21788.75;74
20250106 231200;21789.75;21792.75;21789.75;21790;62
20250106 231300;21790.5;21791.25;21790;21790.5;17
20250106 231400;21790.25;21791.75;21790;21791.25;32
20250106 231500;21790.25;21790.25;21788;21788;39
20250106 231600;21788;21788.5;21786;21786.25;56
20250106 231700;21786.25;21786.75;21783.5;21784.25;42
20250106 231800;21783.75;21784.5;21777.5;21779.75;154
20250106 231900;21778.75;21782.75;21778.25;21781.5;98
20250106 232000;21781.5;21783.5;21778;21778;88
20250106 232100;21778;21778;21771.25;21776.75;216
20250106 232200;21777.75;21778;21771;21774;104
20250106 232300;21774.5;21776.5;21773.25;21774.75;39
20250106 232400;21775.5;21776.25;21774;21776;41
20250106 232500;21775.75;21778.5;21775.5;21776.5;61
20250106 232600;21776;21780;21774.75;21778.5;65
20250106 232700;21778.75;21780.5;21777.5;21779.75;40
20250106 232800;21780;21781.25;21780;21781.25;19
20250106 232900;21781.75;21781.75;21779.25;21779.25;44
20250106 233000;21778.5;21780.5;21775;21775.75;45
20250106 233100;21774.75;21781;21773.5;21780.25;51
20250106 233200;21779.75;21781.5;21778.25;21780.25;35
20250106 233300;21781;21781;21778.75;21779;16
20250106 233400;21778.25;21779.5;21777;21777;17
20250106 233500;21777.25;21777.25;21774;21777.25;51
20250106 233600;21777;21777;21776;21776;4
20250106 233700;21776;21777.5;21770;21770;79
20250106 233800;21771;21772.25;21768.75;21771.75;110
20250106 233900;21770.75;21773;21769;21773;42
20250106 234000;21773.25;21774;21770.5;21773.5;36
20250106 234100;21773;21773.5;21773;21773.5;4
20250106 234200;21773.25;21775;21772.25;21774.5;20
20250106 234300;21773.75;21776.25;21772.5;21775.5;39
20250106 234400;21774.5;21778;21774.25;21777.75;33
20250106 234500;21777.75;21778.25;21776.5;21777;36
20250106 234600;21776.25;21776.25;21771.75;21775.25;74
20250106 234700;21775.5;21779.75;21775.5;21779;80
20250106 234800;21778.75;21784;21778.5;21781.25;106
20250106 234900;21781;21781.25;21774;21774.25;124
20250106 235000;21774.25;21775.25;21772.75;21774;60
20250106 235100;21775;21778.25;21774.5;21778.25;48
20250106 235200;21777.5;21777.5;21772.75;21775.75;53
20250106 235300;21775.5;21775.5;21773.5;21774.25;9
20250106 235400;21773.25;21776.5;21773.25;21776.25;26
20250106 235500;21775;21776;21773.25;21775.25;52
20250106 235600;21774.5;21776.25;21774;21775.75;25
20250106 235700;21775.25;21777;21771.5;21772.25;41
20250106 235800;21772.5;21772.75;21770;21772;65
20250106 235900;21772.25;21772.5;21768.75;21770.25;99
20250107 000000;21770.75;21773;21769.25;21771.75;33
20250107 000100;21770.25;21775.75;21769.75;21773;82
20250107 000200;21772.75;21774.5;21772.5;21773;35
20250107 000300;21773.25;21773.5;21770;21770;26
20250107 000400;21770.75;21771;21764;21766.75;185
20250107 000500;21766.25;21768;21764;21764.5;76
20250107 000600;21764;21766.75;21760.25;21765;143
20250107 000700;21765.25;21767.75;21763.75;21766;62
20250107 000800;21766.75;21768;21763.5;21766.5;55
20250107 000900;21765;21766;21762.5;21763.25;23
20250107 001000;21764;21764.5;21761.75;21763.75;62
20250107 001100;21763.5;21768.5;21763.5;21768;85
20250107 001200;21768.5;21770;21766.25;21767.5;53
20250107 001300;21768;21768.5;21765.5;21768.25;38
20250107 001400;21769;21770;21768.25;21768.75;34
20250107 001500;21769.25;21770;21767.75;21768.5;18
20250107 001600;21768.25;21774.5;21768.25;21771.25;114
20250107 001700;21771.75;21772.25;21767.75;21767.75;78
20250107 001800;21768;21768;21765;21765.75;79
20250107 001900;21766.25;21766.75;21764.75;21765.75;27
20250107 002000;21765.75;21767.75;21765.75;21766.25;24
20250107 002100;21767;21767.75;21765;21766.75;21
20250107 002200;21766;21766.25;21765;21766;23
20250107 002300;21767.75;21768.25;21765.25;21768.25;26
20250107 002400;21767.75;21770;21767.75;21769.25;43
20250107 002500;21769.5;21770.75;21768.5;21769.5;32
20250107 002600;21770.5;21770.75;21768.25;21769;28
20250107 002700;21768.5;21768.5;21766;21766.75;20
20250107 002800;21766.75;21769.25;21766.75;21768.25;23
20250107 002900;21768.25;21769.75;21765.5;21765.5;27
20250107 003000;21766.5;21766.5;21763;21765;50
20250107 003100;21765;21766.75;21764;21766.75;26
20250107 003200;21766.5;21767;21764.75;21766;18
20250107 003300;21766.25;21772.75;21766.25;21771.25;68
20250107 003400;21771;21776.5;21770.5;21774.25;116
20250107 003500;21774.5;21775.75;21773.5;21775;38
20250107 003600;21774.5;21778.5;21774.5;21777.5;137
20250107 003700;21777.25;21778;21776.5;21777.75;24
20250107 003800;21776.5;21777.5;21775;21777.5;37
20250107 003900;21776.75;21780;21776.75;21780;68
20250107 004000;21779.5;21780.25;21775.75;21777.25;68
20250107 004100;21777.25;21779.5;21776.5;21779.5;66
20250107 004200;21779.75;21782;21779;21780.5;116
20250107 004300;21780.5;21781;21779.75;21780;23
20250107 004400;21780.25;21781.5;21778.5;21779;17
20250107 004500;21780;21780.5;21779.5;21779.5;17
20250107 004600;21780;21781.25;21776.25;21777;55
20250107 004700;21777.25;21781;21776.75;21779.5;52
20250107 004800;21779.75;21780;21778.25;21780;21
20250107 004900;21779.25;21780;21778.75;21779.25;24
20250107 005000;21779;21779.5;21776.5;21777.25;19
20250107 005100;21777.25;21778.25;21776.75;21778.25;16
20250107 005200;21777.5;21779.25;21777;21777.75;32
20250107 005300;21778;21778.5;21777.5;21778;9
20250107 005400;21778.25;21778.25;21776;21778;40
20250107 005500;21777.5;21777.5;21771.75;21771.75;107
20250107 005600;21771.75;21772;21750;21754.5;569
20250107 005700;21755.5;21758;21754.75;21757.5;109
20250107 005800;21757.75;21761;21755.25;21760.25;118
20250107 005900;21760.5;21764;21757;21761;103
20250107 010000;21761.25;21763;21760;21761.5;41
20250107 010100;21761.5;21769;21759;21768.75;152
20250107 010200;21768.75;21769.25;21763;21763.25;98
20250107 010300;21763.25;21763.25;21756.25;21758;110
20250107 010400;21758.25;21758.25;21748.75;21749.5;192
20250107 010500;21750;21758;21750;21756;136
20250107 010600;21756.25;21758.75;21754;21757.75;51
20250107 010700;21756.75;21758;21753.75;21754.75;51
20250107 010800;21755;21760;21755;21758.5;39
20250107 010900;21759;21759;21754.25;21754.75;45
20250107 011000;21753.5;21758.5;21753.25;21756.75;38
20250107 011100;21756;21759.75;21755;21756.75;40
20250107 011200;21757;21760.5;21757;21760.5;38
20250107 011300;21760.5;21762;21758.75;21758.75;66
20250107 011400;21758;21760;21757.5;21759.75;44
20250107 011500;21759.75;21760.75;21758.75;21759;22
20250107 011600;21758.5;21759.5;21758;21758;28
20250107 011700;21758.75;21760.75;21758.75;21760.25;23
20250107 011800;21758.75;21758.75;21754.75;21755;28
20250107 011900;21755.5;21755.5;21750;21752.25;91
20250107 012000;21753;21753;21747.75;21752.5;121
20250107 012100;21752.25;21753.75;21748.75;21751.75;60
20250107 012200;21751.25;21753.5;21750.75;21752.75;35
20250107 012300;21752;21755.75;21751.25;21755;36
20250107 012400;21755;21755.25;21751.5;21753.25;26
20250107 012500;21753.5;21754;21752.5;21753.25;12
20250107 012600;21753;21754.5;21752.5;21754;33
20250107 012700;21753.75;21759.5;21752.75;21756.5;81
20250107 012800;21757.25;21757.5;21755;21755.75;49
20250107 012900;21755.25;21755.5;21747;21748;166
20250107 013000;21747.75;21750.75;21746;21748.75;119
20250107 013100;21749.5;21751.75;21748.75;21750.75;47
20250107 013200;21751.5;21752.25;21747.75;21751.5;65
20250107 013300;21750.5;21751.5;21748;21749;24
20250107 013400;21749;21754.25;21748.5;21753.25;73
20250107 013500;21754.5;21756;21750.75;21750.75;79
20250107 013600;21750.5;21752.25;21749;21752.25;38
20250107 013700;21751.5;21752.5;21750.75;21752.5;24
20250107 013800;21751.5;21751.5;21750;21750.25;25
20250107 013900;21752;21754.5;21751;21753.5;31
20250107 014000;21753.5;21755.75;21753.25;21754.5;49
20250107 014100;21754.75;21755.25;21752.75;21753.75;24
20250107 014200;21753.75;21753.75;21751;21751.25;35
20250107 014300;21752.25;21754;21751.5;21754;19
20250107 014400;21754.5;21757.25;21754;21756.5;56
20250107 014500;21756.75;21757;21753.5;21754.75;47
20250107 014600;21754.5;21757;21752;21755.25;58
20250107 014700;21754.25;21759;21754.25;21758.75;47
20250107 014800;21758.25;21760.5;21758;21759.75;53
20250107 014900;21760.75;21763;21759.5;21761.25;56
20250107 015000;21761.25;21761.5;21759;21760;29
20250107 015100;21760.25;21763.5;21759.75;21762.75;49
20250107 015200;21763;21768.25;21763;21765.5;152
20250107 015300;21765.5;21768.25;21764.25;21764.25;62
20250107 015400;21765.5;21767.25;21764.5;21766;26
20250107 015500;21766.25;21767.5;21764.75;21766.25;27
20250107 015600;21767;21767.5;21764;21765.75;62
20250107 015700;21765.75;21766.25;21763.75;21764.25;34
20250107 015800;21766.25;21772.75;21766.25;21771;83
20250107 015900;21770.75;21771;21767;21767.75;53
20250107 020000;21767.5;21770;21767.25;21768.75;23
20250107 020100;21768;21773;21768;21771.25;118
20250107 020200;21771.25;21771.5;21769.75;21770.5;36
20250107 020300;21770.75;21772;21767.25;21769.5;46
20250107 020400;21769;21771.5;21769;21770.5;32
20250107 020500;21770.75;21774.75;21770.5;21772.25;96
20250107 020600;21773;21773.5;21770.5;21772;26
20250107 020700;21772;21772;21770;21772;25
20250107 020800;21772;21772.25;21770.5;21770.5;20
20250107 020900;21772.25;21773;21772;21772.25;22
20250107 021000;21772.5;21774.25;21772;21773.25;50
20250107 021100;21773.75;21774.25;21770.5;21770.5;53
20250107 021200;21770;21773.5;21769.5;21772.5;36
20250107 021300;21772.25;21772.5;21771.75;21771.75;10
20250107 021400;21772.75;21773.5;21771.75;21772.75;25
20250107 021500;21773.25;21773.25;21771.5;21771.5;13
20250107 021600;21772.5;21774.5;21770.25;21774.5;40
20250107 021700;21774.25;21776.75;21774.25;21775.75;80
20250107 021800;21776;21776.25;21774.25;21775.75;29
20250107 021900;21775;21776.5;21773.25;21776.25;81
20250107 022000;21776.25;21777.25;21775.75;21776.25;30
20250107 022100;21776.75;21780;21776.75;21778;90
20250107 022200;21779;21782;21778.5;21781;78
20250107 022300;21781;21785.5;21780.5;21783.75;176
20250107 022400;21783.75;21783.75;21781;21782;87
20250107 022500;21781.5;21782;21780.5;21781.25;39
20250107 022600;21781.5;21781.5;21777.5;21778.5;52
20250107 022700;21778;21779;21776.75;21777.75;47
20250107 022800;21778.25;21780.5;21778.25;21780.5;29
20250107 022900;21780.5;21781.5;21778.25;21781.25;31
20250107 023000;21780.75;21780.75;21778.5;21778.5;15
20250107 023100;21778.5;21779.25;21777.5;21779;37
20250107 023200;21779;21779;21772.25;21772.5;100
20250107 023300;21772.5;21774.25;21771.25;21774.25;53
20250107 023400;21773.75;21774.5;21771.25;21772;26
20250107 023500;21772;21774;21771.75;21773.5;35
20250107 023600;21772.75;21776;21772.75;21774.75;19
20250107 023700;21774.75;21776;21769.75;21772.25;72
20250107 023800;21772.25;21772.25;21769.75;21771.75;33
20250107 023900;21770.75;21770.75;21765.5;21766.75;112
20250107 024000;21766.5;21767.25;21764.25;21765;58
20250107 024100;21764.5;21765.75;21758;21760;107
20250107 024200;21760.5;21763;21758.5;21758.75;69
20250107 024300;21758.75;21759.75;21757;21759;44
20250107 024400;21759;21760;21758.25;21758.5;59
20250107 024500;21759;21759;21753.5;21755.25;141
20250107 024600;21756.75;21757.5;21755.25;21756;32
20250107 024700;21756.25;21761.25;21756.25;21759.75;80
20250107 024800;21759.25;21759.75;21757.75;21758.25;25
20250107 024900;21758.5;21758.5;21755;21756.75;42
20250107 025000;21756.75;21758.5;21754;21755;67
20250107 025100;21755.25;21755.5;21739;21745.5;402
20250107 025200;21745.5;21746.25;21733.75;21735.25;234
20250107 025300;21735.75;21741.25;21734.25;21740.5;128
20250107 025400;21740.75;21740.75;21737.25;21737.75;50
20250107 025500;21738.25;21740.75;21736.75;21740.75;47
20250107 025600;21741;21744.25;21739;21740.75;84
20250107 025700;21741.5;21742.25;21740;21741.75;27
20250107 025800;21742.25;21746;21741.25;21744.25;72
20250107 025900;21744.25;21745;21742.25;21743.75;54
20250107 030000;21743.75;21743.75;21737.5;21737.75;68
20250107 030100;21738.5;21739.25;21719.5;21720;574
20250107 030200;21720.25;21729;21715.75;21726.25;239
20250107 030300;21726.25;21730;21726.25;21727.25;252
20250107 030400;21727.75;21730;21725.5;21728.75;184
20250107 030500;21729.5;21730;21728.5;21728.5;321
20250107 030600;21728.5;21728.5;21721;21726.25;128
20250107 030700;21726.25;21726.25;21719;21721;181
20250107 030800;21722;21723.5;21720.25;21721;52
20250107 030900;21721.75;21725.5;21721.75;21723.75;69
20250107 031000;21723;21725.75;21722;21724.25;70
20250107 031100;21723.5;21727.75;21722;21727.25;67
20250107 031200;21727.75;21733.75;21727.75;21733.75;262
20250107 031300;21733.5;21737.25;21732.75;21736.75;148
20250107 031400;21735.75;21736.75;21734.25;21735.25;50
20250107 031500;21735.25;21736.75;21732.5;21736.25;71
20250107 031600;21736.75;21737.25;21735.5;21736.5;44
20250107 031700;21736;21736;21732.5;21732.75;40
20250107 031800;21732.5;21734;21732;21733.25;37
20250107 031900;21733;21734;21731;21734;41
20250107 032000;21734.5;21738;21734;21736.5;60
20250107 032100;21737.5;21741.75;21737.5;21740;69
20250107 032200;21741;21741.5;21739.25;21739.75;39
20250107 032300;21741.5;21742;21736.75;21739.25;72
20250107 032400;21739.25;21741;21738.75;21740.75;17
20250107 032500;21740.5;21740.5;21737;21737.25;72
20250107 032600;21737.5;21738.75;21736.25;21738.5;51
20250107 032700;21738.25;21738.25;21734;21736.5;72
20250107 032800;21735.5;21736.5;21735.5;21736.5;12
20250107 032900;21737;21737;21732.5;21735;54
20250107 033000;21735.25;21736.75;21735.25;21736.25;18
20250107 033100;21737;21737.5;21734.25;21736;58
20250107 033200;21736;21742.25;21736;21742;54
20250107 033300;21741.25;21746;21741.25;21745.25;170
20250107 033400;21746;21750;21745;21750;184
20250107 033500;21749.5;21750.25;21748;21748;51
20250107 033600;21748.25;21752;21748;21751.5;47
20250107 033700;21751.5;21751.75;21749;21750.5;31
20250107 033800;21750.5;21750.5;21748.75;21748.75;41
20250107 033900;21749;21750.25;21749;21749.75;23
20250107 034000;21748.75;21750.75;21745.75;21745.75;78
20250107 034100;21745.75;21746.5;21737;21739;208
20250107 034200;21739.25;21740.5;21738.25;21738.25;45
20250107 034300;21738.75;21740.5;21737.75;21738.25;52
20250107 034400;21738.25;21741;21738.25;21739.5;24
20250107 034500;21739;21743.25;21738.25;21739.25;82
20250107 034600;21739;21739;21735.5;21737.75;75
20250107 034700;21738.75;21739.75;21736;21736.75;27
20250107 034800;21737;21739.5;21736.25;21738.25;33
20250107 034900;21738.75;21740.25;21738;21738;17
20250107 035000;21738;21740.5;21737;21739.75;22
20250107 035100;21739;21739;21737.25;21737.75;30
20250107 035200;21737;21737;21732.25;21734.25;112
20250107 035300;21735;21737.5;21734;21737.5;17
20250107 035400;21737;21744.5;21737;21742.5;104
20250107 035500;21742;21743.75;21739.75;21743;55
20250107 035600;21743;21744.25;21741.75;21742.75;51
20250107 035700;21743.25;21744.75;21743;21744.25;27
20250107 035800;21744.75;21747.75;21744.75;21745.5;60
20250107 035900;21745.5;21746;21744.5;21745.5;21
20250107 040000;21745.75;21747.25;21743.75;21747.25;48
20250107 040100;21747.25;21747.75;21745.75;21746;18
20250107 040200;21746.25;21746.25;21741.75;21741.75;62
20250107 040300;21741.75;21741.75;21739.25;21739.75;45
20250107 040400;21739;21742;21739;21740.5;27
20250107 040500;21741;21741.75;21740.25;21741.25;16
20250107 040600;21741;21741;21738.75;21739.5;19
20250107 040700;21739.25;21739.5;21736.75;21737;45
20250107 040800;21737.75;21740;21737.75;21738.5;20
20250107 040900;21738;21738;21733.5;21735.75;63
20250107 041000;21734.75;21736.75;21734.75;21736;45
20250107 041100;21737;21737;21732.75;21734.75;70
20250107 041200;21734.75;21740.75;21734.5;21740.5;67
20250107 041300;21739.75;21740;21738.5;21740;19
20250107 041400;21740.25;21740.5;21739;21739.5;21
20250107 041500;21739.75;21740.25;21738.75;21739.25;14
20250107 041600;21739.75;21740;21738.25;21739;14
20250107 041700;21739.75;21741;21737.25;21738.25;41
20250107 041800;21738;21738;21731.25;21735.5;175
20250107 041900;21736;21736;21733.5;21736;17
20250107 042000;21736;21738.75;21735;21737.25;49
20250107 042100;21738;21738.75;21735.75;21737.5;40
20250107 042200;21738.25;21739;21736.25;21736.75;68
20250107 042300;21736;21739;21735;21738.25;31
20250107 042400;21737.5;21737.75;21736.25;21737.75;27
20250107 042500;21737;21738.25;21736.25;21738.25;18
20250107 042600;21738.5;21738.5;21736.25;21736.25;12
20250107 042700;21737;21742;21736.75;21740.25;63
20250107 042800;21741.25;21741.75;21739;21740.25;36
20250107 042900;21739.5;21740.25;21738.5;21740;26
20250107 043000;21740.75;21742.5;21740.75;21741.75;25
20250107 043100;21742.25;21743;21741;21741;33
20250107 043200;21740.75;21742.75;21740;21741.5;18
20250107 043300;21742.25;21743.25;21739.25;21739.25;24
20250107 043400;21740;21740.5;21732.5;21732.5;103
20250107 043500;21733;21734;21731.5;21732.5;57
20250107 043600;21732;21733;21725;21726.5;147
20250107 043700;21726.75;21728.25;21725.5;21726.75;58
20250107 043800;21727;21727;21726;21726.75;19
20250107 043900;21726.75;21728.5;21722.25;21726;116
20250107 044000;21726.5;21726.5;21722.5;21722.5;51
20250107 044100;21722.75;21723.25;21720.5;21722.5;95
20250107 044200;21722.25;21726;21722.25;21725.5;35
20250107 044300;21725.25;21725.5;21722.25;21725.5;34
20250107 044400;21726;21727.75;21724.5;21726.25;50
20250107 044500;21726.5;21726.5;21724.5;21724.5;20
20250107 044600;21724.25;21730.25;21724.25;21729.25;158
20250107 044700;21728.75;21731;21728.75;21729.75;28
20250107 044800;21730;21730;21726.25;21727.5;23
20250107 044900;21727.25;21728.5;21724;21724.5;47
20250107 045000;21725.25;21725.25;21722.25;21723.75;45
20250107 045100;21723.25;21725;21719;21725;130
20250107 045200;21725.25;21726.75;21723.5;21724.75;37
20250107 045300;21725.25;21725.5;21719;21719.75;82
20250107 045400;21720;21723;21720;21722;31
20250107 045500;21722.25;21725.25;21722.25;21725.25;19
20250107 045600;21725.5;21725.5;21723.75;21724.25;14
20250107 045700;21724.5;21724.5;21723.5;21723.75;13
20250107 045800;21723.75;21727;21723.75;21724.75;30
20250107 045900;21725;21725;21723.5;21724;11
20250107 050000;21725.5;21726;21720;21720.5;30
20250107 050100;21720.25;21723;21718.5;21721.5;55
20250107 050200;21721.75;21724.25;21720.5;21723.25;41
20250107 050300;21723.25;21723.5;21720;21723.5;78
20250107 050400;21722.25;21726;21722;21724.25;25
20250107 050500;21724.25;21724.75;21722.5;21723.25;17
20250107 050600;21723.5;21727.5;21722.75;21724.75;38
20250107 050700;21724.5;21724.5;21721.25;21721.25;48
20250107 050800;21721;21722;21712;21712.25;212
20250107 050900;21713;21715.5;21709.25;21713.75;182
20250107 051000;21714;21717;21713.5;21713.5;41
20250107 051100;21713.5;21716.5;21713.25;21715.75;45
20250107 051200;21716.75;21721;21716.75;21718;66
20250107 051300;21720;21720.5;21717.5;21718.25;27
20250107 051400;21718;21722.25;21718;21721.25;25
20250107 051500;21722.5;21723.25;21721.25;21721.25;25
20250107 051600;21721.5;21722;21720;21720.75;22
20250107 051700;21720.5;21721;21716.75;21720.25;50
20250107 051800;21720.25;21721.5;21719.25;21719.25;17
20250107 051900;21720;21722;21720;21721.25;28
20250107 052000;21721.75;21722;21718.25;21718.25;31
20250107 052100;21718.5;21721;21693.5;21700.25;741
20250107 052200;21700.75;21701.25;21686;21694.5;535
20250107 052300;21693.75;21697;21682;21684.25;362
20250107 052400;21683.25;21684.75;21674.75;21677.5;359
20250107 052500;21677;21677.25;21661;21674.75;576
20250107 052600;21675.75;21683.75;21675;21679.25;243
20250107 052700;21679.75;21686.5;21678.25;21682;132
20250107 052800;21681.75;21683;21677.5;21682.75;176
20250107 052900;21684;21688.75;21684;21686.25;85
20250107 053000;21687;21691;21685.5;21687.25;71
20250107 053100;21687.75;21688.25;21682;21685.75;50
20250107 053200;21684.75;21693.25;21684;21693.25;74
20250107 053300;21693.25;21696.5;21691;21691.5;76
20250107 053400;21692.25;21696.25;21690.75;21696.25;43
20250107 053500;21695;21697;21694.25;21696.5;36
20250107 053600;21696.25;21699;21695;21697.25;53
20250107 053700;21696.5;21696.5;21688.25;21694;68
20250107 053800;21693.75;21693.75;21690;21692.25;61
20250107 053900;21692.75;21694;21689.25;21690;37
20250107 054000;21690;21696.25;21690;21695.25;58
20250107 054100;21695.75;21698.5;21693.25;21693.25;49
20250107 054200;21692.75;21693.75;21691.75;21693.5;26
20250107 054300;21693.25;21693.5;21688.75;21689.25;54
20250107 054400;21688.5;21689.75;21683.5;21685.25;139
20250107 054500;21686;21691.5;21685.25;21688.75;67
20250107 054600;21688.5;21690.25;21686.25;21690.25;56
20250107 054700;21690;21698.25;21690;21694;108
20250107 054800;21693.5;21697.75;21692.25;21692.25;56
20250107 054900;21692.25;21697.75;21692;21696.25;71
20250107 055000;21695.75;21700.25;21695;21698.5;97
20250107 055100;21699.5;21702.25;21698.5;21702.25;70
20250107 055200;21701.75;21707.75;21701;21707.5;158
20250107 055300;21707;21707.5;21702.75;21702.75;111
20250107 055400;21702.25;21703.25;21701.75;21702.5;30
20250107 055500;21702;21703;21700.25;21703;53
20250107 055600;21701.75;21703.5;21701;21703;26
20250107 055700;21702.5;21705.25;21702;21704;35
20250107 055800;21703;21705;21701.75;21704;24
20250107 055900;21704.25;21707.5;21704.25;21705.5;38
20250107 060000;21705.5;21708.25;21704.5;21706.25;45
20250107 060100;21705.25;21707.25;21703.5;21706.25;76
20250107 060200;21706;21709.5;21705.75;21709;71
20250107 060300;21709;21714;21708.5;21714;138
20250107 060400;21714.5;21716;21713.5;21715.5;93
20250107 060500;21716;21716;21708;21708;96
20250107 060600;21708.25;21712.5;21706.75;21709.75;95
20250107 060700;21710;21713;21708.5;21712;50
20250107 060800;21712.25;21712.5;21708.5;21710.75;16
20250107 060900;21711.25;21712.5;21711.25;21711.5;24
20250107 061000;21710.75;21711.75;21707.5;21709.25;87
20250107 061100;21710.25;21712.75;21704.5;21704.5;88
20250107 061200;21704;21704.75;21697.75;21700;178
20250107 061300;21700.5;21705.75;21699.5;21705.75;94
20250107 061400;21706;21707;21705;21706.25;43
20250107 061500;21706;21706;21703.5;21705.5;31
20250107 061600;21704;21708.25;21704;21708;25
20250107 061700;21708;21713.5;21707.25;21708.25;137
20250107 061800;21708.5;21710;21707;21709.75;36
20250107 061900;21709.5;21710;21706;21706;25
20250107 062000;21707;21710.25;21707;21707.75;46
20250107 062100;21708.25;21709.25;21707.75;21707.75;10
20250107 062200;21708.25;21712.25;21707.75;21711.5;40
20250107 062300;21711.25;21711.25;21707.75;21709.5;28
20250107 062400;21710;21710;21706;21706.25;24
20250107 062500;21707;21708.75;21705.25;21706;25
20250107 062600;21706;21707.75;21705;21707.25;35
20250107 062700;21706;21706;21705;21706;13
20250107 062800;21706.75;21707.5;21703;21706;61
20250107 062900;21706.5;21708.25;21704.75;21704.75;55
20250107 063000;21705.25;21706.75;21704.25;21706.75;26
20250107 063100;21707.25;21710.5;21707.25;21708.5;60
20250107 063200;21708.25;21709.5;21703.75;21706;45
20250107 063300;21705.5;21706;21704;21705.5;21
20250107 063400;21705.25;21708.25;21704;21706.75;39
20250107 063500;21706;21706.5;21702;21702;45
20250107 063600;21702.5;21703;21699;21699.25;67
20250107 063700;21699.5;21699.5;21694.5;21698.75;107
20250107 063800;21699.25;21699.75;21696;21697.25;54
20250107 063900;21697.75;21699.5;21696;21697.25;49
20250107 064000;21697.5;21698.25;21696.25;21697;11
20250107 064100;21696.25;21697.75;21687.75;21688;119
20250107 064200;21687.75;21697.25;21687.75;21696;115
20250107 064300;21696.75;21698;21694;21696;35
20250107 064400;21696.25;21700;21696.25;21699;40
20250107 064500;21699.5;21704.75;21697;21704.75;102
20250107 064600;21704.5;21704.5;21697.75;21700.25;76
20250107 064700;21701;21702;21696.5;21699;49
20250107 064800;21698;21702.5;21694;21699.75;134
20250107 064900;21699;21700.25;21697.5;21699.5;41
20250107 065000;21698;21698.25;21695.75;21696;32
20250107 065100;21696.25;21696.25;21689.5;21691.25;87
20250107 065200;21690.75;21694.25;21690;21692;60
20250107 065300;21692;21694.75;21692;21693.75;23
20250107 065400;21692.75;21693.5;21691.5;21693.5;12
20250107 065500;21694.25;21699;21694.25;21699;64
20250107 065600;21698.75;21700;21694.25;21695;39
20250107 065700;21694;21694;21688.75;21690.5;76
20250107 065800;21691;21691.75;21684.5;21684.5;155
20250107 065900;21685;21688.75;21684.25;21688.25;65
20250107 070000;21689.25;21693;21688.5;21690.75;42
20250107 070100;21690.25;21696.25;21688.5;21694.75;87
20250107 070200;21695.25;21696;21690.5;21692.25;77
20250107 070300;21691;21703;21690;21699.5;162
20250107 070400;21699;21709.5;21699;21708;149
20250107 070500;21708;21711.75;21707.5;21708.5;94
20250107 070600;21709;21713.25;21708;21713.25;124
20250107 070700;21713;21717.5;21711.5;21715;153
20250107 070800;21714.75;21719;21712.5;21716;107
20250107 070900;21715.25;21717.25;21714;21717.25;49
20250107 071000;21716.25;21719.75;21715;21719.25;50
20250107 071100;21719;21719;21716;21718.75;29
20250107 071200;21718.75;21727.75;21718.75;21724.5;311
20250107 071300;21723.75;21724.25;21721.25;21723;62
20250107 071400;21722.5;21729.25;21722.5;21726.75;127
20250107 071500;21725.75;21726.25;21723.75;21725;42
20250107 071600;21724.75;21724.75;21712.25;21712.75;196
20250107 071700;21713.25;21716.5;21709.25;21716.5;116
20250107 071800;21716.5;21720;21715.75;21718.25;50
20250107 071900;21716.25;21716.25;21712.75;21714;31
20250107 072000;21714;21719.75;21713.5;21719;44
20250107 072100;21719.75;21723;21718.5;21720.75;108
20250107 072200;21721.25;21724.5;21720.25;21722.5;53
20250107 072300;21723;21723.75;21717.75;21720.75;57
20250107 072400;21720.75;21723.5;21720.25;21722.25;38
20250107 072500;21722.75;21727;21722.25;21724.25;96
20250107 072600;21724;21724;21714.25;21716.75;104
20250107 072700;21717.5;21717.5;21709.25;21710.25;80
20250107 072800;21709.5;21714.75;21709;21712;113
20250107 072900;21712;21713.5;21709;21709;33
20250107 073000;21710;21714.25;21708.75;21711.75;68
20250107 073100;21712.25;21718.25;21711.75;21716.5;103
20250107 073200;21716.5;21718;21715.5;21717.25;49
20250107 073300;21717.25;21719;21714.5;21718.75;47
20250107 073400;21718.5;21724.5;21718;21724.5;92
20250107 073500;21723.5;21724.75;21717.75;21717.75;75
20250107 073600;21718.25;21719.5;21713.75;21714.75;86
20250107 073700;21715.5;21716.5;21712;21715;78
20250107 073800;21715.25;21716.25;21712.5;21715.5;32
20250107 073900;21715.5;21716.75;21710.5;21711;50
20250107 074000;21711.25;21714.25;21711.25;21712.25;28
20250107 074100;21711;21711;21703.25;21704;187
20250107 074200;21703;21706;21701.25;21704.75;144
20250107 074300;21706.25;21707.25;21703.25;21705.5;57
20250107 074400;21704.75;21710.75;21704.75;21710.25;50
20250107 074500;21710.25;21715.75;21708;21715;86
20250107 074600;21713.25;21716;21712.25;21715;74
20250107 074700;21714.5;21719.75;21714.5;21718;74
20250107 074800;21718.5;21721.5;21716.75;21720;54
20250107 074900;21719.75;21719.75;21712;21713.25;74
20250107 075000;21713.25;21721.25;21713.25;21721;78
20250107 075100;21721;21721.75;21719.5;21719.5;31
20250107 075200;21719;21721;21717.5;21720.25;33
20250107 075300;21721;21728.25;21721;21727.75;102
20250107 075400;21728;21728;21724.75;21725.75;64
20250107 075500;21724.25;21727;21718.5;21724.75;181
20250107 075600;21724;21727.25;21723;21726.75;67
20250107 075700;21726.5;21731;21724.5;21728.5;86
20250107 075800;21728;21731.75;21726;21731.75;43
20250107 075900;21731.75;21733;21729;21730.5;60
20250107 080000;21730.5;21732.5;21728;21728.75;78
20250107 080100;21728.75;21736;21721.5;21724.5;355
20250107 080200;21724.25;21730;21720.5;21729.25;186
20250107 080300;21728;21732.25;21726.75;21728.5;128
20250107 080400;21729.5;21733;21727.5;21730.75;116
20250107 080500;21730.75;21733.5;21728.5;21733.25;118
20250107 080600;21731.75;21734;21728.25;21728.5;116
20250107 080700;21729.75;21733.25;21727;21728.75;139
20250107 080800;21728.25;21728.25;21721.75;21723.75;160
20250107 080900;21723.75;21730;21721.5;21729;144
20250107 081000;21728.25;21732.75;21723.75;21732;197
20250107 081100;21732;21733.75;21726;21727.5;134
20250107 081200;21726.25;21727.75;21720.5;21726.25;113
20250107 081300;21726;21728;21723.75;21726.75;82
20250107 081400;21726.5;21729;21719;21719;91
20250107 081500;21719;21721;21713.5;21714.25;130
20250107 081600;21714;21715.75;21707;21714.75;234
20250107 081700;21713.75;21720.5;21713;21720;96
20250107 081800;21719.75;21722.25;21716;21717.25;105
20250107 081900;21717;21721.5;21716;21717.25;129
20250107 082000;21717.25;21720.25;21713.75;21718.5;102
20250107 082100;21718.5;21721.75;21714.75;21720.25;97
20250107 082200;21719.5;21720.25;21712;21713.25;130
20250107 082300;21713.5;21720.25;21712;21720.25;126
20250107 082400;21719.25;21722;21717.5;21722;67
20250107 082500;21721.25;21723;21717.25;21717.75;86
20250107 082600;21717.75;21719.75;21713.75;21717;57
20250107 082700;21716.5;21716.5;21706.75;21708.75;96
20250107 082800;21708;21710.5;21705.5;21710.5;60
20250107 082900;21710.75;21715.25;21707.75;21710.25;103
20250107 083000;21710;21714;21710;21712;47
20250107 083100;21713.5;21715.5;21709.5;21713.75;73
20250107 083200;21712;21724.25;21711.75;21721.25;134
20250107 083300;21721;21725.25;21720.25;21723.5;71
20250107 083400;21724;21724.25;21719;21722.5;70
20250107 083500;21723.25;21731.25;21723.25;21730.25;119
20250107 083600;21729.75;21734.5;21728.25;21730.75;181
20250107 083700;21732;21738.5;21731.5;21738.25;144
20250107 083800;21738.5;21740.5;21733.75;21734.25;272
20250107 083900;21735;21740.5;21734.75;21737;180
20250107 084000;21737.25;21743.25;21737.25;21742.75;142
20250107 084100;21742.5;21746.25;21740;21744;267
20250107 084200;21745;21754.75;21744.5;21751.75;298
20250107 084300;21752.5;21752.75;21746.5;21751;140
20250107 084400;21751.5;21756.25;21750.5;21755.5;196
20250107 084500;21755;21757.25;21754.25;21756.5;136
20250107 084600;21756.5;21757.5;21750.25;21752.75;148
20250107 084700;21752.75;21762.75;21752.75;21762.75;199
20250107 084800;21762.75;21763.5;21756.75;21757.5;179
20250107 084900;21757.25;21762.5;21757;21762;131
20250107 085000;21762.25;21765.5;21761.5;21765.5;115
20250107 085100;21765;21765;21755.75;21757.5;115
20250107 085200;21758;21758;21755.25;21757.5;74
20250107 085300;21757;21757;21747.75;21749;162
20250107 085400;21749.75;21751.5;21746.75;21751;116
20250107 085500;21750.5;21750.5;21743.75;21745;118
20250107 085600;21744;21747.25;21744;21745.25;69
20250107 085700;21745.5;21745.5;21741.25;21743.25;101
20250107 085800;21744;21751.5;21743.75;21750.75;77
20250107 085900;21751.25;21757.25;21750.5;21754;186
20250107 090000;21754.25;21758.75;21753.5;21757.75;103
20250107 090100;21757.5;21759;21754.75;21756.75;250
20250107 090200;21756.75;21759.75;21753;21759.5;172
20250107 090300;21759.5;21769;21758.5;21766.75;268
20250107 090400;21767.5;21769.5;21763;21768.25;167
20250107 090500;21768.25;21768.75;21763;21767.5;153
20250107 090600;21767.25;21767.25;21762.5;21765;144
20250107 090700;21765.25;21766;21761;21763;143
20250107 090800;21763;21763.5;21757.5;21758.75;103
20250107 090900;21759.25;21765;21759;21765;102
20250107 091000;21765.75;21771.5;21765;21770;219
20250107 091100;21770;21773;21769.5;21771.25;133
20250107 091200;21772;21772;21766.25;21769.5;128
20250107 091300;21770;21774.5;21769.25;21770.75;163
20250107 091400;21771.25;21771.5;21762;21765;191
20250107 091500;21764.75;21766.25;21762;21763;64
20250107 091600;21763.25;21763.5;21754.75;21756.5;181
20250107 091700;21756.25;21756.25;21749.75;21751.75;118
20250107 091800;21751.5;21754;21750.5;21750.75;77
20250107 091900;21750.5;21756;21746.75;21755.25;242
20250107 092000;21754.75;21758.25;21754;21755.75;128
20250107 092100;21757.5;21757.5;21751.5;21754.75;69
20250107 092200;21755.5;21761.75;21755.5;21760;107
20250107 092300;21758.75;21759.5;21756;21756.75;51
20250107 092400;21758;21759.5;21755.25;21759;49
20250107 092500;21758.75;21759;21753.25;21754.5;60
20250107 092600;21756;21757.25;21753.25;21755.75;83
20250107 092700;21755.5;21758.5;21752;21753.75;82
20250107 092800;21755;21755.75;21749.5;21755.25;78
20250107 092900;21755.5;21757.25;21754.25;21757;47
20250107 093000;21756.5;21758;21754;21757.5;50
20250107 093100;21757.75;21758.25;21753.5;21758.25;99
20250107 093200;21757.5;21759;21754;21757.5;81
20250107 093300;21757.5;21758.25;21748.5;21748.5;73
20250107 093400;21749;21753.75;21747.5;21753.75;116
20250107 093500;21753.75;21757;21753;21756.75;60
20250107 093600;21756.25;21760;21753.75;21760;78
20250107 093700;21760;21762.75;21757.25;21761.75;87
20250107 093800;21761.25;21766;21761.25;21765;89
20250107 093900;21765.5;21767.5;21764.5;21767.5;65
20250107 094000;21767.75;21768;21762.75;21765.75;84
20250107 094100;21765.5;21765.75;21759.25;21759.25;96
20250107 094200;21759.75;21763;21759.75;21762.25;33
20250107 094300;21761.25;21761.5;21754;21755;125
20250107 094400;21754.75;21759.25;21753.5;21758.25;44
20250107 094500;21756.75;21757;21752.5;21753;45
20250107 094600;21752.75;21752.75;21743.5;21744;233
20250107 094700;21743.75;21743.75;21735.25;21736.5;289
20250107 094800;21736.25;21738.25;21731.25;21734.25;157
20250107 094900;21734;21735.5;21730.5;21734.5;110
20250107 095000;21735;21736.75;21728.75;21735.75;173
20250107 095100;21735;21744.5;21730.25;21730.5;619
20250107 095200;21730.75;21730.75;21724.25;21728;205
20250107 095300;21728.5;21735.5;21728.5;21733;93
20250107 095400;21733.25;21737.25;21732.75;21735.75;88
20250107 095500;21734.75;21735.5;21732.25;21734;63
20250107 095600;21734.25;21737.25;21734;21736.5;56
20250107 095700;21736;21738;21735;21736.25;191
20250107 095800;21736.5;21736.5;21727.25;21732.5;196
20250107 095900;21732.25;21734.5;21731;21733.25;41
20250107 100000;21734.5;21734.5;21727.25;21727.5;93
20250107 100100;21728.25;21729.25;21721.75;21723;164
20250107 100200;21724;21726;21721.75;21726;69
20250107 100300;21725.75;21725.75;21718.25;21719;88
20250107 100400;21719.5;21725;21717;21723.25;132
20250107 100500;21723.75;21733.5;21723.25;21730.25;183
20250107 100600;21731.5;21733;21729.25;21732.25;71
20250107 100700;21732.5;21735;21730;21734;80
20250107 100800;21733.5;21734.5;21732;21732.5;42
20250107 100900;21734;21737.5;21734;21736.5;136
20250107 101000;21736.75;21738;21736;21736.75;156
20250107 101100;21737.5;21749.75;21737.5;21748;508
20250107 101200;21748.5;21749;21745.75;21748.5;68
20250107 101300;21748.25;21752.75;21747.25;21752.25;107
20250107 101400;21752.5;21758;21752.5;21756.25;131
20250107 101500;21756.25;21758.25;21754.5;21756.75;90
20250107 101600;21757;21759.5;21754.25;21758.5;62
20250107 101700;21759;21760;21753.75;21754.75;52
20250107 101800;21756;21756.5;21750;21751.75;92
20250107 101900;21751.5;21758;21751.5;21758;61
20250107 102000;21758.25;21763.5;21757.5;21762.5;141
20250107 102100;21762.5;21766.75;21761.25;21765.5;132
20250107 102200;21764.75;21765;21763;21764;57
20250107 102300;21764;21766.25;21762.75;21765.5;61
20250107 102400;21765.75;21770.25;21763.75;21769;113
20250107 102500;21769.75;21769.75;21762.25;21763.25;97
20250107 102600;21762.5;21762.5;21756.5;21759;108
20250107 102700;21759.75;21759.75;21757;21758.75;62
20250107 102800;21757.75;21761;21755.25;21758.25;52
20250107 102900;21758;21758.75;21754;21757.5;69
20250107 103000;21757;21759;21755.75;21758.75;33
20250107 103100;21759.5;21762.25;21758;21762.25;61
20250107 103200;21762.5;21765.75;21761;21764.75;110
20250107 103300;21765.25;21767.25;21764;21766.25;62
20250107 103400;21767.5;21768.75;21765.5;21766.75;65
20250107 103500;21767.5;21767.5;21765;21766;26
20250107 103600;21765.5;21768;21764.75;21766.75;46
20250107 103700;21766.75;21766.75;21763.5;21764.5;57
20250107 103800;21765.5;21765.5;21761.5;21764.25;62
20250107 103900;21764.5;21766.25;21764.5;21765.25;30
20250107 104000;21765.5;21766.75;21764.25;21766.75;39
20250107 104100;21766.75;21767.5;21763.25;21767.25;44
20250107 104200;21768;21770.5;21767.5;21768.5;69
20250107 104300;21768.5;21768.5;21761.25;21765.75;99
20250107 104400;21766.5;21767;21764.75;21767;49
20250107 104500;21767.25;21767.25;21763.25;21765.75;74
20250107 104600;21765.5;21766.5;21762.5;21762.5;29
20250107 104700;21763.25;21764;21757.25;21759;116
20250107 104800;21758.75;21760.5;21758.25;21759.75;32
20250107 104900;21760.25;21760.5;21754;21754.25;139
20250107 105000;21754.5;21759.75;21754.5;21758;68
20250107 105100;21758.5;21763.75;21758.5;21762.25;82
20250107 105200;21761.75;21765.25;21760.25;21765.25;34
20250107 105300;21765.75;21766.5;21763.75;21766.5;31
20250107 105400;21766.25;21766.5;21763.75;21765.25;25
20250107 105500;21766;21770;21764.75;21769.25;66
20250107 105600;21769.25;21769.25;21766.75;21768.5;39
20250107 105700;21768.5;21770.25;21767.5;21768.25;48
20250107 105800;21768.25;21768.5;21763.75;21767.25;64
20250107 105900;21767.5;21767.5;21764.5;21767.5;59
20250107 110000;21768.25;21771;21767;21768.25;59
20250107 110100;21768;21770.25;21765.5;21770.25;55
20250107 110200;21770.25;21771.5;21759.75;21761;159
20250107 110300;21761.5;21764.25;21758.5;21763.25;128
20250107 110400;21762.75;21763.25;21751;21752.5;169
20250107 110500;21751.75;21759.25;21751.75;21754.25;157
20250107 110600;21753.5;21759;21751.75;21757.5;140
20250107 110700;21758;21758.5;21752;21752.25;74
20250107 110800;21751.75;21754;21750.5;21752;69
20250107 110900;21753.5;21756.75;21751.5;21754.25;73
20250107 111000;21754.25;21757.75;21753.5;21756;35
20250107 111100;21755.25;21757.5;21753.5;21756.75;28
20250107 111200;21756.5;21761.5;21756.5;21760.5;106
20250107 111300;21760.75;21760.75;21748.25;21752.25;179
20250107 111400;21751.75;21756;21749;21756;88
20250107 111500;21755.25;21755.5;21749.5;21751.5;83
20250107 111600;21751.5;21751.5;21742;21744.5;318
20250107 111700;21745.25;21747.5;21744;21746;64
20250107 111800;21747.25;21750.5;21746.75;21750.5;62
20250107 111900;21751.5;21753;21749.75;21751.25;49
20250107 112000;21751;21753.75;21749.5;21751.5;87
20250107 112100;21751.5;21754;21751;21753;60
20250107 112200;21752.75;21754.25;21749;21752;59
20250107 112300;21752.75;21761;21752.5;21758;202
20250107 112400;21757.75;21759.25;21756.5;21757.75;58
20250107 112500;21757.5;21761.25;21757.5;21760;53
20250107 112600;21760.75;21766.25;21760;21763.5;166
20250107 112700;21763.75;21765.25;21763;21764;33
20250107 112800;21764.75;21764.75;21758.75;21760.75;94
20250107 112900;21761.75;21762.5;21760.75;21761;33
20250107 113000;21762;21764;21761;21763.75;53
20250107 113100;21764;21765;21755.5;21755.75;89
20250107 113200;21755;21755;21744.25;21747.75;149
20250107 113300;21746.5;21748.25;21742.5;21746.75;83
20250107 113400;21745.75;21747.25;21743.5;21743.5;92
20250107 113500;21743.5;21747.75;21733.5;21735.75;293
20250107 113600;21735;21738;21726.75;21731.25;393
20250107 113700;21731.5;21738;21727.25;21732.5;247
20250107 113800;21732;21738;21730.75;21735.25;213
20250107 113900;21735.25;21738.75;21734.5;21737.5;73
20250107 114000;21737.75;21739;21735.75;21736.75;68
20250107 114100;21736.25;21738.25;21734.5;21736.75;80
20250107 114200;21737;21739.75;21736.5;21738;57
20250107 114300;21739;21739.5;21733.75;21736.25;59
20250107 114400;21737.25;21739;21732.25;21733.25;50
20250107 114500;21733.75;21737.5;21733.75;21737.5;21
20250107 114600;21738;21741.25;21730.25;21732.25;153
20250107 114700;21733;21735.5;21731;21732;86
20250107 114800;21733;21734.25;21732;21733.5;49
20250107 114900;21734.25;21738.25;21733.75;21736.5;52
20250107 115000;21735.25;21735.5;21732;21732.75;43
20250107 115100;21732.5;21733.5;21728.25;21730.75;69
20250107 115200;21731;21737;21731;21735.5;58
20250107 115300;21734.75;21737;21732.75;21735;95
20250107 115400;21734;21734.5;21724.75;21724.75;85
20250107 115500;21725;21728.75;21724.25;21725.25;111
20250107 115600;21725.5;21727;21720.5;21723.75;136
20250107 115700;21725.25;21729.25;21723;21724.25;93
20250107 115800;21724.25;21731.75;21724;21730.25;73
20250107 115900;21730.75;21734.75;21729.5;21732.75;125
20250107 120000;21733.25;21738.5;21733.25;21736.25;122
20250107 120100;21736.5;21743;21723.25;21724.75;469
20250107 120200;21724;21724.75;21718.75;21723.75;172
20250107 120300;21724.25;21726.5;21719;21726.5;129
20250107 120400;21725.25;21730.75;21723.25;21728.25;87
20250107 120500;21729.5;21732.5;21727.25;21732;86
20250107 120600;21731.75;21739;21731.75;21738.5;98
20250107 120700;21737.75;21740.5;21737.25;21740;114
20250107 120800;21740.25;21741;21736;21737.75;99
20250107 120900;21737.25;21739;21731.25;21734.75;86
20250107 121000;21734.5;21738;21733.75;21738;56
20250107 121100;21738.25;21747.25;21737.5;21746.25;246
20250107 121200;21746.75;21749.75;21744.25;21745.25;132
20250107 121300;21745.75;21746.75;21742.75;21745.75;59
20250107 121400;21746;21747;21738.25;21742.5;135
20250107 121500;21743;21745;21735.75;21738;182
20250107 121600;21737.5;21740.5;21733.75;21739.5;217
20250107 121700;21739.75;21740.5;21737;21740.25;87
20250107 121800;21740.25;21741.5;21729.75;21734.75;126
20250107 121900;21734;21739.5;21733.25;21739.5;95
20250107 122000;21739.25;21742.5;21739.25;21741.25;82
20250107 122100;21741.75;21745;21740.5;21743;88
20250107 122200;21743.5;21743.5;21738.75;21741.5;62
20250107 122300;21739.75;21742;21738.5;21739.75;34
20250107 122400;21740.75;21741.75;21738.5;21740.5;25
20250107 122500;21740.5;21741;21735.5;21735.5;44
20250107 122600;21735.75;21736.5;21728;21730.75;145
20250107 122700;21730.25;21731.25;21727.75;21730.25;73
20250107 122800;21730.25;21732.25;21725;21728.25;83
20250107 122900;21728.75;21729.5;21724.25;21725.75;58
20250107 123000;21726;21730.75;21724.5;21730.75;81
20250107 123100;21730.75;21732.5;21729.5;21731.25;88
20250107 123200;21731.25;21739.75;21729.75;21739;177
20250107 123300;21739;21744.5;21739;21743.25;109
20250107 123400;21742.75;21746;21742.25;21745.25;135
20250107 123500;21745.5;21746.5;21744.5;21744.75;54
20250107 123600;21744.75;21749.5;21743.75;21747;108
20250107 123700;21746.5;21746.5;21742;21742.75;103
20250107 123800;21742.5;21743.25;21740.25;21741.25;65
20250107 123900;21741.75;21742.25;21738.75;21741.25;62
20250107 124000;21741.5;21744.75;21740;21744.25;52
20250107 124100;21744.25;21755;21744.25;21755;346
20250107 124200;21754;21755.75;21753;21755.25;100
20250107 124300;21754.75;21756;21754.25;21755.75;90
20250107 124400;21756;21757.25;21755.5;21756.5;70
20250107 124500;21756.75;21759.75;21753.25;21754.5;185
20250107 124600;21754.5;21755.25;21752;21753;79
20250107 124700;21752.75;21753;21746.25;21747.25;219
20250107 124800;21746.5;21751;21746.5;21750.25;61
20250107 124900;21750;21752;21746;21752;78
20250107 125000;21751.75;21754.75;21751;21754.5;61
20250107 125100;21754;21757.75;21753;21757;85
20250107 125200;21757.25;21763.25;21756.75;21762.75;174
20250107 125300;21763.25;21763.75;21759.5;21760.5;119
20250107 125400;21759.25;21762;21758;21758;71
20250107 125500;21757.75;21760;21753.5;21755.5;112
20250107 125600;21755;21757.5;21751.75;21752.25;96
20250107 125700;21752;21752.25;21745.5;21746.25;154
20250107 125800;21746.75;21748.5;21741;21741.25;189
20250107 125900;21741.25;21742.25;21737.5;21741.25;221
20250107 130000;21741;21747.5;21737.5;21745.5;202
20250107 130100;21744.75;21746.75;21740.25;21741.75;183
20250107 130200;21742.25;21748.5;21742;21748.5;97
20250107 130300;21747.75;21752;21745;21752;123
20250107 130400;21751.5;21753.25;21742;21744.75;125
20250107 130500;21744.75;21746.75;21743;21744.5;53
20250107 130600;21744.5;21745.75;21744;21744.75;34
20250107 130700;21745.5;21746;21737;21737;185
20250107 130800;21737.75;21739;21735.5;21736.75;141
20250107 130900;21736.75;21739;21735;21737.75;112
20250107 131000;21738.25;21739.25;21731.25;21733.75;176
20250107 131100;21735.25;21740;21733.75;21739;82
20250107 131200;21739.25;21739.75;21734.25;21737.25;120
20250107 131300;21736.75;21743.75;21736.75;21741.75;101
20250107 131400;21741.5;21749;21741;21747.5;157
20250107 131500;21746.75;21749.5;21744.25;21746.75;77
20250107 131600;21746.75;21756;21746.75;21753.25;314
20250107 131700;21753;21754.5;21751.25;21751.5;110
20250107 131800;21752;21755;21751.5;21754.5;56
20250107 131900;21755;21756;21753.75;21755;94
20250107 132000;21755;21759.5;21753;21753.75;179
20250107 132100;21754.25;21755.25;21741.25;21745.75;555
20250107 132200;21746;21749;21745.25;21746.5;117
20250107 132300;21747.75;21750.5;21744.5;21746.5;99
20250107 132400;21746.5;21751;21746.5;21748.25;81
20250107 132500;21748.5;21749.25;21746.25;21747.75;80
20250107 132600;21748.25;21749.25;21742.25;21742.75;117
20250107 132700;21742.75;21743.5;21736;21738;192
20250107 132800;21738.5;21744;21737.5;21744;141
20250107 132900;21744;21746;21740.75;21744.5;201
20250107 133000;21745;21747.25;21744;21745.5;87
20250107 133100;21746.5;21750.5;21737.5;21739;206
20250107 133200;21739;21742.75;21735;21742;151
20250107 133300;21741.75;21745;21739.25;21745;85
20250107 133400;21745;21748.5;21744.75;21745.75;122
20250107 133500;21745.5;21753;21745.5;21751;163
20250107 133600;21750.5;21750.75;21745.75;21749.25;94
20250107 133700;21748.25;21754.25;21745.25;21752.75;179
20250107 133800;21752.25;21752.75;21750;21750.5;91
20250107 133900;21750.5;21751.75;21747;21748.5;123
20250107 134000;21747.25;21748;21740.75;21748;154
20250107 134100;21747.5;21752.5;21747.5;21750.75;99
20250107 134200;21751.5;21751.5;21748.25;21750;97
20250107 134300;21750.5;21750.5;21741.25;21742.75;138
20250107 134400;21742.5;21745.25;21740.5;21745.25;63
20250107 134500;21745.5;21751.25;21744.75;21750.75;118
20250107 134600;21751;21754.75;21749;21754.5;146
20250107 134700;21753.5;21758;21752.75;21756.25;265
20250107 134800;21756.25;21758.25;21753.75;21756.75;196
20250107 134900;21757.5;21760;21756.5;21759.75;128
20250107 135000;21759;21764;21757.5;21761.5;380
20250107 135100;21761;21766;21760.5;21765;224
20250107 135200;21765;21765.25;21762.25;21764.5;103
20250107 135300;21764.5;21765.75;21760.5;21764.25;138
20250107 135400;21764.75;21769.25;21764;21766;274
20250107 135500;21765.75;21767.75;21761.75;21762;194
20250107 135600;21762.75;21763.75;21757.75;21763.25;240
20250107 135700;21763;21768;21762;21766.5;176
20250107 135800;21766.75;21770;21766.25;21769.25;184
20250107 135900;21769;21771;21768;21768.5;235
20250107 140000;21769;21779;21766.25;21778.25;549
20250107 140100;21778.25;21784.25;21778;21782.75;558
20250107 140200;21783;21793.5;21781.75;21790.5;429
20250107 140300;21791;21794;21785.5;21793.75;594
20250107 140400;21793.5;21793.75;21787;21792;353
20250107 140500;21792;21792.5;21790;21790.5;183
20250107 140600;21790.5;21792.75;21787.5;21790.25;212
20250107 140700;21789.5;21789.75;21781.25;21789.75;298
20250107 140800;21789.5;21789.5;21784.75;21787;131
20250107 140900;21786.5;21796;21784;21793.5;329
20250107 141000;21793.75;21797.25;21786.75;21788.75;459
20250107 141100;21789.5;21793.25;21788;21790.25;246
20250107 141200;21790.75;21791.5;21783.25;21785.5;217
20250107 141300;21785.25;21796.5;21784.25;21794.75;315
20250107 141400;21795;21795.5;21793;21795;230
20250107 141500;21794.5;21795.25;21789.5;21790.5;122
20250107 141600;21790.5;21792.25;21786;21788;200
20250107 141700;21788.5;21789.5;21785.75;21789;159
20250107 141800;21789;21795.25;21787.75;21793.5;277
20250107 141900;21794;21794.25;21787.5;21788.5;206
20250107 142000;21789.25;21790;21782.75;21784.25;316
20250107 142100;21784.5;21784.75;21775.5;21777;426
20250107 142200;21777;21779.5;21774.75;21775.75;384
20250107 142300;21775.75;21777;21771.25;21776.25;374
20250107 142400;21776.5;21782;21776.25;21778.5;380
20250107 142500;21778.75;21781.5;21776.75;21778.75;298
20250107 142600;21780.25;21789.5;21780.25;21785.25;719
20250107 142700;21785.5;21786.25;21780.5;21784.5;375
20250107 142800;21784.5;21791.75;21783;21785.25;572
20250107 142900;21784.5;21792.5;21782.75;21792.5;668
20250107 143000;21792.5;21796;21790;21792.5;745
20250107 143100;21792;21806;21782.75;21794;4219
20250107 143200;21794.5;21800;21778.5;21786;2624
20250107 143300;21786.75;21801.5;21775;21784;2489
20250107 143400;21784.5;21789;21761.75;21764.25;2404
20250107 143500;21764;21774;21747.25;21749.5;2796
20250107 143600;21749.75;21752.75;21728.75;21733.75;2878
20250107 143700;21734;21749.5;21720.5;21726.25;2586
20250107 143800;21724.75;21737.5;21714.5;21735.5;2445
20250107 143900;21736.25;21748.25;21719.75;21727;2140
20250107 144000;21727.5;21728.75;21695.25;21701.75;2839
20250107 144100;21701.5;21721.75;21695.75;21718.5;2682
20250107 144200;21718.25;21730;21708.5;21728.25;2028
20250107 144300;21728;21738.5;21719.5;21734.25;2103
20250107 144400;21734.75;21751.75;21734.5;21749.5;2035
20250107 144500;21749.5;21769;21748.75;21764.75;2152
20250107 144600;21765.75;21787.25;21763;21778.25;2601
20250107 144700;21779.25;21783.75;21759.25;21766.5;2051
20250107 144800;21765.5;21773.5;21756.25;21770.5;1301
20250107 144900;21770.5;21784;21768.25;21776;1280
20250107 145000;21776;21778.5;21754.25;21758.25;1433
20250107 145100;21758.75;21763.5;21749;21754;1698
20250107 145200;21754.75;21778;21754.75;21770.25;1565
20250107 145300;21771.25;21792.75;21771;21790.25;1636
20250107 145400;21791.25;21795;21764;21767.5;1539
20250107 145500;21768.25;21771.75;21754;21756.5;1238
20250107 145600;21756;21769.75;21755;21767.25;1203
20250107 145700;21766.75;21768.25;21733;21735;1933
20250107 145800;21735.25;21745.25;21712.75;21727.25;2890
20250107 145900;21727.75;21735;21703.5;21711.25;1802
20250107 150000;21711.25;21720.5;21706.25;21709.75;1062
20250107 150100;21710.25;21710.25;21650.75;21653;4740
20250107 150200;21654;21660.5;21612.25;21621.5;5186
20250107 150300;21622.75;21640.5;21598.75;21635.75;4920
20250107 150400;21635.75;21649.5;21621.5;21647;3724
20250107 150500;21647.25;21647.25;21600.5;21602.25;3619
20250107 150600;21603;21626;21592.25;21622.25;4685
20250107 150700;21621.75;21625;21603.5;21609;1962
20250107 150800;21609.75;21625;21586.25;21588.75;3673
20250107 150900;21589;21609;21564.75;21596.5;3876
20250107 151000;21595.75;21598.75;21551.75;21568.25;3780
20250107 151100;21566.75;21576.75;21550.5;21560.75;2833
20250107 151200;21560.5;21584.5;21556.75;21566.5;2443
20250107 151300;21567.25;21610.5;21562.75;21602.25;2991
20250107 151400;21601.75;21610;21579;21580.25;2103
20250107 151500;21581.5;21588.5;21571;21580;1892
20250107 151600;21579.25;21581.5;21564;21573.25;2164
20250107 151700;21573.5;21581.5;21555;21562.75;2077
20250107 151800;21562;21575;21531.5;21535.25;3770
20250107 151900;21535;21554;21525.25;21541;2787
20250107 152000;21541.25;21569;21541.25;21565.25;2494
20250107 152100;21564.5;21587.25;21559.25;21569.5;2637
20250107 152200;21570.25;21601;21570.25;21594.5;2623
20250107 152300;21594;21598;21575;21583.5;1907
20250107 152400;21584.25;21611.5;21583;21593;2374
20250107 152500;21593;21607.5;21588.25;21603.25;1647
20250107 152600;21604;21629.25;21602.25;21621.25;3041
20250107 152700;21621.75;21635;21621;21631.5;1669
20250107 152800;21631.5;21636.5;21615.5;21620;1810
20250107 152900;21620.5;21620.75;21595.25;21611.25;1890
20250107 153000;21611.75;21616;21576;21577.25;2253
20250107 153100;21577;21586.25;21545.25;21549;2854
20250107 153200;21549.25;21553.75;21516;21516.75;3673
20250107 153300;21516.5;21528.75;21486.25;21507;3992
20250107 153400;21508;21520.75;21496;21512.75;2389
20250107 153500;21511.75;21520.25;21491.25;21507.5;2313
20250107 153600;21508;21516.25;21491.75;21500.75;2057
20250107 153700;21500.25;21505.75;21482;21503.25;2372
20250107 153800;21503.25;21519.25;21491;21497.5;2303
20250107 153900;21497;21502.75;21458;21462.5;4096
20250107 154000;21462.25;21463.75;21420.5;21431.75;4662
20250107 154100;21432;21457;21426.75;21431;3260
20250107 154200;21432;21454.75;21426;21447.25;2143
20250107 154300;21448.25;21451.5;21423.5;21432.5;2217
20250107 154400;21433;21452;21430.5;21448;1385
20250107 154500;21447.5;21459.5;21433;21455;2217
20250107 154600;21454.25;21454.25;21427.75;21447.5;2311
20250107 154700;21447.25;21451;21427.75;21433.5;1735
20250107 154800;21433.25;21435.25;21399.5;21418;3212
20250107 154900;21417.25;21433.75;21409.5;21424.25;2069
20250107 155000;21425;21452.25;21423.75;21446.25;2471
20250107 155100;21445.5;21464.5;21433.75;21457.5;3121
20250107 155200;21457.25;21470.25;21449;21458;2584
20250107 155300;21456.5;21477.25;21456.25;21475.75;2089
20250107 155400;21475.5;21478.75;21465.25;21468;1573
20250107 155500;21468.25;21505.25;21466.75;21486.75;2913
20250107 155600;21487;21513.75;21487;21505;2861
20250107 155700;21505;21526.25;21501.25;21509.5;2603
20250107 155800;21510;21528.75;21504;21521.75;2454
20250107 155900;21521.75;21540.75;21516.5;21537.25;1992
20250107 160000;21537.5;21551.75;21536;21549.75;2106
20250107 160100;21548.5;21558;21541.75;21551.25;1975
20250107 160200;21551.5;21551.5;21531.75;21544.75;2307
20250107 160300;21545;21553.5;21527;21528.75;1866
20250107 160400;21529;21543.5;21521.5;21539.5;1733
20250107 160500;21538.5;21550;21530;21544.75;1311
20250107 160600;21545.5;21546.5;21507;21518.5;2293
20250107 160700;21517;21544.25;21515;21535.25;1399
20250107 160800;21536;21541.75;21518;21520;1163
20250107 160900;21520.25;21553;21518.75;21543.5;1494
20250107 161000;21543.5;21552;21534;21537.75;1054
20250107 161100;21537.75;21546.75;21527.25;21535.25;1235
20250107 161200;21536.25;21539.75;21508;21512.75;1323
20250107 161300;21512.25;21516;21495.5;21505.75;2009
20250107 161400;21506.5;21517.25;21493.5;21516;1236
20250107 161500;21516.5;21532.75;21509.25;21515;1611
20250107 161600;21514.75;21515.25;21498.25;21509.75;1384
20250107 161700;21510.25;21526;21507.5;21520.75;1266
20250107 161800;21521.5;21527.5;21510;21520;914
20250107 161900;21518.75;21522.5;21504.75;21519.75;989
20250107 162000;21520.25;21528.25;21515.5;21519.75;916
20250107 162100;21520.75;21535.75;21519.75;21533.5;1354
20250107 162200;21533.25;21538.5;21523.5;21529.75;933
20250107 162300;21529.75;21546.25;21510;21510.5;1565
20250107 162400;21510.75;21516.75;21501.5;21512.25;1256
20250107 162500;21511.75;21543.75;21510.5;21543;1480
20250107 162600;21542.75;21551;21539.25;21542.25;1163
20250107 162700;21541.75;21567;21539.5;21549;1745
20250107 162800;21548.75;21549;21534;21544;1368
20250107 162900;21544;21573.25;21543.75;21570;1645
20250107 163000;21570;21570;21547;21555.5;1283
20250107 163100;21554.5;21559.75;21521.75;21522.75;1722
20250107 163200;21522;21525.25;21501;21515.25;2576
20250107 163300;21516;21546.25;21514;21537;1665
20250107 163400;21537.25;21551.5;21527.75;21533.5;1380
20250107 163500;21534.75;21537;21509;21513.25;1190
20250107 163600;21514.25;21515.25;21485.5;21500;2123
20250107 163700;21500.25;21504;21475.5;21492.25;1977
20250107 163800;21493.25;21508.5;21487.75;21501.5;1092
20250107 163900;21501.75;21518.5;21498.75;21506.5;1142
20250107 164000;21506.25;21545.25;21501.5;21541.25;1535
20250107 164100;21540.5;21552;21533.75;21551;1422
20250107 164200;21549.75;21555;21515;21517.25;1730
20250107 164300;21516.75;21527;21505.25;21525;994
20250107 164400;21525.75;21529.5;21515;21516;806
20250107 164500;21515.75;21518;21499.75;21503.75;1057
20250107 164600;21504.5;21514.25;21498.5;21513.75;1015
20250107 164700;21514;21521.25;21507.5;21516.25;693
20250107 164800;21516;21526.25;21508.75;21526;654
20250107 164900;21526.75;21529.5;21506;21507;856
20250107 165000;21506.75;21510.75;21499.25;21502.25;936
20250107 165100;21502.75;21503;21473.5;21483.75;2247
20250107 165200;21483.5;21485.5;21459.75;21460.5;1875
20250107 165300;21460;21470.75;21454;21463.75;1791
20250107 165400;21464;21470;21447.75;21455.5;1327
20250107 165500;21456;21459.75;21440;21447.75;1553
20250107 165600;21447.75;21457.75;21441;21442.5;1419
20250107 165700;21443;21453.75;21440;21445;1173
20250107 165800;21445.5;21451;21433.25;21440.5;1187
20250107 165900;21440.75;21443.75;21425.5;21429.75;1502
20250107 170000;21430;21440.75;21428.5;21435;1089
20250107 170100;21435.75;21463.5;21435.25;21447.75;2105
20250107 170200;21447.25;21455.25;21445.25;21452.5;707
20250107 170300;21453.75;21457.5;21441.5;21444;916
20250107 170400;21444;21451.5;21438.75;21442;759
20250107 170500;21441.5;21443;21434.75;21443;774
20250107 170600;21442.5;21448.25;21432;21445.5;1002
20250107 170700;21445;21448.75;21430.25;21432.25;769
20250107 170800;21433;21447.25;21432.75;21435;659
20250107 170900;21435.5;21446.5;21430.5;21441;723
20250107 171000;21442.5;21452;21437.5;21446.5;696
20250107 171100;21446;21447.25;21425.25;21436;1256
20250107 171200;21436.25;21443.25;21433.25;21439.75;658
20250107 171300;21440.75;21456;21437.75;21453.25;967
20250107 171400;21452.25;21459.25;21450;21451.25;791
20250107 171500;21451.25;21471.25;21444.75;21466.25;1471
20250107 171600;21466;21471.25;21457.75;21459.75;1189
20250107 171700;21459.25;21462;21450;21454.25;792
20250107 171800;21455;21459.5;21444;21452;724
20250107 171900;21452.25;21462.25;21450;21461.75;504
20250107 172000;21461.25;21475.75;21460.5;21461.75;1189
20250107 172100;21462.5;21464.75;21450.75;21455.75;879
20250107 172200;21455.5;21466;21453.5;21459;497
20250107 172300;21458.5;21459;21436.5;21437.75;914
20250107 172400;21438;21441.75;21430.5;21438.75;827
20250107 172500;21438;21441.25;21429;21433.5;668
20250107 172600;21433.75;21439.25;21432.25;21434.25;447
20250107 172700;21433.25;21434.75;21416.5;21425.25;1228
20250107 172800;21425.25;21434.75;21421.75;21432.5;614
20250107 172900;21433;21436;21410.25;21413.75;1086
20250107 173000;21413.75;21435.75;21412.25;21429;864
20250107 173100;21429;21443;21425.25;21438;936
20250107 173200;21437.25;21449;21434.75;21444;905
20250107 173300;21442.75;21456;21440;21440.5;883
20250107 173400;21440.25;21466;21439.5;21464.25;957
20250107 173500;21462.5;21463.5;21451.25;21454;653
20250107 173600;21453.75;21455.5;21440.75;21443;724
20250107 173700;21443.25;21452.75;21438.25;21444;618
20250107 173800;21444.25;21450.5;21431;21431.25;756
20250107 173900;21431;21433;21418.25;21432.25;923
20250107 174000;21431.75;21434.75;21426.75;21430;600
20250107 174100;21430;21434.5;21422;21433.5;622
20250107 174200;21433.5;21439.5;21416.5;21418.75;694
20250107 174300;21419;21425;21409.75;21421.5;985
20250107 174400;21421.25;21423;21414.5;21419.75;536
20250107 174500;21421.5;21424;21413;21418.75;540
20250107 174600;21418.75;21420.5;21405;21411.25;1354
20250107 174700;21411.25;21417.75;21393.25;21399.25;1963
20250107 174800;21399;21411.5;21395.5;21410.25;1047
20250107 174900;21410.25;21412.75;21401.5;21406.75;561
20250107 175000;21406.75;21414;21403.25;21408.25;503
20250107 175100;21408.25;21413.5;21401.25;21404;528
20250107 175200;21404.25;21407;21389.75;21393.25;1061
20250107 175300;21393.5;21401.25;21387;21399.25;1041
20250107 175400;21399;21404.75;21392.75;21404;475
20250107 175500;21403.25;21416.25;21400.5;21415.25;803
20250107 175600;21414.75;21420;21412;21412;633
20250107 175700;21412.25;21432.25;21410.75;21431.25;1163
20250107 175800;21432.25;21432.75;21421.25;21427;723
20250107 175900;21427;21433.25;21424;21431.75;563
20250107 180000;21432.5;21449;21432;21445;1163
20250107 180100;21445.5;21454;21438.75;21448;917
20250107 180200;21448;21459;21439.5;21441.75;901
20250107 180300;21442.25;21461;21440;21449.75;870
20250107 180400;21450;21459.25;21446;21458.75;556
20250107 180500;21457.75;21464;21456.25;21458.5;774
20250107 180600;21458.5;21469;21453.5;21456.5;806
20250107 180700;21456.25;21471.25;21455.75;21470.25;666
20250107 180800;21470.25;21474.75;21460.75;21468.25;632
20250107 180900;21467.75;21483.75;21467.25;21479.5;1054
20250107 181000;21480;21486.25;21479;21481;736
20250107 181100;21480.5;21489.25;21475.5;21486;938
20250107 181200;21485.5;21486;21476.25;21478;505
20250107 181300;21479.25;21485.25;21474.25;21482.75;668
20250107 181400;21483.25;21486.5;21480.25;21485;414
20250107 181500;21484.75;21492.75;21483;21492.5;561
20250107 181600;21492.5;21493.25;21479.75;21484.25;786
20250107 181700;21485;21490.25;21477.5;21485.25;692
20250107 181800;21486;21495.5;21483.25;21487;591
20250107 181900;21486.75;21497.75;21486.75;21495.75;487
20250107 182000;21496.75;21502.25;21493;21495.75;702
20250107 182100;21496;21500;21492;21493;445
20250107 182200;21494.25;21503.25;21490;21501.75;541
20250107 182300;21501.75;21510.5;21493.5;21497.25;1020
20250107 182400;21498.25;21503.25;21495.75;21502.25;438
20250107 182500;21503;21505.75;21497;21502.75;478
20250107 182600;21502.25;21512;21497.5;21510.75;418
20250107 182700;21511;21517.25;21510.75;21514;696
20250107 182800;21513.5;21513.75;21508.75;21512.25;456
20250107 182900;21512;21516.5;21505.25;21507.5;492
20250107 183000;21508.5;21511;21502.75;21508.5;385
20250107 183100;21507;21507.5;21487.5;21488.5;1187
20250107 183200;21488.75;21494.5;21482.75;21491.75;1223
20250107 183300;21491.75;21493.25;21488.25;21489;445
20250107 183400;21488.75;21493.75;21484.25;21488;560
20250107 183500;21489.25;21491.75;21482.25;21485;328
20250107 183600;21485;21487;21478.75;21481.25;477
20250107 183700;21482;21490.25;21475;21475;675
20250107 183800;21474.75;21476.75;21461.5;21463;1554
20250107 183900;21463;21467.5;21457.5;21464.25;966
20250107 184000;21465.25;21469.5;21462.75;21465.75;473
20250107 184100;21466;21469;21448;21452;1135
20250107 184200;21452.25;21454.75;21441.25;21446.25;847
20250107 184300;21446.5;21451;21441.25;21448.75;622
20250107 184400;21449.25;21451.75;21444.25;21447;512
20250107 184500;21447.25;21449.25;21436.75;21445.5;848
20250107 184600;21446.75;21450.25;21440.75;21446.5;706
20250107 184700;21445.5;21449;21437;21439;665
20250107 184800;21439.25;21450;21439;21448;510
20250107 184900;21448.75;21453.25;21438.25;21441.5;570
20250107 185000;21440.75;21446.25;21437.75;21440;436
20250107 185100;21440;21446.5;21433.75;21444.25;876
20250107 185200;21444.5;21448.75;21441.25;21446.25;490
20250107 185300;21447;21451;21438.25;21449.5;558
20250107 185400;21450.5;21451.75;21438.75;21444.5;559
20250107 185500;21444.25;21445.5;21435.5;21441.5;351
20250107 185600;21441.25;21444.25;21437.5;21442.5;271
20250107 185700;21442.25;21443.75;21427.75;21430;731
20250107 185800;21430.5;21439;21429;21437;467
20250107 185900;21437.5;21441.5;21432.5;21436.25;462
20250107 190000;21436.5;21441.25;21434.75;21440;389
20250107 190100;21439.25;21443;21436;21441.75;592
20250107 190200;21441.5;21454.25;21437.25;21450.25;954
20250107 190300;21450.25;21460.75;21445.25;21459.75;1098
20250107 190400;21459;21459;21444.75;21445;732
20250107 190500;21445.75;21447.25;21439.75;21445.25;588
20250107 190600;21445.75;21448.5;21438.25;21447;500
20250107 190700;21447.75;21454;21447.5;21453;531
20250107 190800;21453.25;21466;21453;21455;948
20250107 190900;21454.75;21465.75;21452.5;21464.5;617
20250107 191000;21464.25;21466.25;21456.5;21463.25;575
20250107 191100;21462.5;21472;21459.5;21463.5;777
20250107 191200;21464.25;21471.75;21464.25;21467.75;522
20250107 191300;21468;21474.5;21462.5;21467.75;816
20250107 191400;21468;21474.75;21465.75;21466.25;577
20250107 191500;21467.5;21468.25;21457.75;21459.75;673
20250107 191600;21460;21460.5;21449.75;21452.75;751
20250107 191700;21453;21453.5;21448.25;21452;612
20250107 191800;21452.5;21452.75;21443.25;21449.5;687
20250107 191900;21449.25;21452;21447;21448.5;384
20250107 192000;21448;21452.75;21447.5;21449;464
20250107 192100;21449.5;21453.75;21442;21445;659
20250107 192200;21445;21445.75;21438.5;21443.25;573
20250107 192300;21442.75;21445.75;21437;21441;579
20250107 192400;21440.25;21443.25;21431.25;21442.25;797
20250107 192500;21443;21447.25;21440.25;21445.5;448
20250107 192600;21445.75;21452.5;21445.75;21446.5;609
20250107 192700;21446.25;21457.5;21445.75;21449;497
20250107 192800;21448.75;21456.5;21446;21452.5;402
20250107 192900;21452.25;21457.5;21451.5;21453;369
20250107 193000;21453.25;21461.25;21450.5;21456.75;454
20250107 193100;21456.25;21459;21445.75;21446.5;618
20250107 193200;21446.5;21449.75;21441.75;21444.25;559
20250107 193300;21444;21445.5;21436.5;21439.5;550
20250107 193400;21439;21443;21436;21439;380
20250107 193500;21439;21441.75;21433.5;21441;455
20250107 193600;21441.5;21445;21435.5;21437.25;455
20250107 193700;21437;21439.25;21433.75;21434.75;409
20250107 193800;21434;21434.5;21423.75;21424.5;1140
20250107 193900;21424.75;21432.25;21422.25;21423;625
20250107 194000;21422.75;21423;21417.25;21420.25;657
20250107 194100;21420;21422.75;21406.25;21410.25;1017
20250107 194200;21410.75;21412.75;21406.75;21407.75;714
20250107 194300;21408.25;21412.25;21404;21408.75;587
20250107 194400;21408.25;21428;21403;21426.5;1057
20250107 194500;21426.5;21441.75;21425.75;21438;1113
20250107 194600;21437.25;21447.5;21435.25;21445.25;1049
20250107 194700;21445.25;21446.25;21434.25;21437.75;649
20250107 194800;21438;21441.75;21421.5;21425.5;854
20250107 194900;21424.75;21425.25;21415;21417;618
20250107 195000;21416.5;21416.75;21408.5;21411.25;509
20250107 195100;21412;21433.25;21410.75;21427.5;1580
20250107 195200;21427.25;21429.75;21421.25;21421.75;584
20250107 195300;21421.25;21429.75;21419;21422.5;584
20250107 195400;21422.5;21425.5;21416.25;21423.5;477
20250107 195500;21422.75;21424.75;21419.25;21421.75;362
20250107 195600;21422;21426;21419.5;21423;538
20250107 195700;21422.75;21423;21416.75;21418.25;450
20250107 195800;21418.25;21422.25;21412.25;21419.75;616
20250107 195900;21419.25;21421.25;21413.75;21416.25;404
20250107 200000;21415.75;21421;21414.5;21417.5;739
20250107 200100;21417.75;21423;21410.75;21411.75;663
20250107 200200;21411.25;21412.5;21400.25;21401;1076
20250107 200300;21400.5;21406.75;21398.5;21400;728
20250107 200400;21400.5;21404.5;21391.5;21399.25;1220
20250107 200500;21399.75;21413;21399.5;21408.25;904
20250107 200600;21408.25;21409.25;21394.5;21397.25;760
20250107 200700;21396.5;21419.25;21394.5;21415;1084
20250107 200800;21414.75;21414.75;21396;21398.75;938
20250107 200900;21398.25;21401;21388;21388.75;858
20250107 201000;21388.5;21393.5;21379;21385;1386
20250107 201100;21384.5;21384.75;21371.25;21377;1595
20250107 201200;21378;21380.75;21364.25;21370.75;1116
20250107 201300;21370.75;21373;21358.25;21369.5;1117
20250107 201400;21370;21374;21361.5;21363.5;752
20250107 201500;21363.75;21375.75;21363.5;21367.5;729
20250107 201600;21369;21376.5;21363;21371.25;815
20250107 201700;21370.5;21379.5;21367.25;21370;895
20250107 201800;21370.5;21373;21360.75;21366;719
20250107 201900;21365.5;21368;21358;21358.75;691
20250107 202000;21358;21367.5;21357.75;21362;467
20250107 202100;21362.5;21364;21348.75;21351.25;1465
20250107 202200;21351;21353.25;21344.25;21348.25;750
20250107 202300;21348;21350;21329.5;21335;1696
20250107 202400;21335.25;21346;21333.25;21343.75;1145
20250107 202500;21344;21346.75;21334;21334.25;837
20250107 202600;21334;21352.5;21334;21349;1093
20250107 202700;21347.75;21349;21335.25;21337.25;704
20250107 202800;21336.75;21344;21325.5;21340.25;978
20250107 202900;21340.5;21344.75;21329.5;21330.25;630
20250107 203000;21330.75;21333;21324.75;21327;765
20250107 203100;21327.25;21342.25;21326;21327;1217
20250107 203200;21327.5;21332;21319.25;21328;1157
20250107 203300;21327.5;21327.75;21318.75;21320.75;820
20250107 203400;21321.5;21330.5;21319;21319;784
20250107 203500;21319.5;21319.5;21300.5;21302.75;1668
20250107 203600;21302.25;21306.75;21283.25;21285.5;2419
20250107 203700;21285.25;21291.25;21281.5;21284.25;1751
20250107 203800;21284.5;21290;21279.5;21285.5;1183
20250107 203900;21285.5;21300.75;21282.25;21297;1408
20250107 204000;21297.25;21326;21294.75;21324.75;2455
20250107 204100;21324.75;21351.5;21321.25;21348.75;3000
20250107 204200;21347.75;21354.25;21335;21350.75;1551
20250107 204300;21349.25;21356.75;21341.5;21343.75;1314
20250107 204400;21343.5;21357;21335.75;21351.75;1190
20250107 204500;21351.5;21352.75;21318.75;21321;1492
20250107 204600;21320.75;21331.5;21310.75;21313.25;1490
20250107 204700;21313;21344.25;21312;21333.25;1187
20250107 204800;21333;21347.25;21332.5;21342;1036
20250107 204900;21342.75;21349.75;21331;21340.25;809
20250107 205000;21342;21352;21340.75;21344.25;868
20250107 205100;21344;21362.75;21336.25;21362.5;1933
20250107 205200;21361.75;21361.75;21339.75;21344.25;1185
20250107 205300;21344;21349.25;21328.5;21346;1499
20250107 205400;21346;21365.5;21342;21361.75;1355
20250107 205500;21361.75;21363.5;21339.75;21357.25;2437
20250107 205600;21357.5;21373.75;21352.5;21354.75;2378
20250107 205700;21354.75;21366.5;21353.75;21357.5;1311
20250107 205800;21357.5;21368.75;21353.5;21365;1243
20250107 205900;21364.5;21367;21349.75;21358.25;1761
20250107 210000;21357.75;21365.75;21352;21359.25;8194
20250107 210100;21359.25;21374.75;21358.25;21372.75;3216
20250107 210200;21373;21383.5;21366.75;21378;1399
20250107 210300;21378.5;21382.25;21375;21380;1019
20250107 210400;21379.5;21381;21370.5;21378.5;868
20250107 210500;21378.25;21384.5;21371.75;21376.25;698
20250107 210600;21377;21380.5;21376;21376.5;416
20250107 210700;21377.25;21379.5;21374.5;21377.75;367
20250107 210800;21377.75;21382;21376.25;21381.5;276
20250107 210900;21381;21387.5;21381;21383.25;486
20250107 211000;21382.75;21386;21380;21382.5;382
20250107 211100;21381.75;21384.5;21380.25;21382.25;268
20250107 211200;21382.75;21388.5;21381.75;21387.5;157
20250107 211300;21387.25;21390.75;21386.25;21388;285
20250107 211400;21388.25;21389.5;21383.25;21387.25;302
20250107 211500;21387.75;21390.75;21387.5;21390;227
20250107 211600;21389.75;21392;21384.75;21385;270
20250107 211700;21385.5;21390.5;21385;21389.5;129
20250107 211800;21389.5;21394.5;21389.25;21393;226
20250107 211900;21392.5;21394.25;21388.5;21393.75;187
20250107 212000;21394;21394;21389.5;21389.5;97
20250107 212100;21389.5;21389.75;21381.5;21381.75;252
20250107 212200;21381.75;21382;21377;21379.75;263
20250107 212300;21380.5;21380.5;21376.75;21379.25;112
20250107 212400;21379.75;21386;21379.5;21386;78
20250107 212500;21386;21386.25;21383.25;21384;98
20250107 212600;21384.25;21386.5;21384.25;21384.75;83
20250107 212700;21385.75;21387.75;21383.75;21387.75;52
20250107 212800;21387.25;21387.25;21380.75;21382;140
20250107 212900;21382;21383;21378;21382.75;138
20250107 213000;21382.5;21385.25;21381.5;21383;82
20250107 213100;21383.5;21386;21382.25;21382.25;75
20250107 213200;21382.25;21386.75;21382;21385.5;81
20250107 213300;21385;21385;21383.25;21384;51
20250107 213400;21383.75;21386;21380.75;21382.5;169
20250107 213500;21382.25;21383.25;21380.75;21381.5;87
20250107 213600;21381;21383.75;21380.75;21382;68
20250107 213700;21380.5;21382.5;21379;21382;62
20250107 213800;21381.5;21382.25;21378.25;21379;64
20250107 213900;21378.75;21379.25;21375.25;21376.75;123
20250107 214000;21377;21378.5;21377;21378;64
20250107 214100;21378;21378.5;21375.75;21377;56
20250107 214200;21377.25;21378.75;21375.25;21375.5;90
20250107 214300;21375.25;21377.25;21374.75;21377.25;115
20250107 214400;21377.5;21380.5;21376.75;21379.25;112
20250107 214500;21379;21380.5;21378.25;21380;71
20250107 214600;21379.5;21382.75;21378;21378;161
20250107 214700;21378.5;21383;21378.5;21380;98
20250107 214800;21380;21382;21380;21381.5;39
20250107 214900;21381;21383.25;21379.25;21382.75;118
20250107 215000;21382.5;21383;21380.5;21380.5;54
20250107 215100;21381.25;21381.5;21379.75;21381;116
20250107 215200;21381;21381.5;21379.75;21380.75;48
20250107 215300;21381;21381.5;21371.75;21372.5;261
20250107 215400;21371.5;21374;21369.25;21370.5;119
20250107 215500;21370.75;21371;21369;21370;54
20250107 215600;21370.5;21373.75;21369.25;21369.25;156
20250107 215700;21369.5;21374.75;21369.5;21373.75;104
20250107 215800;21374;21375.25;21371.75;21372.75;72
20250107 215900;21372.75;21373.5;21371;21372.25;42
20250107 220000;21372;21376.25;21372;21375.5;132
20250107 230100;21380.75;21380.75;21362.75;21365.5;265
20250107 230200;21367.25;21370;21364;21365.5;70
20250107 230300;21367.5;21368.25;21358.5;21360.75;222
20250107 230400;21360.5;21364;21359.25;21362;76
20250107 230500;21362.25;21367;21359.25;21367;92
20250107 230600;21366.75;21366.75;21357.25;21359;120
20250107 230700;21358.25;21362;21356.75;21360.25;82
20250107 230800;21359.25;21359.25;21344.5;21344.75;354
20250107 230900;21345.25;21349.25;21345.25;21346.25;118
20250107 231000;21347.5;21350.75;21346.75;21350;106
20250107 231100;21350.75;21355.75;21350.25;21355.75;105
20250107 231200;21355.75;21358.5;21354;21357.5;73
20250107 231300;21358.5;21364.5;21358.5;21362;141
20250107 231400;21362.25;21362.25;21353.25;21354.75;81
20250107 231500;21355;21358.5;21354.5;21358;59
20250107 231600;21359;21359.75;21356.5;21356.75;70
20250107 231700;21357.75;21361.25;21356;21359.75;80
20250107 231800;21360;21364.5;21359.75;21362;70
20250107 231900;21362.75;21363.75;21360;21362.5;30
20250107 232000;21362.5;21365.75;21361.25;21364;39
20250107 232100;21365;21368.5;21361.25;21366.5;76
20250107 232200;21367.25;21368;21365;21365;64
20250107 232300;21365.25;21366.25;21362.25;21363.25;70
20250107 232400;21362.75;21362.75;21360;21362;49
20250107 232500;21363.5;21366.75;21363;21366;29
20250107 232600;21367;21374.25;21366.5;21371.75;220
20250107 232700;21372;21373.75;21370;21372.25;31
20250107 232800;21371.75;21375.25;21371.75;21372.5;87
20250107 232900;21372.25;21372.5;21370;21370;61
20250107 233000;21370.5;21370.5;21366.25;21370;65
20250107 233100;21370.75;21372.75;21365.5;21367.25;66
20250107 233200;21368.25;21373.5;21368;21372;48
20250107 233300;21371.75;21374;21370.75;21372;35
20250107 233400;21373;21377;21373;21373.5;100
20250107 233500;21373.75;21374.75;21373;21374.25;22
20250107 233600;21374;21379.5;21374;21377.25;113
20250107 233700;21376.75;21378;21375.75;21377.25;64
20250107 233800;21377.75;21384.75;21377.75;21381.75;212
20250107 233900;21382.25;21384.25;21380.5;21382.25;71
20250107 234000;21383;21383;21378.5;21381.75;48
20250107 234100;21380;21381;21378.75;21379.75;35
20250107 234200;21379.5;21381.75;21379.5;21380.5;38
20250107 234300;21381;21381;21376.25;21377.5;68
20250107 234400;21377.5;21377.5;21372.5;21375;169
20250107 234500;21375.5;21376.25;21373;21374.5;25
20250107 234600;21373.75;21378.75;21372.75;21378;53
20250107 234700;21378;21378;21370.75;21375.75;125
20250107 234800;21375.25;21376;21372;21375.5;62
20250107 234900;21375.75;21379.25;21374.25;21374.25;60
20250107 235000;21375.25;21376.5;21372.5;21374;68
20250107 235100;21375.25;21378;21375.25;21377;38
20250107 235200;21378;21381.5;21377.5;21380.75;52
20250107 235300;21381;21383.75;21380.5;21383.5;78
20250107 235400;21383.5;21388.25;21383;21384;145
20250107 235500;21384.5;21385.5;21384.25;21385;38
20250107 235600;21384.5;21388.25;21384;21387.75;87
20250107 235700;21387.25;21388.25;21386.25;21386.75;58
20250107 235800;21386.75;21392.75;21386.5;21392.25;124
20250107 235900;21392.5;21395.75;21391.75;21394.75;135
20250108 000000;21394;21395.25;21391.5;21392.25;128
20250108 000100;21393.5;21397.25;21389.5;21392;147
20250108 000200;21392;21396.75;21390.25;21396.75;55
20250108 000300;21397.25;21399.75;21395.5;21397.75;112
20250108 000400;21398.5;21398.75;21395.5;21397.5;59
20250108 000500;21397.25;21397.75;21390.5;21393;125
20250108 000600;21392.75;21395.75;21391;21393.5;66
20250108 000700;21393;21393.5;21390;21391.75;41
20250108 000800;21391.75;21391.75;21388;21391.5;69
20250108 000900;21392;21392;21388.75;21390.5;58
20250108 001000;21391;21393;21390.75;21392.5;48
20250108 001100;21392.75;21401.25;21392.75;21399.5;200
20250108 001200;21399.5;21404.75;21399.5;21402.5;101
20250108 001300;21403.5;21405.5;21402.25;21405.25;66
20250108 001400;21404.5;21406;21403.75;21405.75;75
20250108 001500;21405.25;21406;21402.75;21404;114
20250108 001600;21404;21404.5;21402;21404;84
20250108 001700;21403.5;21404.5;21402.75;21403;46
20250108 001800;21404.25;21405;21402.5;21403;41
20250108 001900;21403.5;21405.75;21402.5;21404.25;42
20250108 002000;21405;21406;21403.5;21403.5;87
20250108 002100;21403.5;21405;21403;21404;57
20250108 002200;21404.5;21406;21403;21403;56
20250108 002300;21403;21403.75;21400.5;21401.25;81
20250108 002400;21401;21401;21396.75;21400.75;117
20250108 002500;21400.25;21403.5;21399.75;21403.5;67
20250108 002600;21403;21403.75;21401.25;21402;54
20250108 002700;21402.5;21403;21401.5;21403;17
20250108 002800;21402.5;21404.5;21402.5;21403.75;35
20250108 002900;21404;21406;21400.5;21401.25;90
20250108 003000;21401;21402.25;21400.25;21401.5;62
20250108 003100;21401.25;21402;21399;21400;75
20250108 003200;21400.25;21404;21399.5;21403;64
20250108 003300;21402.75;21402.75;21399.75;21402.75;41
20250108 003400;21402.5;21403.5;21402;21403;23
20250108 003500;21403;21404.25;21401.5;21403.5;44
20250108 003600;21404.25;21404.5;21400.5;21401.25;38
20250108 003700;21402.25;21404.25;21401.75;21403.75;29
20250108 003800;21403.75;21404.5;21401.75;21404.5;22
20250108 003900;21404.5;21410.5;21404.25;21409;198
20250108 004000;21408.5;21413.5;21408.5;21410.75;117
20250108 004100;21412;21413;21409.75;21413;126
20250108 004200;21413;21413.5;21410.5;21411;53
20250108 004300;21411.25;21411.25;21406.75;21406.75;72
20250108 004400;21407.25;21409;21407;21409;75
20250108 004500;21408.75;21410.5;21407.5;21409.25;46
20250108 004600;21409.5;21410.5;21407.25;21407.75;40
20250108 004700;21408;21410.5;21407.75;21410.25;27
20250108 004800;21409;21410;21408;21409.5;52
20250108 004900;21409;21414;21409;21412.5;78
20250108 005000;21412.75;21414.25;21410.75;21410.75;76
20250108 005100;21411;21412.5;21405.25;21405.75;78
20250108 005200;21406.25;21406.25;21400.25;21401.75;175
20250108 005300;21401.5;21403.75;21401;21403.5;67
20250108 005400;21403.5;21404;21400.75;21400.75;41
20250108 005500;21400.75;21403.25;21400.75;21401;43
20250108 005600;21401;21401.5;21398;21400.5;95
20250108 005700;21401;21405.75;21401;21405.5;84
20250108 005800;21405.75;21407.5;21405.25;21406.75;68
20250108 005900;21406.5;21408.75;21406.25;21408;45
20250108 010000;21408.5;21408.5;21405;21405.75;46
20250108 010100;21406.75;21409.75;21405.5;21409.5;98
20250108 010200;21409.5;21414.75;21409;21413;112
20250108 010300;21412.5;21412.5;21409.25;21410.25;59
20250108 010400;21410;21411.5;21409;21411;35
20250108 010500;21410.5;21411.25;21407;21407;54
20250108 010600;21407.25;21407.75;21397.75;21397.75;192
20250108 010700;21398;21403.25;21397.5;21403;108
20250108 010800;21403.25;21403.25;21401.25;21402.75;42
20250108 010900;21403;21405.75;21401.75;21404.25;42
20250108 011000;21404.5;21408;21403.5;21404.5;92
20250108 011100;21405;21406.5;21404.5;21404.75;36
20250108 011200;21405.25;21408.5;21404.5;21408.5;37
20250108 011300;21408.25;21412.25;21407.5;21407.5;78
20250108 011400;21407.25;21407.25;21404;21404.5;132
20250108 011500;21405.25;21408;21405.25;21405.25;36
20250108 011600;21405.25;21408.25;21405;21406.75;33
20250108 011700;21406.25;21408.75;21406;21406.25;33
20250108 011800;21406.5;21406.75;21400.25;21400.75;74
20250108 011900;21401;21401;21394.75;21397;212
20250108 012000;21398.75;21401.75;21396.5;21397;124
20250108 012100;21397.75;21400.25;21396.75;21399.5;75
20250108 012200;21399.25;21401.75;21398.25;21401.75;56
20250108 012300;21402;21403.25;21401.25;21402.25;27
20250108 012400;21402.5;21403.75;21401.75;21403.5;29
20250108 012500;21403.25;21404.25;21401.25;21401.25;50
20250108 012600;21401.5;21404;21401;21403.75;54
20250108 012700;21404.25;21406.75;21403.75;21404.75;49
20250108 012800;21405.5;21409.5;21405.5;21408.5;105
20250108 012900;21408;21408;21404;21405.5;31
20250108 013000;21407.25;21408.5;21406.75;21408.25;35
20250108 013100;21408;21409;21406.75;21407.5;50
20250108 013200;21407.5;21408.25;21405.75;21407;28
20250108 013300;21407.5;21410.5;21407.5;21409.25;42
20250108 013400;21409.25;21415;21409.25;21413.25;151
20250108 013500;21413.75;21419;21413.75;21419;207
20250108 013600;21418.5;21419.75;21416.25;21419;88
20250108 013700;21419.25;21423.5;21418.75;21422.75;131
20250108 013800;21423.25;21424;21421;21423;68
20250108 013900;21423.25;21424.25;21421;21422.25;54
20250108 014000;21421.75;21422.75;21420.5;21422.5;51
20250108 014100;21422.5;21423.5;21421.5;21423;33
20250108 014200;21423;21423;21417.25;21417.5;99
20250108 014300;21417.75;21417.75;21415.75;21416.25;76
20250108 014400;21415.75;21416.5;21414.75;21416;55
20250108 014500;21415.25;21417.75;21414;21417.75;65
20250108 014600;21417.75;21426.5;21417.75;21425.75;184
20250108 014700;21426.5;21428.75;21423.25;21424;228
20250108 014800;21423.75;21427.25;21423.5;21426.25;74
20250108 014900;21427.25;21428.5;21426.25;21427.75;50
20250108 015000;21427.5;21428.25;21425.5;21426;45
20250108 015100;21426.25;21429.5;21426.25;21428.25;50
20250108 015200;21428.25;21431.75;21424.25;21430.5;120
20250108 015300;21431;21435.25;21428.75;21434;220
20250108 015400;21434.25;21434.5;21432.5;21433.75;63
20250108 015500;21433.5;21433.75;21432;21433;36
20250108 015600;21433.25;21434;21429.5;21430.75;59
20250108 015700;21431;21432.75;21429.25;21430;81
20250108 015800;21430.25;21431.5;21428;21429;66
20250108 015900;21429.25;21430.75;21429.25;21430;36
20250108 020000;21430;21430.5;21429.5;21430;13
20250108 020100;21429;21431;21428.75;21431;32
20250108 020200;21431;21431.5;21426.25;21427.75;55
20250108 020300;21428.25;21430.5;21427.5;21429.5;45
20250108 020400;21429.5;21431.5;21429.25;21431.25;17
20250108 020500;21431.25;21432;21427.75;21428;83
20250108 020600;21427.75;21434.5;21427.75;21433.25;88
20250108 020700;21433.25;21437;21432.25;21433.5;124
20250108 020800;21433;21437;21430.5;21435.75;96
20250108 020900;21436;21436.25;21432.25;21434;83
20250108 021000;21433.5;21433.5;21431.5;21432;45
20250108 021100;21432.75;21432.75;21430.5;21432;25
20250108 021200;21432.5;21433.75;21432.25;21432.25;31
20250108 021300;21432.5;21433;21431;21432;59
20250108 021400;21432.5;21433.75;21432.25;21432.25;24
20250108 021500;21431.25;21432.75;21430.5;21432.75;24
20250108 021600;21432.75;21434;21430.25;21433.75;38
20250108 021700;21434.5;21435;21432.5;21433.25;26
20250108 021800;21433.25;21433.5;21432;21432;27
20250108 021900;21432.25;21433;21430.75;21431.75;20
20250108 022000;21431;21432.5;21429.75;21432.5;38
20250108 022100;21432;21432.5;21429.75;21430.5;23
20250108 022200;21430.5;21430.5;21425.75;21426.5;96
20250108 022300;21426.75;21428;21425;21426;49
20250108 022400;21427;21427;21423.75;21426;80
20250108 022500;21425.25;21426;21422.75;21423;34
20250108 022600;21423.5;21424.75;21421.75;21424.5;60
20250108 022700;21424.75;21428.5;21424.5;21427.75;78
20250108 022800;21427;21427;21422.75;21423.5;63
20250108 022900;21424.25;21424.25;21423.25;21424;16
20250108 023000;21425;21425.75;21424.5;21424.5;17
20250108 023100;21424.75;21425.75;21422.25;21422.5;32
20250108 023200;21422;21422.75;21418;21420.5;164
20250108 023300;21419.5;21419.75;21417.75;21418.25;54
20250108 023400;21418;21418;21408.75;21409.25;221
20250108 023500;21409.75;21410.25;21402;21405;289
20250108 023600;21405.5;21411.75;21405.5;21409.75;104
20250108 023700;21409.75;21410;21405.75;21407.75;102
20250108 023800;21407.5;21408.25;21404.75;21407.75;113
20250108 023900;21408.5;21408.5;21402.5;21403.75;84
20250108 024000;21403;21406;21402.75;21405;83
20250108 024100;21404;21413.25;21404;21412.25;201
20250108 024200;21412.75;21413;21410.75;21411.25;59
20250108 024300;21412.25;21413;21409;21413;61
20250108 024400;21413;21415;21412.5;21412.5;47
20250108 024500;21413;21413.75;21411;21412.75;24
20250108 024600;21412;21412.5;21411;21412.25;24
20250108 024700;21412.25;21413.5;21411.75;21412.25;17
20250108 024800;21411;21411;21406.75;21410;66
20250108 024900;21409;21410;21407.75;21409;26
20250108 025000;21408.75;21417.25;21408.75;21417.25;94
20250108 025100;21416.5;21417.75;21414.75;21417.5;115
20250108 025200;21417.5;21421;21417.5;21418.5;94
20250108 025300;21417.75;21419;21416.5;21419;34
20250108 025400;21418;21419.5;21418;21419.5;8
20250108 025500;21419;21423;21419;21421.75;82
20250108 025600;21422;21425.5;21421.75;21425.25;105
20250108 025700;21425.75;21427.25;21425.25;21426;64
20250108 025800;21425.75;21425.75;21420.5;21421;84
20250108 025900;21421.5;21422.25;21417.5;21417.5;56
20250108 030000;21417.75;21419.75;21417;21419.5;54
20250108 030100;21419;21424.25;21419;21421.75;76
20250108 030200;21422.5;21423.25;21417.75;21418;93
20250108 030300;21417.75;21418;21413.25;21415.25;126
20250108 030400;21415;21415.75;21409.25;21410.5;139
20250108 030500;21410.75;21411;21408;21408.75;88
20250108 030600;21409.5;21413.25;21407;21407.75;87
20250108 030700;21407;21407.5;21402;21406.5;162
20250108 030800;21407.5;21409.5;21406.5;21407.75;62
20250108 030900;21407.25;21407.75;21403.25;21406.25;86
20250108 031000;21406;21409;21405.5;21407.75;30
20250108 031100;21407.5;21407.5;21405;21405.75;45
20250108 031200;21404.5;21407;21402.5;21406.5;58
20250108 031300;21406.5;21408;21405.5;21406.25;31
20250108 031400;21406;21407.75;21405;21406.75;30
20250108 031500;21406.25;21409;21404;21404.25;62
20250108 031600;21403.5;21404.5;21389.75;21398.25;474
20250108 031700;21397.75;21399.25;21393.5;21395;112
20250108 031800;21395.25;21399.5;21392.75;21397.5;179
20250108 031900;21397.5;21406.25;21397.5;21405.25;160
20250108 032000;21405.25;21409.25;21404.75;21406;101
20250108 032100;21406;21407.75;21404.5;21406.25;49
20250108 032200;21406.25;21410;21404.75;21407;59
20250108 032300;21406.25;21407;21403.5;21403.5;42
20250108 032400;21404;21406.5;21401;21401;59
20250108 032500;21400.5;21402.75;21400.25;21402.5;23
20250108 032600;21402.5;21405.75;21399;21405.75;106
20250108 032700;21405;21407.5;21403;21404.5;65
20250108 032800;21404;21407.75;21404;21406;38
20250108 032900;21405;21405.25;21403.75;21405;16
20250108 033000;21403.75;21404.75;21401.25;21401.75;33
20250108 033100;21402;21408.75;21401.25;21408;44
20250108 033200;21408.5;21408.75;21405.75;21406.25;29
20250108 033300;21406;21406.25;21401.75;21402.75;64
20250108 033400;21402.5;21403;21400.5;21400.5;24
20250108 033500;21400;21401.25;21395;21398.75;148
20250108 033600;21398.5;21400;21398;21398.75;27
20250108 033700;21398;21404.5;21397.5;21403.25;69
20250108 033800;21403.5;21406;21401.75;21404.75;33
20250108 033900;21404.25;21404.75;21403;21404.75;11
20250108 034000;21404.5;21407.75;21404.5;21406.5;23
20250108 034100;21407;21407.75;21398.25;21399.25;73
20250108 034200;21400.25;21402;21399.25;21401.25;18
20250108 034300;21401;21401.25;21396.5;21399;50
20250108 034400;21399.75;21401.25;21398.75;21400.75;21
20250108 034500;21400.75;21403;21400.75;21403;28
20250108 034600;21401.75;21407;21401;21406.75;54
20250108 034700;21406.75;21410;21406.75;21407;54
20250108 034800;21407;21408;21404;21404.5;35
20250108 034900;21404;21404.5;21402.25;21404.5;25
20250108 035000;21405;21407.25;21402.75;21404.75;103
20250108 035100;21404.75;21407;21403.75;21403.75;26
20250108 035200;21404.5;21404.5;21400.5;21402.25;50
20250108 035300;21403.25;21405;21402;21405;36
20250108 035400;21404.5;21405;21398.75;21400.25;128
20250108 035500;21401;21403;21401;21402.5;35
20250108 035600;21402.5;21403.5;21400.25;21403;23
20250108 035700;21403.75;21407;21403.5;21406;37
20250108 035800;21406.75;21407.75;21404;21404.5;33
20250108 035900;21404.25;21406;21402.75;21404;70
20250108 040000;21402.75;21406;21402;21406;20
20250108 040100;21407;21409.5;21407;21407.25;61
20250108 040200;21407;21410.5;21407;21410.5;62
20250108 040300;21410.25;21416;21410.25;21414.5;127
20250108 040400;21415.25;21416;21414;21415;61
20250108 040500;21415;21415;21411.25;21413;57
20250108 040600;21412.5;21413.5;21412;21413;15
20250108 040700;21413.5;21414.25;21412.5;21413;17
20250108 040800;21414;21416;21414;21415.25;28
20250108 040900;21415.75;21418.75;21415.75;21418.75;41
20250108 041000;21418.5;21419.25;21415.5;21418;79
20250108 041100;21418.25;21419;21415.75;21416.75;44
20250108 041200;21417.25;21419;21417;21418;18
20250108 041300;21417.75;21417.75;21415.5;21416.25;26
20250108 041400;21416.75;21417.5;21416.25;21417;15
20250108 041500;21417.75;21418;21416;21416.5;20
20250108 041600;21416;21416.75;21415.25;21416.25;29
20250108 041700;21416;21416.5;21415;21415.25;17
20250108 041800;21415.5;21415.5;21411.25;21412.25;85
20250108 041900;21412.25;21414.25;21410.5;21414.25;63
20250108 042000;21414.25;21416;21412.5;21415.75;31
20250108 042100;21416.25;21417;21415;21415.75;24
20250108 042200;21416.25;21416.75;21410.25;21414;152
20250108 042300;21413.5;21415.25;21412.25;21414.25;43
20250108 042400;21414;21414;21409;21411;83
20250108 042500;21411;21411;21407.5;21408.75;76
20250108 042600;21409.5;21411;21408.75;21409.5;33
20250108 042700;21411;21412;21409.75;21410.25;22
20250108 042800;21411;21411.5;21409.75;21411.25;12
20250108 042900;21411.25;21412;21410.25;21412;8
20250108 043000;21412;21413.75;21411.5;21413.25;28
20250108 043100;21412.75;21414.5;21412.75;21413.75;17
20250108 043200;21414.25;21414.5;21413.5;21414;12
20250108 043300;21415;21417;21413.75;21416.25;56
20250108 043400;21416.75;21417.25;21415;21415;27
20250108 043500;21415.75;21415.75;21413.5;21414;25
20250108 043600;21413.75;21414;21411;21411;23
20250108 043700;21412;21413.25;21412;21413.25;5
20250108 043800;21413;21413.25;21412.5;21413.25;10
20250108 043900;21414;21415.75;21414;21414.5;20
20250108 044000;21415;21415.25;21414.25;21414.25;4
20250108 044100;21414.75;21415.5;21414;21414;18
20250108 044200;21414;21414.25;21410;21410.5;51
20250108 044300;21410.75;21410.75;21407.75;21408.5;64
20250108 044400;21408.5;21409.25;21404;21404.75;98
20250108 044500;21404.75;21407;21403.75;21405.75;47
20250108 044600;21405;21407.5;21405;21406.75;17
20250108 044700;21407.25;21408;21406.5;21407.75;17
20250108 044800;21407.75;21408.5;21406.75;21406.75;20
20250108 044900;21406.5;21410.25;21405.75;21408.5;51
20250108 045000;21408.25;21408.5;21405.75;21406.25;51
20250108 045100;21407;21407.25;21404.75;21406.75;31
20250108 045200;21406.25;21406.5;21396;21398.25;196
20250108 045300;21397.5;21398;21384.5;21389.25;369
20250108 045400;21389.25;21394.25;21388.75;21392.5;127
20250108 045500;21391.75;21394;21391.25;21394;29
20250108 045600;21393.25;21394.25;21390.75;21394;48
20250108 045700;21394;21394.25;21390;21391.5;22
20250108 045800;21390.75;21394;21390.75;21393.5;14
20250108 045900;21394.25;21395;21391.75;21394.75;48
20250108 050000;21394.5;21397.25;21393.25;21393.75;62
20250108 050100;21393.75;21397.5;21393.75;21395.75;25
20250108 050200;21395.75;21399.25;21394.5;21399;41
20250108 050300;21399.25;21401.25;21395.5;21397.5;65
20250108 050400;21397.5;21400.75;21396;21398.25;36
20250108 050500;21398.75;21400.75;21396.75;21397.5;33
20250108 050600;21396.75;21396.75;21394.75;21396;34
20250108 050700;21395;21396.5;21393.75;21394.25;21
20250108 050800;21394.25;21400.5;21394;21400.25;57
20250108 050900;21399.5;21403.75;21398.5;21402;66
20250108 051000;21400.75;21401;21395;21395.25;58
20250108 051100;21396;21400.5;21396;21400.25;30
20250108 051200;21400.75;21401.25;21397;21399.5;24
20250108 051300;21401;21402;21399.75;21400.5;36
20250108 051400;21400.25;21401.25;21399;21400.5;26
20250108 051500;21401.75;21405;21401.25;21405;30
20250108 051600;21405;21406.25;21403.75;21406.25;47
20250108 051700;21405.25;21407;21404.25;21406.75;34
20250108 051800;21406;21408;21406;21406;24
20250108 051900;21406.25;21406.5;21404.75;21405.5;13
20250108 052000;21405.25;21409;21405.25;21408.25;38
20250108 052100;21408.5;21408.5;21405.5;21406.5;31
20250108 052200;21406.75;21408.75;21406.75;21408.25;21
20250108 052300;21407.5;21408.25;21406.5;21407.25;24
20250108 052400;21407.75;21407.75;21406.5;21407;13
20250108 052500;21407.75;21409.5;21407.25;21408.75;16
20250108 052600;21408.75;21408.75;21406.5;21408.5;23
20250108 052700;21408.75;21410.5;21408.25;21410.5;42
20250108 052800;21410.25;21412.25;21409;21411.25;61
20250108 052900;21411.5;21413;21411.5;21412.5;19
20250108 053000;21412;21413;21409.5;21411;57
20250108 053100;21411.5;21411.5;21407;21408.25;67
20250108 053200;21408.75;21409.5;21407.75;21409;16
20250108 053300;21408.75;21410;21408.75;21409;21
20250108 053400;21409.5;21410.5;21407.5;21408.25;36
20250108 053500;21408.25;21408.5;21407.5;21408.5;6
20250108 053600;21409.25;21409.5;21406.25;21408.5;44
20250108 053700;21408;21409;21407.5;21407.75;32
20250108 053800;21408.25;21412.5;21408;21412.25;57
20250108 053900;21412.75;21416.25;21411.5;21416.25;48
20250108 054000;21416.25;21417.5;21415.5;21417;51
20250108 054100;21416.5;21422.25;21414.25;21421.5;147
20250108 054200;21421.75;21423.75;21421.5;21421.75;64
20250108 054300;21422.25;21423;21420;21421.75;45
20250108 054400;21421.75;21423;21421.75;21422.75;28
20250108 054500;21421.5;21421.5;21420.5;21421;8
20250108 054600;21421.5;21422;21420.25;21420.75;33
20250108 054700;21420;21422.75;21419.75;21422.25;19
20250108 054800;21422;21423.75;21421.75;21422;18
20250108 054900;21422.5;21425.5;21422.5;21424.75;47
20250108 055000;21424.75;21426.5;21424.25;21426.5;25
20250108 055100;21426.5;21429.25;21425.5;21427.75;56
20250108 055200;21429.5;21433;21428;21431.25;118
20250108 055300;21430.75;21431.25;21427;21427.75;56
20250108 055400;21427.5;21429;21427.5;21427.5;40
20250108 055500;21427.75;21428.25;21426.75;21426.75;18
20250108 055600;21426.25;21428;21426.25;21428;41
20250108 055700;21427.5;21429;21427.25;21427.5;43
20250108 055800;21426.75;21428.25;21426.5;21426.75;25
20250108 055900;21427;21430;21427;21430;71
20250108 060000;21430;21431.5;21429.25;21430.25;55
20250108 060100;21429.5;21430.5;21427.5;21427.5;54
20250108 060200;21427.75;21428.5;21426.75;21428.5;18
20250108 060300;21428.5;21431;21428;21429.5;40
20250108 060400;21429.5;21432.25;21429.25;21432.25;53
20250108 060500;21432;21433;21429;21429;54
20250108 060600;21430.25;21432.25;21429.25;21432;41
20250108 060700;21430.75;21431.25;21430.75;21431.25;9
20250108 060800;21431.75;21434.25;21431.75;21431.75;52
20250108 060900;21431.75;21433;21431.25;21432.25;22
20250108 061000;21431.5;21435;21431.5;21434;42
20250108 061100;21433.75;21434;21429.75;21431.25;37
20250108 061200;21431.25;21431.75;21424;21427.75;119
20250108 061300;21428.75;21428.75;21427.25;21428.25;31
20250108 061400;21428.5;21428.75;21425.5;21425.5;29
20250108 061500;21425.5;21427.25;21424.75;21426.25;60
20250108 061600;21426.75;21427.75;21426;21426.75;42
20250108 061700;21426.75;21428.5;21426.75;21427.25;33
20250108 061800;21426.5;21426.5;21424.75;21424.75;35
20250108 061900;21424.75;21425.5;21423.25;21423.75;45
20250108 062000;21424.25;21425.75;21424;21424.75;22
20250108 062100;21424.75;21426.5;21424.25;21426.5;10
20250108 062200;21426;21428;21425.75;21427.75;17
20250108 062300;21427.5;21428.25;21425.5;21426.5;19
20250108 062400;21428;21428;21426.75;21426.75;18
20250108 062500;21426.75;21426.75;21425.25;21426;13
20250108 062600;21425.5;21426;21423.75;21424.75;35
20250108 062700;21425;21427.75;21425;21427.5;19
20250108 062800;21427.75;21429.75;21427.25;21428.5;42
20250108 062900;21428.5;21429;21426;21426.25;21
20250108 063000;21425.75;21427.5;21424;21426.5;41
20250108 063100;21426;21426.5;21414.75;21417.75;245
20250108 063200;21417.25;21418;21415.5;21416.5;31
20250108 063300;21415.75;21415.75;21411.5;21412.25;88
20250108 063400;21411.75;21413;21409.25;21410;82
20250108 063500;21409.75;21409.75;21405.25;21407;75
20250108 063600;21406.75;21406.75;21399;21402;187
20250108 063700;21402;21406;21400;21403.5;98
20250108 063800;21404;21404.25;21401;21403.25;35
20250108 063900;21403.25;21406.75;21402.75;21405.75;51
20250108 064000;21405.5;21406.5;21404.75;21406.5;35
20250108 064100;21405.75;21411.5;21404.75;21410;119
20250108 064200;21410.5;21412.5;21409.75;21410.25;62
20250108 064300;21410;21412.25;21410;21411.25;54
20250108 064400;21411;21411;21409.5;21410.5;22
20250108 064500;21409;21411;21408.75;21409.25;14
20250108 064600;21410.25;21410.5;21405;21407.5;94
20250108 064700;21407;21410;21406;21406.5;35
20250108 064800;21406.75;21406.75;21403.75;21404.5;36
20250108 064900;21405.25;21406.5;21405.25;21405.75;16
20250108 065000;21405.5;21408;21402.75;21408;55
20250108 065100;21408.5;21409.5;21407.5;21408.5;26
20250108 065200;21408;21408;21404.25;21405.25;23
20250108 065300;21405.25;21406.25;21404;21406;29
20250108 065400;21406;21406.5;21404.5;21404.5;16
20250108 065500;21403.75;21404.5;21401;21404.5;38
20250108 065600;21402.75;21402.75;21397;21400.5;101
20250108 065700;21400;21401;21396.75;21399.25;52
20250108 065800;21400;21405;21400;21400.75;71
20250108 065900;21401;21401.75;21398.25;21400.5;67
20250108 070000;21400;21400;21397;21400;45
20250108 070100;21399.75;21401;21395.75;21396.5;120
20250108 070200;21396;21396;21377.5;21385.75;536
20250108 070300;21386.25;21392;21383.5;21390.75;240
20250108 070400;21390.5;21391.75;21387.75;21389.75;75
20250108 070500;21388.25;21391.5;21387;21390.5;75
20250108 070600;21390.5;21391.75;21387.5;21390.5;84
20250108 070700;21389.75;21391.25;21386.25;21389;81
20250108 070800;21389.25;21391.5;21389;21389.25;46
20250108 070900;21389.5;21390.25;21388;21389.25;19
20250108 071000;21389;21391;21381.75;21385.5;166
20250108 071100;21385;21385.25;21380.75;21382.25;130
20250108 071200;21382.5;21382.5;21367.5;21378;427
20250108 071300;21379;21384;21378.5;21382.25;118
20250108 071400;21382.25;21382.75;21378.75;21381.5;58
20250108 071500;21382;21385;21378.75;21384.5;67
20250108 071600;21383.25;21384.5;21381;21383;48
20250108 071700;21383.75;21387;21380.25;21381;93
20250108 071800;21381.75;21382.5;21370.5;21373.25;151
20250108 071900;21373.5;21375.5;21371.75;21374;103
20250108 072000;21374.75;21375;21366.5;21369.5;146
20250108 072100;21369.75;21377.75;21367;21374.75;137
20250108 072200;21374.25;21376.5;21373.5;21375;68
20250108 072300;21374.5;21374.75;21360.75;21362.75;265
20250108 072400;21363;21365.5;21360.5;21363.25;156
20250108 072500;21363.75;21371.25;21361.75;21370.75;120
20250108 072600;21371.25;21372.75;21368.25;21372.25;83
20250108 072700;21372;21373.5;21367;21372.5;191
20250108 072800;21372.25;21377;21371;21375.75;141
20250108 072900;21376;21376;21372;21373.75;48
20250108 073000;21374.25;21376.25;21371;21371;62
20250108 073100;21371.5;21373.5;21366;21371.75;216
20250108 073200;21372;21375.5;21371.5;21375.25;69
20250108 073300;21375;21383;21373.75;21379;147
20250108 073400;21380;21381.5;21377.75;21379.25;65
20250108 073500;21379;21381.5;21378.75;21381.25;47
20250108 073600;21382;21384.25;21376;21376;106
20250108 073700;21376;21377.25;21374.5;21376.75;41
20250108 073800;21377.5;21384.25;21377;21383.75;59
20250108 073900;21383.25;21385;21382.25;21383;44
20250108 074000;21382.5;21386.5;21382;21384;110
20250108 074100;21384.75;21387.25;21383.5;21387.25;37
20250108 074200;21386.25;21386.25;21381;21383.25;45
20250108 074300;21383.5;21384;21377.25;21378;98
20250108 074400;21378;21378;21373.5;21377.5;103
20250108 074500;21378;21380.5;21377.25;21380.25;27
20250108 074600;21379.25;21382.25;21379;21380;38
20250108 074700;21381;21384.75;21380.75;21382.25;36
20250108 074800;21381.5;21381.5;21380.5;21381.5;19
20250108 074900;21380.75;21381;21377.5;21379.75;42
20250108 075000;21381;21384.5;21381;21384.5;30
20250108 075100;21385;21386.25;21383.75;21384.5;57
20250108 075200;21384.75;21387.5;21383.75;21386.25;63
20250108 075300;21387;21387.75;21381.75;21385.5;81
20250108 075400;21386;21387.5;21385.75;21387.25;18
20250108 075500;21387.75;21391.5;21387.75;21390.25;123
20250108 075600;21389;21391.5;21388;21389.75;70
20250108 075700;21389.25;21391.25;21389.25;21391.25;34
20250108 075800;21391.75;21391.75;21388.5;21388.5;29
20250108 075900;21388.5;21390;21387.75;21388.25;34
20250108 080000;21388;21391.25;21387.5;21390.25;42
20250108 080100;21390;21399;21379.25;21395.75;426
20250108 080200;21395;21399.5;21394.25;21396.25;178
20250108 080300;21396.75;21396.75;21389.75;21393;104
20250108 080400;21393.5;21393.5;21388.75;21391.25;92
20250108 080500;21391.25;21391.25;21384;21386.5;149
20250108 080600;21386.75;21389.5;21385;21389.5;113
20250108 080700;21389.5;21391;21387.25;21390;132
20250108 080800;21390.25;21390.25;21386.25;21389.75;81
20250108 080900;21390;21391.25;21386.5;21389.75;72
20250108 081000;21389;21390;21385;21386;109
20250108 081100;21386;21395.25;21386;21393.25;142
20250108 081200;21393.5;21396.25;21391.25;21392.25;113
20250108 081300;21394.5;21395;21391.25;21395;59
20250108 081400;21395.75;21400;21395;21398.25;157
20250108 081500;21398.5;21402.75;21396.25;21398.75;166
20250108 081600;21398.5;21398.5;21389.5;21397;124
20250108 081700;21397.5;21399;21395.5;21398.75;67
20250108 081800;21399.25;21402.5;21395.25;21400.5;90
20250108 081900;21400.5;21408.75;21400.5;21408.75;150
20250108 082000;21409;21413.75;21406.75;21412.75;201
20250108 082100;21412.25;21413.5;21410;21410.75;96
20250108 082200;21411.5;21419.5;21410.75;21418.75;175
20250108 082300;21417.75;21418;21403.25;21403.5;202
20250108 082400;21403.25;21405;21398.75;21402.5;197
20250108 082500;21402.5;21405.75;21402.25;21403;62
20250108 082600;21404;21404.25;21399.25;21400;95
20250108 082700;21399.5;21399.5;21390;21394.25;232
20250108 082800;21394;21399.25;21394;21397.75;78
20250108 082900;21398;21399;21385.25;21394.25;217
20250108 083000;21394.5;21396.5;21391.75;21394.5;63
20250108 083100;21392.5;21395.5;21387.5;21394.75;147
20250108 083200;21394.25;21401.5;21394.25;21401.5;68
20250108 083300;21400.75;21403.75;21395;21395;106
20250108 083400;21394.5;21395.5;21391.25;21393.25;78
20250108 083500;21393.5;21395.75;21391.25;21393.5;77
20250108 083600;21393.25;21396.75;21391.5;21395.5;91
20250108 083700;21396;21401.25;21396;21400.75;70
20250108 083800;21400.5;21401.25;21398.5;21400.5;49
20250108 083900;21401;21401.5;21395.5;21397.75;56
20250108 084000;21396.75;21398.25;21393.75;21397.5;79
20250108 084100;21399.75;21410.25;21399.75;21409;192
20250108 084200;21408.75;21416.5;21408.25;21415.75;122
20250108 084300;21415.5;21416.25;21412.5;21415.75;84
20250108 084400;21416;21416.25;21411.25;21411.25;80
20250108 084500;21412.25;21415.5;21411.25;21413.5;59
20250108 084600;21413.75;21414.75;21409.25;21412;66
20250108 084700;21411.75;21412;21409.25;21412;49
20250108 084800;21412;21412;21408.5;21408.5;76
20250108 084900;21408.5;21411;21405.25;21409.25;61
20250108 085000;21409.25;21411.25;21405.5;21410;83
20250108 085100;21409.5;21410.25;21406.75;21408.75;104
20250108 085200;21408;21409;21407;21407.75;38
20250108 085300;21408.5;21412.25;21407.5;21409.25;73
20250108 085400;21409.75;21411.25;21406.25;21408.25;47
20250108 085500;21409.5;21409.5;21403;21407.25;84
20250108 085600;21405.25;21411.25;21404;21411.25;89
20250108 085700;21412.25;21420.25;21412.25;21416.5;274
20250108 085800;21417.25;21417.5;21413.25;21417;58
20250108 085900;21416.25;21416.25;21411.25;21411.25;61
20250108 090000;21411;21413;21408.25;21411.75;73
20250108 090100;21411.5;21416.75;21406;21416.25;195
20250108 090200;21416.25;21420.5;21414.5;21416.5;110
20250108 090300;21416.75;21425;21416.5;21424.25;209
20250108 090400;21425;21428.25;21424.5;21425.75;182
20250108 090500;21426.5;21429;21423.5;21425.25;147
20250108 090600;21426.25;21426.25;21418.5;21424.5;109
20250108 090700;21425.75;21428;21421.25;21424.25;187
20250108 090800;21425.25;21428;21422.5;21426.5;73
20250108 090900;21426;21430.25;21425;21430;130
20250108 091000;21429.25;21431.75;21425.5;21430.75;198
20250108 091100;21430.25;21433.25;21429;21431.75;235
20250108 091200;21432.5;21433.5;21427;21429.25;168
20250108 091300;21429;21429;21423.5;21427.25;215
20250108 091400;21426.75;21429.75;21424.25;21429.75;97
20250108 091500;21429.25;21429.5;21425.75;21427.5;49
20250108 091600;21427.25;21428;21421.5;21421.5;136
20250108 091700;21422;21425.5;21421.25;21424.5;97
20250108 091800;21424.5;21429;21424;21428.25;67
20250108 091900;21428.25;21432;21427.5;21430.75;114
20250108 092000;21430.5;21432.25;21428.25;21430.5;48
20250108 092100;21430;21432;21427.5;21427.5;67
20250108 092200;21427.25;21429.25;21425.25;21427.5;45
20250108 092300;21428.5;21430;21423.25;21425.75;83
20250108 092400;21426.5;21430.75;21426.25;21427.5;65
20250108 092500;21427;21430.5;21427;21427;46
20250108 092600;21426.5;21428.25;21422.25;21428;59
20250108 092700;21427.75;21430.75;21425;21425;101
20250108 092800;21424.75;21426.5;21423.5;21423.75;50
20250108 092900;21423.75;21424.75;21418.25;21419.5;194
20250108 093000;21419.75;21424;21417.25;21421.5;173
20250108 093100;21421.75;21428.5;21421;21426.75;124
20250108 093200;21427;21428;21423.25;21424.75;93
20250108 093300;21424.5;21425.25;21420;21421;100
20250108 093400;21421.5;21422.5;21415.25;21418.5;128
20250108 093500;21418;21418.5;21414.5;21417.5;73
20250108 093600;21416.5;21419.75;21416;21419.25;57
20250108 093700;21419;21420.5;21416;21419;66
20250108 093800;21420;21423.5;21420;21423.5;57
20250108 093900;21422.75;21423.75;21417.75;21418.5;81
20250108 094000;21418.25;21419.25;21415;21419;123
20250108 094100;21417.75;21420;21416.5;21417.5;39
20250108 094200;21417.5;21425;21417.5;21422.25;97
20250108 094300;21422.25;21423;21420;21420.5;45
20250108 094400;21420.75;21422.75;21420.5;21421.5;40
20250108 094500;21422;21423.5;21416.5;21418.75;78
20250108 094600;21418.75;21420.5;21415.5;21416.25;37
20250108 094700;21417;21420.25;21413.75;21414.5;39
20250108 094800;21414;21420.5;21413.75;21417.25;82
20250108 094900;21417;21419.25;21415.5;21417.5;37
20250108 095000;21417.5;21418.5;21414.5;21415.5;51
20250108 095100;21416;21419;21414.5;21414.5;59
20250108 095200;21414.5;21414.75;21411;21414.25;97
20250108 095300;21412.75;21415.5;21411.5;21414.25;38
20250108 095400;21415.25;21421.75;21415.25;21421;125
20250108 095500;21420.5;21423.75;21417.75;21419;108
20250108 095600;21419.25;21421.75;21418.25;21419.25;29
20250108 095700;21419.5;21422.5;21419.5;21420.75;62
20250108 095800;21420.75;21423.25;21420;21421.5;52
20250108 095900;21423.5;21428;21423.5;21428;93
20250108 100000;21428.5;21431.25;21427.75;21429.75;82
20250108 100100;21430.25;21442.25;21430.25;21436;526
20250108 100200;21437;21438.75;21433.5;21435.75;91
20250108 100300;21437.5;21441;21436.25;21437;67
20250108 100400;21438.25;21442.25;21438.25;21439.25;62
20250108 100500;21439;21439;21433.5;21434.25;73
20250108 100600;21433.25;21436;21432;21435;61
20250108 100700;21435.25;21435.75;21432.5;21434.25;33
20250108 100800;21433.25;21434.5;21431.75;21431.75;20
20250108 100900;21432;21432.5;21428.75;21431;54
20250108 101000;21431.5;21434;21429.75;21433.75;32
20250108 101100;21433.5;21435.5;21431.75;21433;40
20250108 101200;21433.25;21433.25;21429.25;21429.75;46
20250108 101300;21429.75;21431.75;21426.25;21427.5;95
20250108 101400;21427.25;21430.5;21427.25;21430.5;39
20250108 101500;21431;21431.75;21427.75;21431.5;44
20250108 101600;21432.25;21435;21431.5;21432;60
20250108 101700;21432.5;21433.25;21429;21430.25;33
20250108 101800;21429;21435.5;21429;21435.5;49
20250108 101900;21435.25;21438;21434.75;21435.25;58
20250108 102000;21433.25;21435.5;21428.5;21431.25;173
20250108 102100;21431.25;21432.25;21427.25;21428.75;125
20250108 102200;21427.75;21431.25;21426.75;21428.75;76
20250108 102300;21428.25;21432;21428.25;21431;31
20250108 102400;21431;21433.25;21431;21432.25;43
20250108 102500;21433.25;21436.75;21432.75;21436.75;66
20250108 102600;21436.25;21437;21433.75;21436.5;49
20250108 102700;21436;21436.25;21433.5;21435.75;54
20250108 102800;21436.25;21438;21434.25;21435;66
20250108 102900;21435;21436.5;21434.75;21435.25;34
20250108 103000;21435;21438.25;21433.75;21436.75;36
20250108 103100;21436.25;21439;21436.25;21438.5;100
20250108 103200;21438.75;21444;21437.75;21440.5;212
20250108 103300;21440.75;21441.5;21427.5;21427.75;190
20250108 103400;21427.75;21431.25;21424;21427.75;172
20250108 103500;21427.25;21429.5;21426;21428.5;35
20250108 103600;21428.25;21432.25;21427.75;21430.5;98
20250108 103700;21430.25;21431.5;21428.75;21429.5;47
20250108 103800;21429.25;21431;21429.25;21430.5;47
20250108 103900;21431;21432.75;21429.25;21432;51
20250108 104000;21431.75;21432.25;21429.75;21430;50
20250108 104100;21430.25;21432.5;21430;21431;41
20250108 104200;21431.5;21434;21430.5;21432.75;24
20250108 104300;21434;21438.25;21433.25;21434.75;72
20250108 104400;21433.5;21433.75;21431.75;21432.5;30
20250108 104500;21432.75;21437;21432.25;21437;39
20250108 104600;21437.75;21437.75;21433.75;21435.25;45
20250108 104700;21435.25;21437;21434.25;21436.25;53
20250108 104800;21436.25;21439.5;21436.25;21439.25;24
20250108 104900;21439.5;21439.75;21436.5;21439.5;47
20250108 105000;21439.25;21440.25;21436;21438;87
20250108 105100;21438.25;21443.5;21437.75;21443;108
20250108 105200;21443;21447.25;21442.25;21446.25;195
20250108 105300;21446.5;21448;21443.5;21446.25;128
20250108 105400;21446.25;21447.75;21444.5;21444.75;83
20250108 105500;21444.25;21444.25;21441.25;21443.25;78
20250108 105600;21443;21443.75;21442;21442.75;42
20250108 105700;21443.5;21447.75;21443.5;21447;74
20250108 105800;21447.25;21447.5;21444.75;21446.75;67
20250108 105900;21447;21448.25;21443.5;21445.25;79
20250108 110000;21445.75;21445.75;21443.75;21443.75;22
20250108 110100;21443.5;21446.25;21443.5;21444.5;78
20250108 110200;21444.25;21445.75;21441;21445;52
20250108 110300;21445;21448;21443.5;21445.75;155
20250108 110400;21446;21447.5;21446;21446.25;25
20250108 110500;21447;21447;21445.5;21446.75;53
20250108 110600;21446.25;21446.25;21444;21444.5;64
20250108 110700;21444.75;21445.25;21438;21442.75;128
20250108 110800;21442.75;21444.25;21440.5;21442.75;67
20250108 110900;21442.5;21443.25;21440.5;21443;47
20250108 111000;21443.25;21444;21440.5;21442.75;43
20250108 111100;21443.25;21445.5;21442.5;21444.5;82
20250108 111200;21444.25;21444.25;21434.25;21434.75;173
20250108 111300;21435.25;21436;21430.5;21432.75;140
20250108 111400;21432;21432.25;21428.5;21430;211
20250108 111500;21429.75;21433.25;21428;21432.75;173
20250108 111600;21432;21434;21423.5;21427;214
20250108 111700;21426.75;21428.25;21421;21424;163
20250108 111800;21423.75;21430.25;21423;21427.75;98
20250108 111900;21428.25;21430.25;21426;21429.75;66
20250108 112000;21430.25;21431;21422;21422.25;119
20250108 112100;21422.75;21423.25;21413.75;21414.25;379
20250108 112200;21414.25;21419.75;21413.5;21416;167
20250108 112300;21417.5;21418.75;21414.75;21415.75;93
20250108 112400;21415.5;21417.5;21412;21412.75;127
20250108 112500;21413.25;21414.25;21408.5;21408.5;232
20250108 112600;21409.25;21411.75;21400;21405;407
20250108 112700;21405.5;21408;21390.5;21392.5;375
20250108 112800;21392.75;21399.5;21391.5;21394.25;243
20250108 112900;21394;21394.75;21372.25;21377.25;718
20250108 113000;21377.25;21387;21376.5;21385.75;361
20250108 113100;21385;21391.5;21378;21378.5;291
20250108 113200;21379.75;21381.75;21330;21335;1686
20250108 113300;21335.75;21350.5;21317.75;21322.5;1388
20250108 113400;21323.25;21330.5;21296.25;21329.75;2400
20250108 113500;21328.25;21342.25;21322;21331.5;785
20250108 113600;21332.25;21358.75;21330;21341.5;880
20250108 113700;21340.5;21340.75;21324.5;21338;526
20250108 113800;21338.5;21346.25;21317.5;21318.25;663
20250108 113900;21318.5;21329.75;21308;21326.5;615
20250108 114000;21327.25;21327.25;21297;21297;557
20250108 114100;21296.25;21312.75;21293;21294.5;890
20250108 114200;21295.25;21302.75;21284.5;21288;686
20250108 114300;21286.75;21308;21285;21304.5;677
20250108 114400;21304;21311;21299.5;21309.75;462
20250108 114500;21309;21321.25;21304.75;21315.5;395
20250108 114600;21316.75;21333;21309.75;21332;799
20250108 114700;21331.5;21336.25;21322.75;21323;367
20250108 114800;21321.75;21325;21311;21322;388
20250108 114900;21322.25;21341.75;21322.25;21341.5;411
20250108 115000;21342.75;21355;21341;21345;690
20250108 115100;21343.5;21350;21336.5;21349.25;490
20250108 115200;21349.25;21364;21349.25;21361.5;516
20250108 115300;21361.25;21364;21353.25;21356.5;227
20250108 115400;21357.5;21357.5;21345.25;21345.75;225
20250108 115500;21345.75;21354;21342.5;21351;320
20250108 115600;21350.75;21354;21345;21352.25;201
20250108 115700;21351.25;21370;21349.75;21367.5;470
20250108 115800;21368;21368.5;21357;21363.25;305
20250108 115900;21363.25;21372.5;21357.25;21362.5;285
20250108 120000;21362.5;21367.25;21359.25;21364.25;216
20250108 120100;21364.75;21367;21349.5;21350.25;405
20250108 120200;21350.75;21350.75;21334;21338.75;620
20250108 120300;21339.5;21345.75;21331.25;21336;344
20250108 120400;21335.5;21335.5;21321.25;21327.5;457
20250108 120500;21326.75;21327.25;21315.5;21323;429
20250108 120600;21322.5;21322.5;21309;21317.5;543
20250108 120700;21317.75;21334;21314;21325.75;517
20250108 120800;21325;21327.75;21320.75;21321.5;189
20250108 120900;21322.5;21341;21321.75;21338.5;508
20250108 121000;21338.25;21346;21332.25;21335.5;329
20250108 121100;21335.75;21351.5;21332;21346.5;410
20250108 121200;21346.25;21346.25;21326.75;21331;362
20250108 121300;21331.75;21332;21306.5;21314;562
20250108 121400;21313.75;21316;21306;21309.25;343
20250108 121500;21309;21314.75;21306.75;21309;218
20250108 121600;21308;21311;21299;21299.25;446
20250108 121700;21299;21304.25;21295.25;21300.25;345
20250108 121800;21300;21301.5;21292.5;21300.25;342
20250108 121900;21299.25;21304.25;21285.5;21288.25;470
20250108 122000;21288.25;21292;21272;21277.5;1051
20250108 122100;21276.25;21280;21256;21263.75;1178
20250108 122200;21263;21280.75;21262.25;21272;603
20250108 122300;21271.75;21275.75;21261.25;21264;433
20250108 122400;21263.25;21276.75;21262.5;21267;437
20250108 122500;21267.25;21273.75;21263;21265.75;421
20250108 122600;21266.25;21266.25;21243.5;21253.75;938
20250108 122700;21253.5;21269;21247;21261.25;558
20250108 122800;21261;21267.25;21249;21258.5;509
20250108 122900;21259.25;21265;21251.5;21254.25;319
20250108 123000;21253.75;21256.75;21238.75;21250.5;546
20250108 123100;21251.75;21255.75;21243.75;21245;450
20250108 123200;21245;21248.25;21227.5;21228.25;630
20250108 123300;21227.75;21238;21227;21230.75;470
20250108 123400;21230.5;21238.75;21221.5;21227.5;652
20250108 123500;21227.5;21235;21222.5;21229.75;500
20250108 123600;21228.75;21263;21227.75;21254.5;854
20250108 123700;21253.5;21260.25;21250;21256.5;506
20250108 123800;21256.25;21277.5;21248.5;21276;690
20250108 123900;21275.75;21297.5;21273.25;21291.5;903
20250108 124000;21291.75;21295;21280.25;21284;435
20250108 124100;21284;21286.25;21276.25;21276.75;388
20250108 124200;21276.5;21282;21265.25;21269;380
20250108 124300;21268.75;21285.5;21265.25;21281.25;297
20250108 124400;21280.25;21283.75;21274.75;21277.5;218
20250108 124500;21276.5;21292;21276;21284.75;326
20250108 124600;21284.5;21294.5;21280.5;21282.75;352
20250108 124700;21282;21282;21270.5;21270.5;343
20250108 124800;21270.5;21272.25;21261.75;21268.25;360
20250108 124900;21269;21279.25;21267.25;21270.5;278
20250108 125000;21269.5;21269.5;21261;21263;225
20250108 125100;21264.25;21272.75;21255;21258.25;479
20250108 125200;21258.75;21274;21255.75;21269;350
20250108 125300;21269.5;21276.25;21265;21271.5;280
20250108 125400;21271.75;21275.5;21261;21265.75;216
20250108 125500;21265.75;21266.75;21255.75;21260.25;323
20250108 125600;21259.5;21264;21254;21255.25;318
20250108 125700;21256.75;21260;21253.25;21255.75;206
20250108 125800;21256.75;21264;21247.75;21249.5;433
20250108 125900;21250;21262.5;21250;21259.5;328
20250108 130000;21259.5;21261.5;21253.25;21257.25;303
20250108 130100;21257;21316.75;21254.75;21311;2321
20250108 130200;21311.5;21354.5;21308.25;21340;1685
20250108 130300;21339;21347.25;21324.5;21326.25;780
20250108 130400;21326.75;21349.5;21318.75;21345;814
20250108 130500;21344.5;21345;21321.75;21329;576
20250108 130600;21328.25;21328.25;21306.5;21307.75;774
20250108 130700;21308.25;21317.25;21301.5;21305.75;461
20250108 130800;21306;21312;21297.25;21309.25;424
20250108 130900;21309.5;21309.75;21288.75;21298.5;452
20250108 131000;21296.5;21310.75;21296.25;21308.75;368
20250108 131100;21309.5;21317;21300;21317;435
20250108 131200;21316.75;21319.75;21302;21313.75;445
20250108 131300;21315;21315.75;21305.25;21308;210
20250108 131400;21308.75;21314.25;21306.75;21310;137
20250108 131500;21309.5;21311.75;21305.25;21305.75;92
20250108 131600;21309;21345;21309;21332;1009
20250108 131700;21333.25;21342.5;21327.25;21331.75;643
20250108 131800;21333;21333.25;21323;21324.75;292
20250108 131900;21324.5;21331.5;21307.5;21331.25;489
20250108 132000;21331.25;21332.5;21312.5;21317;269
20250108 132100;21316.5;21344;21315.75;21330.75;608
20250108 132200;21330.5;21337;21323.5;21336.5;448
20250108 132300;21336.75;21341;21332.5;21338.75;210
20250108 132400;21339.25;21363.5;21338.5;21358.75;1320
20250108 132500;21360;21378;21353;21366.25;1021
20250108 132600;21367.25;21375;21362.25;21372.5;614
20250108 132700;21372;21372.5;21362.75;21371;445
20250108 132800;21371.25;21387.75;21366;21387.25;700
20250108 132900;21387.5;21388;21370;21373;467
20250108 133000;21374.5;21375.75;21347;21353.25;570
20250108 133100;21350;21391.5;21347.5;21367;1044
20250108 133200;21369.75;21387.5;21366.5;21386.5;560
20250108 133300;21387.25;21393.5;21367.25;21367.5;827
20250108 133400;21368.5;21371;21337.5;21348;1312
20250108 133500;21348.5;21348.5;21314.5;21327.25;1204
20250108 133600;21325.25;21346.25;21325;21341.75;566
20250108 133700;21342.75;21355.5;21335.5;21348;641
20250108 133800;21347.5;21354.5;21334.5;21336.5;396
20250108 133900;21336.75;21339;21324;21327.75;603
20250108 134000;21326.5;21339.5;21322;21329;565
20250108 134100;21327.75;21334.75;21319.25;21326.75;445
20250108 134200;21326.5;21328.25;21315.25;21319.75;373
20250108 134300;21318.75;21339.25;21317.25;21331.25;590
20250108 134400;21330.25;21341.25;21329.75;21334.25;494
20250108 134500;21333.75;21336;21319.75;21326.25;404
20250108 134600;21326;21332;21323.75;21330;256
20250108 134700;21330.5;21342.25;21329.25;21337.25;355
20250108 134800;21338.25;21343.25;21332;21341;240
20250108 134900;21342;21350.5;21332.5;21336;683
20250108 135000;21335.75;21348.25;21334.5;21346.5;294
20250108 135100;21346.25;21354.75;21345.25;21348.5;441
20250108 135200;21348.25;21349.75;21340.25;21347.25;328
20250108 135300;21347.25;21349.5;21339.5;21342;244
20250108 135400;21342.25;21343.5;21330.75;21332;289
20250108 135500;21332.75;21356.25;21332;21351.5;499
20250108 135600;21353;21369.25;21351.75;21366.25;626
20250108 135700;21367;21371.25;21358;21367;435
20250108 135800;21365.75;21371.25;21365.25;21369.25;205
20250108 135900;21369.25;21374;21366.5;21372.75;364
20250108 140000;21373.25;21380.25;21373;21377;372
20250108 140100;21376.75;21388;21370.25;21373;974
20250108 140200;21372.75;21384;21369.5;21381.75;360
20250108 140300;21381.5;21381.75;21363.5;21365.75;491
20250108 140400;21365.75;21371.5;21363.25;21365;273
20250108 140500;21364;21367.5;21358.5;21359.75;395
20250108 140600;21360;21364.75;21352.5;21359.25;611
20250108 140700;21359.5;21364.5;21341.5;21344.75;649
20250108 140800;21344;21359.75;21343.75;21355.25;514
20250108 140900;21354.5;21357;21344.75;21351.25;320
20250108 141000;21351.5;21354;21342;21349.25;308
20250108 141100;21350.25;21355.5;21345;21354;329
20250108 141200;21354.25;21359.5;21351.5;21357.5;362
20250108 141300;21357.75;21362.5;21349.25;21361.5;403
20250108 141400;21361;21368;21347.25;21349.5;490
20250108 141500;21348.5;21353;21337.5;21338.25;507
20250108 141600;21338.5;21341.5;21332.25;21335.25;461
20250108 141700;21336.75;21342.25;21329.75;21337.25;395
20250108 141800;21337.25;21340;21332.5;21336.5;262
20250108 141900;21338;21345.25;21335.75;21338.5;314
20250108 142000;21338.25;21341.5;21335.5;21338.5;148
20250108 142100;21337.75;21346.25;21334.25;21345;268
20250108 142200;21345.25;21346.25;21329.75;21336.5;367
20250108 142300;21335.5;21336.25;21326;21332.75;631
20250108 142400;21332.75;21344;21330.5;21344;339
20250108 142500;21344.5;21346.75;21330.25;21333;382
20250108 142600;21333.5;21355.25;21333.5;21352.25;824
20250108 142700;21352.5;21353.5;21343.75;21345;294
20250108 142800;21344;21350.5;21343;21345.25;313
20250108 142900;21345.75;21361.5;21345;21360.5;484
20250108 143000;21360.25;21367.5;21349.75;21355.25;923
20250108 143100;21355.5;21358.5;21328.25;21333.75;3764
20250108 143200;21334.75;21365.75;21317;21363.5;3928
20250108 143300;21364.5;21369.5;21321.25;21338.25;2764
20250108 143400;21338.75;21353;21321;21326;1939
20250108 143500;21326.5;21376.25;21317.25;21371;3007
20250108 143600;21371.75;21384.75;21359.5;21360.5;2888
20250108 143700;21361.75;21367.75;21341.75;21361.25;2266
20250108 143800;21360.75;21365.75;21327.25;21333.25;2075
20250108 143900;21333;21341.75;21307.5;21324.25;2464
20250108 144000;21323;21329;21296.5;21301.25;2719
20250108 144100;21300.75;21320.25;21289.75;21315.75;2728
20250108 144200;21316.25;21332.5;21308.25;21326.75;2338
20250108 144300;21327.5;21354.75;21325.25;21333.25;2360
20250108 144400;21334.25;21343;21307.5;21342.5;2298
20250108 144500;21342.25;21359.25;21328.75;21356.25;2109
20250108 144600;21355.75;21364.5;21341.5;21344.5;1991
20250108 144700;21345.25;21356;21314.75;21320.75;2132
20250108 144800;21320.5;21353.75;21303;21347;2623
20250108 144900;21347.75;21353.75;21330;21343.25;1547
20250108 145000;21344.5;21372;21336.5;21369;3220
20250108 145100;21368.75;21382;21351;21367.5;2080
20250108 145200;21369.75;21383;21351.5;21378;1388
20250108 145300;21377.25;21378.5;21318.25;21321;2422
20250108 145400;21320.75;21327;21287;21295.5;2883
20250108 145500;21295.5;21328;21286;21318.5;2518
20250108 145600;21319;21333;21310.75;21327.75;1400
20250108 145700;21328;21355.5;21308;21343;2501
20250108 145800;21343;21344;21324.75;21328.5;1103
20250108 145900;21328.75;21343.5;21311.5;21339.25;1150
20250108 150000;21339.75;21353.5;21338.5;21344.25;1389
20250108 150100;21344.25;21370.5;21332;21369;2003
20250108 150200;21369.5;21379.5;21356.5;21363;1987
20250108 150300;21364.75;21397;21364.25;21393.25;2908
20250108 150400;21392.5;21406.25;21387;21397;2714
20250108 150500;21397.75;21401.25;21383.75;21387.75;1407
20250108 150600;21387.5;21391.75;21371;21383;1766
20250108 150700;21384.5;21389.75;21357.75;21373.25;1567
20250108 150800;21373.25;21379.75;21347;21366.5;1550
20250108 150900;21367;21368.5;21344;21351.75;1334
20250108 151000;21350.75;21367.5;21346.25;21351.25;975
20250108 151100;21352.5;21367.25;21300;21308;2762
20250108 151200;21308.75;21325.25;21297;21300.75;2103
20250108 151300;21300.25;21310;21278.5;21297.75;2909
20250108 151400;21297.75;21302.25;21256.25;21257.25;2596
20250108 151500;21257.25;21269;21238.5;21244.25;2779
20250108 151600;21244;21256.75;21231;21245.5;2672
20250108 151700;21247;21265;21236.75;21262;1718
20250108 151800;21262.5;21270.25;21252.25;21263.75;1486
20250108 151900;21264;21284.25;21262.25;21281.5;2058
20250108 152000;21280.75;21299.75;21277.25;21289.5;1937
20250108 152100;21289;21292.75;21251.75;21253.5;1982
20250108 152200;21253.75;21281.25;21253.5;21264;1524
20250108 152300;21265.25;21266.75;21240.25;21257.75;1983
20250108 152400;21258;21289.25;21255.75;21286.25;1914
20250108 152500;21286;21317.75;21279.25;21306.5;2041
20250108 152600;21307.5;21322.25;21304;21309.75;1405
20250108 152700;21309.75;21324;21293.25;21322.25;1688
20250108 152800;21321.5;21326.75;21291.25;21299.25;1496
20250108 152900;21300;21303.75;21278.75;21284;1575
20250108 153000;21283.75;21294.25;21273.75;21289.25;1053
20250108 153100;21288.75;21305;21283.25;21300.75;1457
20250108 153200;21300;21304.25;21278.75;21284.5;1056
20250108 153300;21284.75;21304;21277;21282.75;1122
20250108 153400;21283.25;21307.5;21283;21301.5;963
20250108 153500;21301.75;21308.25;21291.75;21302.75;1002
20250108 153600;21304.25;21354.5;21303.25;21333;3284
20250108 153700;21332.25;21355;21324;21353.25;1557
20250108 153800;21353;21369;21341;21363.5;1786
20250108 153900;21364;21364.5;21338.5;21341.5;1272
20250108 154000;21340.75;21351.5;21322.75;21325.5;1144
20250108 154100;21326;21334.75;21316;21329.25;1270
20250108 154200;21329;21330.5;21309;21327.25;1166
20250108 154300;21326.25;21332.25;21311.25;21318;841
20250108 154400;21319;21331;21304.25;21308.75;1195
20250108 154500;21309.25;21313;21298;21308.5;937
20250108 154600;21307.75;21318.5;21302;21305.5;951
20250108 154700;21305.25;21316.5;21303.5;21309.75;575
20250108 154800;21308.75;21311.25;21287.5;21299;1119
20250108 154900;21300;21316.25;21297.25;21315.25;990
20250108 155000;21315;21321.5;21310.75;21316.25;710
20250108 155100;21316.75;21334.75;21316.5;21331.25;979
20250108 155200;21332.5;21345.5;21330;21342.5;1223
20250108 155300;21343;21364.75;21333;21361.5;1422
20250108 155400;21362.25;21364.5;21333.75;21335.5;1371
20250108 155500;21335.75;21353.25;21329.25;21347.25;1176
20250108 155600;21347.75;21357.5;21341.5;21345.5;857
20250108 155700;21346.25;21357;21340.5;21342.5;782
20250108 155800;21341;21360.5;21338.5;21356.75;736
20250108 155900;21357;21364;21349.75;21352;907
20250108 160000;21352.25;21362.75;21349.75;21358;747
20250108 160100;21358.25;21365;21345;21348;1080
20250108 160200;21347.25;21348;21335.25;21336.25;896
20250108 160300;21335.75;21343.5;21320;21322;1560
20250108 160400;21321.75;21333;21319.5;21330.25;648
20250108 160500;21331;21331.25;21315.75;21317.25;681
20250108 160600;21318;21323.25;21310.25;21316;877
20250108 160700;21316;21317.75;21291.25;21295.5;1423
20250108 160800;21295.25;21305.5;21285.5;21299.75;1373
20250108 160900;21300;21322.75;21298;21319.75;1209
20250108 161000;21320.25;21333.5;21310.5;21319.75;1113
20250108 161100;21319.75;21351;21319.75;21342;1343
20250108 161200;21343;21348;21325.5;21328;709
20250108 161300;21327.75;21335.5;21323.25;21332.5;570
20250108 161400;21332.25;21346.75;21325.5;21330.75;894
20250108 161500;21331.5;21338.75;21325.75;21336;827
20250108 161600;21336.25;21340.5;21319;21326.5;807
20250108 161700;21326.5;21340.5;21321;21337.25;724
20250108 161800;21337.75;21342.25;21333.75;21338.5;376
20250108 161900;21337.75;21337.75;21332.25;21334.5;290
20250108 162000;21334.5;21340.25;21332.25;21335.75;433
20250108 162100;21336.5;21358.25;21336.5;21355.5;1177
20250108 162200;21355.5;21368;21350.25;21354.5;1364
20250108 162300;21355;21363.75;21348.5;21350.5;579
20250108 162400;21351.25;21367.75;21350.25;21364.5;638
20250108 162500;21364.25;21372;21355.25;21362.25;1115
20250108 162600;21363;21366.5;21348.75;21354.75;643
20250108 162700;21354.75;21361.25;21346.25;21347.75;800
20250108 162800;21348;21348;21335.25;21342.5;754
20250108 162900;21341.75;21343.5;21333.5;21339.75;658
20250108 163000;21341.25;21343;21330.5;21335.5;640
20250108 163100;21336;21357.75;21333.5;21357.5;908
20250108 163200;21357;21358.25;21348;21349.5;592
20250108 163300;21351.5;21369.25;21350;21365;1010
20250108 163400;21364.5;21365;21353.75;21362.5;696
20250108 163500;21363.25;21370.5;21357.75;21359.5;667
20250108 163600;21359.5;21369.5;21358;21364;628
20250108 163700;21363.5;21385.75;21359.5;21380.5;1641
20250108 163800;21379.25;21404;21378.5;21396;1717
20250108 163900;21396;21399;21390.5;21391;820
20250108 164000;21390.75;21396.5;21380;21392;958
20250108 164100;21392.25;21397.5;21377.25;21394.25;1041
20250108 164200;21394.25;21408;21388.5;21403.25;1092
20250108 164300;21403.25;21417.25;21401.75;21414.25;1404
20250108 164400;21414.25;21419;21387.75;21391.25;1429
20250108 164500;21391.25;21410.5;21386.25;21410;966
20250108 164600;21410;21411.5;21399.5;21403.25;792
20250108 164700;21402.5;21410.5;21396.5;21408.75;614
20250108 164800;21409;21414.5;21398;21407.25;666
20250108 164900;21406.75;21407.75;21398;21403.75;451
20250108 165000;21403.5;21405;21392.25;21395.25;560
20250108 165100;21395;21396.75;21386;21391;893
20250108 165200;21390.25;21395.75;21383.25;21391.25;608
20250108 165300;21391.25;21394.75;21387.25;21390;312
20250108 165400;21390.5;21393.25;21379.5;21390;614
20250108 165500;21390;21390.5;21376.75;21384;708
20250108 165600;21384.75;21392.25;21378.25;21380.5;606
20250108 165700;21379.75;21389.75;21369.25;21388;994
20250108 165800;21387.25;21387.25;21378.5;21384.75;358
20250108 165900;21385;21392;21382.25;21386;478
20250108 170000;21387.5;21390.75;21380.5;21385.5;440
20250108 170100;21385.75;21387.5;21379.5;21381.75;537
20250108 170200;21381.5;21385.75;21375.75;21382.25;446
20250108 170300;21381.75;21385.25;21356;21360.5;1449
20250108 170400;21360;21361.75;21351.75;21352.25;947
20250108 170500;21352;21360;21343.75;21346.5;1044
20250108 170600;21347;21350;21338.5;21340.5;1563
20250108 170700;21341.25;21345;21330.5;21335.25;1225
20250108 170800;21335.75;21339;21319.5;21327;1120
20250108 170900;21327.5;21331.5;21313.75;21317.75;884
20250108 171000;21318.25;21328.75;21309.5;21326;1025
20250108 171100;21325.5;21330;21312;21312;739
20250108 171200;21312;21316.5;21302.25;21313;1048
20250108 171300;21313.75;21317.5;21301.25;21303.25;842
20250108 171400;21303;21306.5;21300;21303.5;562
20250108 171500;21304;21306;21283.5;21290.25;1705
20250108 171600;21290;21303.5;21289.5;21293.25;884
20250108 171700;21292.75;21300;21286;21289.25;737
20250108 171800;21288;21296;21274;21278;1186
20250108 171900;21279;21285.25;21273.25;21279.25;849
20250108 172000;21279.5;21291;21271.75;21284.25;944
20250108 172100;21284.5;21293.75;21280.75;21288.25;805
20250108 172200;21288.75;21292;21270;21272.75;1069
20250108 172300;21272.25;21282.25;21260.75;21261.25;1044
20250108 172400;21261.25;21263;21237;21239;1938
20250108 172500;21239.75;21251.5;21239.5;21246.25;961
20250108 172600;21246.25;21254;21243;21246;773
20250108 172700;21245.25;21253.25;21243.75;21250;511
20250108 172800;21250;21253;21215.75;21221.5;2170
20250108 172900;21221.75;21231.5;21198;21200.5;1939
20250108 173000;21200.25;21205.75;21177.25;21190.5;2506
20250108 173100;21190.75;21200.75;21179.25;21181.5;1890
20250108 173200;21181.25;21197.25;21166.25;21196.5;2663
20250108 173300;21194.75;21218;21193.25;21208;2185
20250108 173400;21208.5;21217.25;21207.5;21216.25;1136
20250108 173500;21215.5;21217.5;21205;21208.75;1028
20250108 173600;21209.5;21221;21209.5;21211.25;1047
20250108 173700;21211.75;21217.75;21199.5;21211.75;915
20250108 173800;21213;21223.25;21202.25;21221.75;855
20250108 173900;21221.25;21230.5;21210.25;21212.75;1075
20250108 174000;21212.25;21212.25;21203;21203.5;548
20250108 174100;21203.5;21225.75;21199.5;21224;1009
20250108 174200;21224.5;21234.5;21219.75;21230.75;1184
20250108 174300;21230.75;21239;21229.25;21235.75;1057
20250108 174400;21235.5;21247.25;21231;21240.75;1088
20250108 174500;21240.25;21246.25;21236.75;21245;739
20250108 174600;21244.5;21250;21237;21238.75;719
20250108 174700;21238;21254;21234.25;21245.75;984
20250108 174800;21245.5;21249.5;21224.75;21226;1040
20250108 174900;21225;21245.5;21222.75;21239.25;924
20250108 175000;21238.5;21244;21223.75;21230.5;874
20250108 175100;21229.75;21246.25;21229.25;21231;861
20250108 175200;21231.5;21241.5;21229.5;21239.75;421
20250108 175300;21240;21266.5;21240;21261;2091
20250108 175400;21261;21261.5;21251;21257.5;571
20250108 175500;21257.5;21259;21252.5;21255.5;358
20250108 175600;21255.5;21257.5;21244.5;21252.75;688
20250108 175700;21252.5;21269.5;21252;21264;998
20250108 175800;21264;21274;21261.5;21268.25;1000
20250108 175900;21268.75;21286.25;21268.75;21284;933
20250108 180000;21284;21284.75;21266.5;21268.5;859
20250108 180100;21268;21302.75;21264.75;21289.5;2290
20250108 180200;21290.5;21296.75;21278.75;21281.5;703
20250108 180300;21281;21331;21280.75;21319;3677
20250108 180400;21318;21322;21304.75;21309;1186
20250108 180500;21308.75;21325.5;21307.25;21320.25;872
20250108 180600;21320.5;21325;21302.25;21309;1144
20250108 180700;21309.5;21336.25;21309.5;21335.25;1496
20250108 180800;21334.5;21336;21314.75;21316.25;1090
20250108 180900;21316.5;21327.75;21314;21318;1139
20250108 181000;21317.75;21324.25;21316.5;21318.5;693
20250108 181100;21319.25;21331.5;21313.5;21328.25;753
20250108 181200;21328;21339.25;21325.5;21339;829
20250108 181300;21339;21345.75;21329.5;21334.75;1326
20250108 181400;21335.5;21342.5;21328;21336.25;658
20250108 181500;21337.25;21339.25;21326.75;21336.5;708
20250108 181600;21337.25;21345.5;21333.5;21338.25;821
20250108 181700;21338;21357.75;21337;21349.25;950
20250108 181800;21349;21359;21348.75;21352;499
20250108 181900;21352.5;21358.25;21350.25;21355.75;412
20250108 182000;21356.75;21361.75;21350;21357.5;638
20250108 182100;21357.25;21358;21344.25;21354;771
20250108 182200;21353.5;21356.5;21343.25;21347.75;749
20250108 182300;21347.5;21350.25;21337.75;21348.25;1244
20250108 182400;21348;21356.25;21345.5;21354.75;541
20250108 182500;21354.75;21365.5;21354.75;21365;821
20250108 182600;21364.5;21379.75;21362.5;21379.25;1191
20250108 182700;21379.5;21390.25;21376.75;21385.75;1067
20250108 182800;21385.5;21387;21376.25;21384.75;892
20250108 182900;21384.5;21408;21383.25;21395.25;2289
20250108 183000;21395.25;21396;21382.75;21383.75;1070
20250108 183100;21384.25;21386.5;21362.25;21368.75;1449
20250108 183200;21369.25;21376.5;21360.25;21376;845
20250108 183300;21375.5;21376.25;21368;21373.75;482
20250108 183400;21374;21377;21358.25;21361.5;1002
20250108 183500;21361.75;21369.5;21357;21361.5;658
20250108 183600;21362;21371.5;21361;21364.25;635
20250108 183700;21364.25;21380;21362.5;21377.75;676
20250108 183800;21378.75;21380;21366.75;21369;598
20250108 183900;21369.5;21387.25;21368.25;21384.75;592
20250108 184000;21383.25;21389.75;21380.5;21385;716
20250108 184100;21385.75;21386.75;21369;21371.75;678
20250108 184200;21371.75;21373.25;21361;21372.75;830
20250108 184300;21372.5;21377.25;21357;21359.25;694
20250108 184400;21359;21367;21358;21361.5;487
20250108 184500;21361.5;21379.75;21361.5;21377;805
20250108 184600;21376.75;21377.5;21365;21367;515
20250108 184700;21367;21369;21362.25;21366.5;355
20250108 184800;21366.5;21366.5;21339.75;21346.25;1789
20250108 184900;21346.25;21356;21343.5;21355.5;947
20250108 185000;21355;21361.75;21339.5;21343;1134
20250108 185100;21343;21352;21336.75;21339.25;1160
20250108 185200;21340.25;21342.75;21328;21330.5;752
20250108 185300;21330.75;21334.75;21315;21316.25;1489
20250108 185400;21316.25;21316.75;21287.5;21293.75;1864
20250108 185500;21294.5;21295.25;21282;21293.75;1573
20250108 185600;21293.75;21306.5;21289.25;21298;1012
20250108 185700;21299;21305;21286;21302;1079
20250108 185800;21301.25;21325.25;21300.75;21317.5;1408
20250108 185900;21317;21319;21305.75;21316;731
20250108 190000;21317.5;21334;21312.5;21325.5;907
20250108 190100;21327.25;21331.25;21301.75;21317;1236
20250108 190200;21317.5;21322;21305;21310.75;930
20250108 190300;21311.25;21313.25;21287.5;21297.5;1315
20250108 190400;21298;21311.5;21290.75;21307.5;790
20250108 190500;21306.25;21319.5;21302.75;21313.75;821
20250108 190600;21314.25;21341.75;21314.25;21334.5;2059
20250108 190700;21334;21351.25;21322;21342.25;1632
20250108 190800;21342.5;21363.5;21333;21353;1815
20250108 190900;21352.5;21389;21352;21380.5;2204
20250108 191000;21381.25;21394;21369.25;21390.75;1790
20250108 191100;21391;21391;21377.75;21385;1314
20250108 191200;21384.5;21385.5;21358.75;21362.5;1212
20250108 191300;21362;21366.75;21335.75;21343.75;2164
20250108 191400;21344.25;21353;21336.75;21345.25;993
20250108 191500;21345.25;21348.25;21323.75;21328.75;1244
20250108 191600;21329.5;21356;21328.5;21347.75;1345
20250108 191700;21347.75;21363.25;21343.25;21358.5;1424
20250108 191800;21359;21363.5;21350.5;21361;852
20250108 191900;21361.5;21376;21361.5;21375;1313
20250108 192000;21374.25;21378.5;21366.75;21375.25;776
20250108 192100;21375.25;21381.25;21364;21376.5;889
20250108 192200;21375.75;21389;21370.75;21377.75;956
20250108 192300;21377.5;21378.25;21370.75;21378;511
20250108 192400;21377.25;21395.75;21375.75;21389.5;1372
20250108 192500;21389.5;21400;21385;21388;1307
20250108 192600;21388.25;21389.75;21374.25;21376;956
20250108 192700;21376;21394;21376;21389.75;840
20250108 192800;21389;21430;21388;21420.75;2816
20250108 192900;21420.75;21431.75;21416.25;21425.5;1882
20250108 193000;21425;21425.5;21412.75;21418;1217
20250108 193100;21417.75;21417.75;21378;21386.25;2301
20250108 193200;21386.25;21387;21364.25;21373.5;1383
20250108 193300;21373;21373;21362.25;21367;1025
20250108 193400;21366;21372.5;21352.25;21372.25;1107
20250108 193500;21371.25;21374.25;21354.5;21356;725
20250108 193600;21356.75;21372.25;21356.5;21370.75;683
20250108 193700;21370.25;21374.75;21344.25;21346.25;1302
20250108 193800;21346.25;21373.25;21344;21369.25;1299
20250108 193900;21370.5;21370.75;21353;21353.75;552
20250108 194000;21354.75;21358;21341.25;21343.5;906
20250108 194100;21343.75;21350;21335.25;21338.5;1269
20250108 194200;21338.5;21346.5;21325.75;21345;1309
20250108 194300;21345.75;21350;21317.75;21321.25;1288
20250108 194400;21321.5;21333;21318.5;21333;861
20250108 194500;21333.5;21338.5;21326.5;21334.25;574
20250108 194600;21333.5;21346.25;21326.75;21340.75;1374
20250108 194700;21340.75;21356;21333.5;21347.25;1060
20250108 194800;21347.75;21352;21329.5;21331.25;871
20250108 194900;21330;21340.5;21323.5;21337.25;676
20250108 195000;21336;21345;21333.25;21341.5;427
20250108 195100;21340.75;21354.75;21340;21345.5;811
20250108 195200;21346;21352;21338.75;21344.25;397
20250108 195300;21345.25;21351.5;21330.75;21335.5;696
20250108 195400;21335.5;21337.5;21325.5;21334.75;641
20250108 195500;21335.25;21337.5;21321.5;21324.25;481
20250108 195600;21325.25;21335.5;21319;21334;1048
20250108 195700;21334.5;21339.25;21327;21338.25;450
20250108 195800;21338;21346.25;21336.5;21345.5;868
20250108 195900;21345.5;21346;21328.25;21339;661
20250108 200000;21338.75;21340;21329.75;21337;693
20250108 200100;21337.25;21351.75;21333.5;21349;938
20250108 200200;21349.75;21352.75;21343.5;21346.75;837
20250108 200300;21346.75;21351;21334.75;21338;579
20250108 200400;21337.5;21350.25;21332.75;21346;485
20250108 200500;21346;21352.75;21344.75;21352.75;372
20250108 200600;21351;21355;21345.75;21345.75;515
20250108 200700;21345;21346.5;21334.25;21336.5;662
20250108 200800;21338;21339.25;21326.75;21327.5;553
20250108 200900;21326.75;21335.75;21325;21335.75;491
20250108 201000;21336.25;21338.5;21324;21332.25;530
20250108 201100;21332.5;21343.75;21329.5;21331.25;991
20250108 201200;21330.75;21332;21318.25;21321;692
20250108 201300;21321.25;21324.5;21312.25;21316.25;715
20250108 201400;21316;21321.75;21308;21310;950
20250108 201500;21310.5;21314;21301.25;21303.25;749
20250108 201600;21304;21333.5;21304;21329.5;1270
20250108 201700;21330.25;21343.5;21328.75;21333;750
20250108 201800;21334;21337.25;21324.5;21327.25;488
20250108 201900;21328;21347.75;21324.5;21343.5;622
20250108 202000;21343.25;21346;21337.75;21339.5;608
20250108 202100;21339.75;21349;21339.75;21343.75;615
20250108 202200;21344.75;21346.25;21337;21344.25;476
20250108 202300;21344.75;21344.75;21334.75;21336;422
20250108 202400;21336.5;21356.5;21336.5;21350.25;1013
20250108 202500;21351;21353;21345;21349.5;416
20250108 202600;21350;21357.75;21339.75;21342.5;776
20250108 202700;21341.75;21345.5;21337.75;21344.5;404
20250108 202800;21344;21350.75;21341.25;21348;400
20250108 202900;21346.75;21355.75;21346.25;21353;631
20250108 203000;21352.75;21358.5;21346;21348.25;538
20250108 203100;21348.5;21353.25;21344.75;21346.75;564
20250108 203200;21347;21356.5;21345;21350.5;567
20250108 203300;21351.25;21354;21348;21348;445
20250108 203400;21348;21348.75;21335.75;21337;1023
20250108 203500;21336.75;21339.25;21327;21330.75;973
20250108 203600;21329.75;21339;21323.5;21337;703
20250108 203700;21338;21339.25;21329.25;21332.5;443
20250108 203800;21332.75;21339;21326.5;21328.5;476
20250108 203900;21328.25;21329.5;21317;21317.75;612
20250108 204000;21317.75;21323.25;21310.75;21313;581
20250108 204100;21312.5;21328.75;21309;21328.25;884
20250108 204200;21328.25;21332;21318.75;21321.5;542
20250108 204300;21321.75;21328.25;21321;21324;413
20250108 204400;21324;21342.75;21322.75;21342.25;787
20250108 204500;21341.75;21348;21340;21344.25;797
20250108 204600;21343.75;21348.75;21337;21346;915
20250108 204700;21346;21348.5;21338.25;21344;489
20250108 204800;21344.25;21347.25;21333.5;21342;612
20250108 204900;21341.25;21342;21332.75;21335.25;672
20250108 205000;21336;21341.5;21334;21335.25;697
20250108 205100;21335.25;21353.5;21335.25;21349.5;1492
20250108 205200;21349.5;21352.5;21337.5;21342.5;806
20250108 205300;21341.75;21349.5;21339.25;21344;561
20250108 205400;21344.5;21348;21333.25;21340.5;744
20250108 205500;21341.5;21361.75;21336.75;21355;2154
20250108 205600;21354.25;21378;21350.75;21366.5;2488
20250108 205700;21367.25;21369;21356;21357.5;1114
20250108 205800;21357.75;21361;21343.25;21359.75;1357
20250108 205900;21359.75;21364.25;21351.75;21356.75;1146
20250108 210000;21357;21367.75;21342.75;21362;5291
20250108 210100;21361;21387.5;21359.5;21385.75;3012
20250108 210200;21385.75;21389.5;21384;21387.75;799
20250108 210300;21387.5;21389.5;21379.5;21381.5;832
20250108 210400;21381.5;21382.5;21363.5;21368.75;613
20250108 210500;21368.25;21368.25;21351;21360.75;814
20250108 210600;21361.25;21365.75;21353.5;21356;613
20250108 210700;21357.25;21357.75;21347.5;21352.75;516
20250108 210800;21353.5;21357.75;21350;21350.5;405
20250108 210900;21350;21357;21348.25;21355.5;424
20250108 211000;21355.25;21362.5;21353.5;21360.75;335
20250108 211100;21361.25;21362.25;21358.75;21361;148
20250108 211200;21360.75;21362;21355.25;21356.5;248
20250108 211300;21357;21357.5;21351.25;21352;176
20250108 211400;21352;21352.75;21344.25;21347;355
20250108 211500;21347;21351.5;21346.5;21351.5;128
20250108 211600;21352.25;21356.75;21350.75;21356.25;161
20250108 211700;21355.75;21357;21352.5;21354.75;81
20250108 211800;21354.5;21359.5;21354.25;21359.25;86
20250108 211900;21358.75;21359;21354.5;21356.25;89
20250108 212000;21355.25;21356;21353.5;21355.25;77
20250108 212100;21355;21357.25;21352;21353.5;83
20250108 212200;21354.25;21355.25;21347.75;21349;170
20250108 212300;21349.25;21350.75;21346.75;21349.5;149
20250108 212400;21349.5;21352.25;21348.5;21350;63
20250108 212500;21350.5;21353;21350;21353;68
20250108 212600;21353;21356.5;21352.25;21356.5;88
20250108 212700;21356.5;21359.5;21355.5;21359.5;68
20250108 212800;21359;21360.75;21357.25;21360.25;106
20250108 212900;21360.25;21362.25;21358.75;21361;68
20250108 213000;21361.5;21365.25;21361.5;21364.5;102
20250108 213100;21364;21365.5;21360.5;21363.5;115
20250108 213200;21364.25;21364.25;21360.5;21360.75;71
20250108 213300;21361;21364.5;21360.75;21364.5;59
20250108 213400;21365.25;21365.25;21363.25;21364.5;33
20250108 213500;21364.25;21365;21332.25;21339;818
20250108 213600;21338.5;21338.5;21309;21323.25;1040
20250108 213700;21324;21334.25;21323.25;21332.25;251
20250108 213800;21332.25;21333.5;21323.5;21331.5;218
20250108 213900;21331;21332.5;21306;21313.5;602
20250108 214000;21314;21319.25;21310;21319;159
20250108 214100;21319.25;21322;21311.5;21318;250
20250108 214200;21318.25;21321.75;21315;21320.75;242
20250108 214300;21320.75;21322.5;21316;21322.25;153
20250108 214400;21322.75;21325.5;21320.5;21324.25;189
20250108 214500;21325;21327.5;21322.5;21325.75;208
20250108 214600;21326.5;21330;21322.25;21325;203
20250108 214700;21324.75;21329.5;21324.75;21327.75;213
20250108 214800;21327.75;21327.75;21321.25;21324;115
20250108 214900;21323.75;21327.75;21322.25;21325.75;97
20250108 215000;21327.25;21333.25;21326.5;21332.25;99
20250108 215100;21332;21332;21325.25;21328.25;80
20250108 215200;21328.5;21331.5;21326.75;21328;113
20250108 215300;21327.5;21329.5;21325;21328.75;94
20250108 215400;21328.5;21334.5;21327.5;21332.5;126
20250108 215500;21332;21333.75;21328.75;21332;103
20250108 215600;21332;21333.25;21330.75;21332;72
20250108 215700;21332;21333;21330.5;21331.5;31
20250108 215800;21331.75;21332.5;21326.5;21328.5;65
20250108 215900;21329.25;21330.75;21328.75;21328.75;58
20250108 220000;21328.5;21329.75;21324.25;21325.5;117
20250108 230100;21334.75;21334.75;21314.75;21326.25;268
20250108 230200;21326.5;21333.5;21323.5;21328.5;93
20250108 230300;21328;21330.5;21326.75;21327.5;27
20250108 230400;21327.5;21329.75;21327;21328;30
20250108 230500;21328;21331.5;21327;21329.25;65
20250108 230600;21327;21327;21323.25;21326;69
20250108 230700;21324.25;21326.75;21323.5;21326.75;25
20250108 230800;21326.75;21326.75;21324.5;21325.5;13
20250108 230900;21324;21326.25;21324;21325;19
20250108 231000;21325.25;21328.25;21324;21327.75;41
20250108 231100;21328;21335.5;21326.25;21334.5;118
20250108 231200;21335.25;21339.5;21335.25;21338.25;79
20250108 231300;21337.5;21343;21336.5;21340.25;88
20250108 231400;21339.25;21341.5;21338;21338.75;54
20250108 231500;21338.75;21339.25;21337;21337;44
20250108 231600;21337;21339.25;21336.25;21338.25;38
20250108 231700;21338.5;21338.75;21337.5;21337.75;21
20250108 231800;21337.25;21337.5;21336;21337;18
20250108 231900;21336.25;21337;21335.25;21336;32
20250108 232000;21335;21335.25;21333.75;21335.25;32
20250108 232100;21335;21343;21335;21343;60
20250108 232200;21342;21343;21340.25;21341.75;48
20250108 232300;21341.25;21342.5;21340.75;21342;36
20250108 232400;21342;21343;21341.75;21341.75;29
20250108 232500;21342;21345.5;21342;21344.5;60
20250108 232600;21345;21345.75;21343.75;21345;44
20250108 232700;21345;21346.75;21344.75;21344.75;39
20250108 232800;21345;21346.5;21342.75;21343.5;56
20250108 232900;21343.75;21343.75;21339.5;21339.5;46
20250108 233000;21339;21341.5;21338.5;21341.25;39
20250108 233100;21340.75;21343.5;21339.75;21340;44
20250108 233200;21339.25;21339.25;21336;21337.5;48
20250108 233300;21337.25;21338.25;21336.75;21337.25;34
20250108 233400;21337;21338;21334;21338;42
20250108 233500;21338;21340.5;21337.5;21338.25;32
20250108 233600;21338;21341.5;21337;21341.5;50
20250108 233700;21341.25;21342.25;21339;21340;25
20250108 233800;21339.75;21340.75;21338.75;21340.75;11
20250108 233900;21341.25;21341.75;21341;21341.5;15
20250108 234000;21341.75;21343.5;21340;21342.5;40
20250108 234100;21343;21344.25;21341.25;21341.5;28
20250108 234200;21341.5;21342;21340.75;21342;6
20250108 234300;21340.75;21340.75;21339.25;21339.75;17
20250108 234400;21339.25;21339.25;21336.75;21336.75;13
20250108 234500;21337.25;21339.25;21335.75;21335.75;25
20250108 234600;21336.5;21338.5;21334;21335.5;49
20250108 234700;21335.75;21335.75;21329.75;21331.5;66
20250108 234800;21333;21336;21327;21329.75;113
20250108 234900;21329;21330;21316;21322;244
20250108 235000;21322.25;21324;21318;21319.75;219
20250108 235100;21319.75;21326.25;21319.5;21325.25;83
20250108 235200;21325.5;21325.75;21321.75;21324;31
20250108 235300;21323.25;21328.25;21323;21327.75;30
20250108 235400;21327.75;21331.5;21326.75;21330;41
20250108 235500;21329.25;21329.25;21323.25;21323.5;57
20250108 235600;21324;21324.75;21322.75;21324.25;17
20250108 235700;21324.25;21326.5;21315.25;21316.25;111
20250108 235800;21316.5;21320.5;21315;21319.25;100
20250108 235900;21319.5;21320.75;21315.5;21315.75;93
20250109 000000;21316.75;21317.25;21312.75;21315;97
20250109 000100;21316.5;21323.5;21316.5;21319.25;149
20250109 000200;21320;21320;21316;21316;45
20250109 000300;21316.25;21319;21316;21318.25;48
20250109 000400;21319.5;21320;21316.5;21319.5;48
20250109 000500;21320;21320;21315.25;21315.25;38
20250109 000600;21315.5;21317.5;21313.25;21315.75;51
20250109 000700;21316.75;21319.25;21315.25;21318.5;31
20250109 000800;21318.25;21323;21318.25;21322.75;47
20250109 000900;21323.25;21324.25;21315.75;21317.25;157
20250109 001000;21317;21317.25;21304.5;21308.5;266
20250109 001100;21309;21311.5;21307.5;21309.25;55
20250109 001200;21308.75;21308.75;21302.5;21304.5;272
20250109 001300;21303.5;21305;21285.75;21294;316
20250109 001400;21295;21300.75;21294.5;21298.25;122
20250109 001500;21299.5;21304.25;21299.25;21301.25;74
20250109 001600;21302.25;21305.25;21301;21302.5;54
20250109 001700;21302;21308.75;21302;21304.75;107
20250109 001800;21304.5;21311;21304.5;21308;65
20250109 001900;21308.5;21308.5;21305;21306;46
20250109 002000;21306;21309.75;21305;21309;51
20250109 002100;21309.5;21314.5;21307.75;21313.5;95
20250109 002200;21313;21313;21310.75;21312;33
20250109 002300;21312;21314.5;21312;21314;50
20250109 002400;21314;21314.75;21312.75;21312.75;23
20250109 002500;21313.25;21316;21313.25;21314.25;55
20250109 002600;21313.5;21314.5;21312.5;21312.75;24
20250109 002700;21313.25;21317.25;21312.75;21313.75;68
20250109 002800;21313.5;21314.5;21303;21303.75;122
20250109 002900;21303.5;21304.5;21293.75;21295.25;172
20250109 003000;21295.5;21296.5;21292.25;21292.75;82
20250109 003100;21293.5;21299.25;21292;21295;89
20250109 003200;21295;21297.25;21292.5;21294;76
20250109 003300;21293.5;21293.5;21284;21285.25;184
20250109 003400;21285.25;21287.25;21281;21285.75;156
20250109 003500;21285.75;21289.75;21285.5;21289;73
20250109 003600;21289.25;21291.5;21285.5;21286.75;123
20250109 003700;21286.5;21289.25;21285.5;21286.75;110
20250109 003800;21286;21286.25;21282;21282.5;63
20250109 003900;21282.25;21282.25;21271;21276;300
20250109 004000;21275.75;21280.5;21273.25;21280.5;71
20250109 004100;21280.75;21286;21279;21279;115
20250109 004200;21279.75;21279.75;21271.5;21273.75;97
20250109 004300;21273.75;21283;21273.75;21282;93
20250109 004400;21282.25;21284.75;21279.25;21283;123
20250109 004500;21284.25;21290;21283.25;21288.75;59
20250109 004600;21289;21292.5;21287.5;21290.75;62
20250109 004700;21291.5;21295.75;21290.5;21291.75;93
20250109 004800;21292.25;21293.25;21289.25;21293.25;65
20250109 004900;21293.25;21297.5;21291;21292;88
20250109 005000;21291.5;21294;21291.25;21294;16
20250109 005100;21294.25;21298;21294.25;21295.5;95
20250109 005200;21294;21301.25;21294;21300.25;85
20250109 005300;21299.5;21303;21299.5;21302.75;156
20250109 005400;21303;21304.25;21299.75;21302.75;45
20250109 005500;21303.25;21304.5;21300.75;21301;30
20250109 005600;21301.25;21301.25;21297.75;21299;58
20250109 005700;21299.25;21307.5;21299;21306;84
20250109 005800;21305.75;21308.5;21305.5;21307;43
20250109 005900;21306.75;21309.25;21306.5;21308.5;35
20250109 010000;21307.5;21308.75;21306;21306.75;34
20250109 010100;21306.25;21308.5;21301.5;21301.5;124
20250109 010200;21301.5;21303.5;21300.5;21303.25;72
20250109 010300;21304.5;21311.75;21304;21311.25;96
20250109 010400;21311.75;21317.75;21311.5;21316.25;120
20250109 010500;21316.5;21319;21315.75;21318;79
20250109 010600;21317.25;21320;21316;21316.75;48
20250109 010700;21315.75;21317.75;21312;21312.25;77
20250109 010800;21311.25;21311.25;21305.5;21307.75;155
20250109 010900;21306;21309.75;21305;21309.25;59
20250109 011000;21309;21314;21307.75;21309.75;61
20250109 011100;21311;21313.75;21310.25;21310.5;40
20250109 011200;21310.5;21315;21310.5;21312.75;38
20250109 011300;21311.75;21313.25;21311.25;21313;16
20250109 011400;21312.5;21313.75;21311;21313;27
20250109 011500;21314;21315.25;21311.5;21312.5;25
20250109 011600;21312;21314.75;21310;21314.75;50
20250109 011700;21314.5;21314.5;21310;21312.25;64
20250109 011800;21311.5;21314;21311.5;21312;13
20250109 011900;21311.5;21314.75;21311;21314.25;27
20250109 012000;21314.25;21314.5;21311;21311.25;28
20250109 012100;21312.5;21316.5;21310;21314.75;111
20250109 012200;21313.5;21315.5;21313.25;21314.5;28
20250109 012300;21314;21316;21312.5;21315.5;45
20250109 012400;21314.75;21315.75;21311;21315.75;64
20250109 012500;21313.25;21313.5;21310;21312.75;104
20250109 012600;21311.75;21313.75;21310;21313.75;84
20250109 012700;21314.75;21317.25;21312.5;21312.5;60
20250109 012800;21313.5;21314.75;21313.5;21314.75;12
20250109 012900;21314.5;21318;21314.5;21315.75;38
20250109 013000;21316.25;21325;21316;21323.75;254
20250109 013100;21323.5;21324;21318.75;21322.25;94
20250109 013200;21322;21322.25;21315.75;21319;60
20250109 013300;21319.5;21319.5;21313;21319;82
20250109 013400;21318.5;21320.5;21318;21318.25;47
20250109 013500;21317;21318.5;21317;21318.5;9
20250109 013600;21317.5;21317.5;21310;21316;132
20250109 013700;21315.5;21317;21313.25;21313.75;77
20250109 013800;21313.25;21315.5;21312.5;21312.75;24
20250109 013900;21313.75;21315.25;21313;21315;30
20250109 014000;21315.25;21317.25;21314.75;21317;41
20250109 014100;21318;21325.5;21318;21325;97
20250109 014200;21326;21326.25;21321;21323.75;65
20250109 014300;21323.75;21328;21323.25;21327;85
20250109 014400;21328;21328.25;21324.75;21326;54
20250109 014500;21327;21327.25;21323.75;21325.25;33
20250109 014600;21323.5;21323.5;21319.75;21321.75;56
20250109 014700;21321.5;21321.75;21312.25;21312.25;118
20250109 014800;21312.25;21313.75;21310.75;21313.75;56
20250109 014900;21313.75;21313.75;21310.25;21312.75;40
20250109 015000;21312.75;21315.75;21312.75;21315;35
20250109 015100;21315.75;21318.75;21314.5;21318.75;49
20250109 015200;21318.75;21321.5;21317;21318;68
20250109 015300;21316.75;21318.5;21314;21317.75;48
20250109 015400;21317.25;21320;21316.25;21318.75;49
20250109 015500;21319.5;21319.5;21315;21316.25;39
20250109 015600;21316.5;21320;21316.5;21319;31
20250109 015700;21318.75;21322.25;21317;21317;77
20250109 015800;21317;21321.25;21316;21317.5;60
20250109 015900;21317.5;21317.75;21313.5;21314;30
20250109 020000;21314.25;21315.5;21312.5;21314.25;52
20250109 020100;21313.75;21316.75;21313.75;21315.25;36
20250109 020200;21315;21321;21313.5;21320;63
20250109 020300;21319;21319.75;21316.75;21319.25;30
20250109 020400;21318;21321;21318;21320.25;31
20250109 020500;21320;21320.5;21318;21319.25;21
20250109 020600;21318;21321;21315;21320.25;31
20250109 020700;21320;21321.25;21320;21320.25;17
20250109 020800;21318.75;21320.25;21318;21319.75;23
20250109 020900;21319.5;21319.75;21316.75;21317.75;26
20250109 021000;21318;21318.25;21315.5;21316.25;27
20250109 021100;21317.25;21321.5;21317.25;21321.5;62
20250109 021200;21320.75;21325.5;21319;21325.25;93
20250109 021300;21325.25;21326.75;21324;21325.75;65
20250109 021400;21325.75;21329.75;21325.5;21329.75;70
20250109 021500;21328.25;21329.75;21327;21328.25;31
20250109 021600;21327.5;21329.75;21326;21327.25;32
20250109 021700;21326.5;21330;21326.5;21329;45
20250109 021800;21329;21333.25;21327.75;21333;84
20250109 021900;21333.5;21335.75;21331.75;21332.75;80
20250109 022000;21333.5;21336;21333.5;21335.75;50
20250109 022100;21335.5;21344;21335.5;21342.75;226
20250109 022200;21342.25;21342.25;21338.25;21340.25;109
20250109 022300;21340;21343;21338.25;21342.5;51
20250109 022400;21342.25;21344.25;21339;21339;59
20250109 022500;21338.75;21339;21335.75;21338.25;37
20250109 022600;21338;21340.5;21338;21338.75;34
20250109 022700;21339;21340.75;21336.5;21337.5;51
20250109 022800;21337.75;21337.75;21333.25;21336.25;53
20250109 022900;21336.25;21337.75;21336;21336.5;34
20250109 023000;21337;21338.75;21336.5;21336.75;20
20250109 023100;21338;21339.75;21337.25;21337.75;29
20250109 023200;21338.25;21338.25;21332;21333.25;122
20250109 023300;21333.5;21335.25;21331.5;21334;52
20250109 023400;21333;21333.75;21331.25;21331.25;21
20250109 023500;21332.25;21334.25;21332.25;21334.25;20
20250109 023600;21333;21337.5;21332.75;21336.5;44
20250109 023700;21337.25;21341.75;21337.25;21341.75;79
20250109 023800;21340.25;21341.25;21339.25;21339.75;44
20250109 023900;21340.25;21340.25;21336.75;21338.25;33
20250109 024000;21338.5;21338.5;21336.75;21338;11
20250109 024100;21338;21340.5;21334.75;21335.75;92
20250109 024200;21336.75;21337.75;21336;21336.75;18
20250109 024300;21337.25;21341.75;21337.25;21340.75;77
20250109 024400;21340.5;21347.25;21340;21346.5;109
20250109 024500;21346.25;21346.5;21342.5;21343.5;62
20250109 024600;21342.75;21345;21341.75;21343.5;33
20250109 024700;21343.75;21345.25;21341.75;21343.25;43
20250109 024800;21343.5;21344.5;21342.75;21343.75;28
20250109 024900;21342;21342;21338.75;21339.75;35
20250109 025000;21340;21341.75;21339;21341;21
20250109 025100;21341;21343.5;21340.5;21341.5;30
20250109 025200;21341;21341.75;21340.25;21341.25;14
20250109 025300;21342;21342;21339.25;21340.75;22
20250109 025400;21341;21342;21339.75;21340;23
20250109 025500;21339;21340.75;21339;21339.5;16
20250109 025600;21339.75;21343.25;21339.75;21342.75;30
20250109 025700;21342.5;21346;21342.5;21344;39
20250109 025800;21344.75;21346.25;21344.5;21345;38
20250109 025900;21345.5;21347;21345.5;21346.25;25
20250109 030000;21345.75;21346.75;21344.25;21345;39
20250109 030100;21344.75;21344.75;21339.5;21341.5;93
20250109 030200;21342.25;21342.75;21341.5;21341.75;15
20250109 030300;21341.25;21344;21340;21342.25;30
20250109 030400;21341;21341.25;21340;21341;25
20250109 030500;21342;21342;21341;21341.75;13
20250109 030600;21342;21342;21341.75;21341.75;4
20250109 030700;21341.75;21341.75;21336.75;21339;65
20250109 030800;21338;21340.5;21338;21338;23
20250109 030900;21337.25;21337.5;21336.25;21336.75;22
20250109 031000;21337.5;21339.75;21337;21338.5;29
20250109 031100;21338.25;21339.25;21337.5;21338.25;13
20250109 031200;21338.75;21340.5;21338.25;21340;24
20250109 031300;21339.75;21340.25;21337.75;21337.75;20
20250109 031400;21338.5;21338.75;21335;21336.75;41
20250109 031500;21337.75;21339.25;21337.5;21338;12
20250109 031600;21338.25;21340;21337;21338.25;14
20250109 031700;21338.5;21338.75;21335.75;21335.75;15
20250109 031800;21336.5;21337.5;21336.25;21337.25;12
20250109 031900;21337.25;21337.5;21335.5;21335.75;14
20250109 032000;21336;21336.75;21334.25;21334.75;28
20250109 032100;21335;21335;21334;21334;20
20250109 032200;21334;21335.5;21333.75;21335;21
20250109 032300;21333.25;21333.5;21327.25;21329.5;175
20250109 032400;21329.75;21330.25;21327.75;21329.75;19
20250109 032500;21329;21331.5;21328.75;21330.75;20
20250109 032600;21330.5;21330.75;21328;21330.25;37
20250109 032700;21329;21329.5;21327;21328.5;56
20250109 032800;21329.75;21332.5;21329.75;21332;27
20250109 032900;21332;21333.5;21331.75;21332.5;22
20250109 033000;21333;21337.25;21333;21337.25;55
20250109 033100;21336.5;21338.5;21336.25;21337;23
20250109 033200;21336.25;21337;21329.75;21330.5;53
20250109 033300;21330.75;21333.75;21330;21333;26
20250109 033400;21334;21334;21331.5;21333;16
20250109 033500;21332.75;21333.5;21332;21332.5;22
20250109 033600;21331.75;21335.5;21331.75;21335.5;29
20250109 033700;21334.75;21343;21334.75;21342.75;128
20250109 033800;21342.5;21343.25;21337.25;21337.75;82
20250109 033900;21338.5;21339;21337;21337;11
20250109 034000;21338.5;21338.5;21337.5;21337.75;9
20250109 034100;21337;21338.75;21335.5;21335.5;32
20250109 034200;21335.5;21337;21333.75;21337;21
20250109 034300;21337;21339;21337;21338.25;25
20250109 034400;21337.5;21338.5;21336;21338.5;17
20250109 034500;21338.25;21338.25;21334.25;21335.5;58
20250109 034600;21336;21336.25;21331.5;21331.5;48
20250109 034700;21331.75;21334.5;21331.75;21332.75;58
20250109 034800;21333.25;21333.75;21332.5;21332.75;13
20250109 034900;21332.75;21332.75;21328;21329.5;76
20250109 035000;21329;21329;21320.75;21323.75;227
20250109 035100;21324.25;21324.25;21313.25;21314.75;190
20250109 035200;21313.75;21319.5;21312;21317;134
20250109 035300;21316.5;21318.75;21315.25;21316.5;87
20250109 035400;21316.5;21317.5;21313.5;21316.25;54
20250109 035500;21316;21316;21313;21314.75;53
20250109 035600;21314.75;21316.5;21312.75;21314;68
20250109 035700;21314.25;21316.5;21313.75;21316;48
20250109 035800;21315.75;21318.5;21315;21315;55
20250109 035900;21315;21315.25;21313.25;21314;37
20250109 040000;21313.5;21314.25;21310;21310.75;171
20250109 040100;21311;21314.5;21310;21314;135
20250109 040200;21314.5;21317.25;21313.75;21317.25;87
20250109 040300;21316.5;21317;21314;21315.75;37
20250109 040400;21315;21315.75;21311.5;21312;47
20250109 040500;21312.5;21312.75;21310;21312.75;166
20250109 040600;21312.75;21314.75;21312.75;21313.25;24
20250109 040700;21313.5;21315.5;21312.75;21312.75;25
20250109 040800;21312.75;21313;21298.25;21301.5;663
20250109 040900;21301.25;21306;21297.75;21303.75;176
20250109 041000;21302.5;21305.25;21302;21305;70
20250109 041100;21304.75;21307.25;21302;21305;91
20250109 041200;21304.25;21306;21302.75;21304.5;29
20250109 041300;21304.5;21305;21301.5;21301.75;76
20250109 041400;21301.75;21304;21299.25;21301.25;86
20250109 041500;21301.5;21302;21299;21300.5;21
20250109 041600;21300.25;21303;21300.25;21301.5;51
20250109 041700;21301.75;21303.75;21301.75;21303.75;10
20250109 041800;21303.75;21303.75;21296.5;21297.25;74
20250109 041900;21297.25;21300.75;21296.5;21300.25;53
20250109 042000;21300.25;21300.25;21297.5;21297.75;27
20250109 042100;21298;21299.5;21296.5;21299.5;35
20250109 042200;21299;21300.5;21298.5;21300.5;20
20250109 042300;21300.75;21302;21299.75;21299.75;54
20250109 042400;21301;21301.5;21296.25;21298.25;60
20250109 042500;21298.5;21301.25;21298.5;21300;27
20250109 042600;21300.5;21302.5;21300.5;21301.75;36
20250109 042700;21301.5;21301.5;21298.5;21298.75;70
20250109 042800;21298;21298;21293;21296;73
20250109 042900;21298;21300.5;21297.25;21300.5;24
20250109 043000;21301;21304.75;21301;21302.75;72
20250109 043100;21303;21304.5;21300.5;21301;56
20250109 043200;21301.25;21301.75;21300.25;21301.25;29
20250109 043300;21301.5;21303.75;21300.5;21301.75;70
20250109 043400;21301.5;21306.75;21300.25;21305;65
20250109 043500;21304.5;21304.75;21303;21304.75;39
20250109 043600;21303;21303.5;21300.75;21301.25;36
20250109 043700;21300.5;21303.25;21296;21302.25;91
20250109 043800;21302.25;21303;21301.75;21302.75;19
20250109 043900;21302.5;21304.75;21302;21304;23
20250109 044000;21304.75;21307.25;21304.25;21306;36
20250109 044100;21306;21306.75;21304.5;21305.75;17
20250109 044200;21305.25;21307.25;21305.25;21306;24
20250109 044300;21306.75;21309.5;21306.25;21307.75;64
20250109 044400;21308.5;21308.5;21305.75;21308.25;34
20250109 044500;21308.25;21309;21304.5;21305;84
20250109 044600;21304.25;21305;21300.25;21303;120
20250109 044700;21302.25;21305;21301.25;21303.25;59
20250109 044800;21301.75;21303;21300.25;21303;36
20250109 044900;21303.25;21305.75;21303;21304.75;34
20250109 045000;21304.25;21305;21304.25;21304.5;9
20250109 045100;21303.75;21308.75;21303.25;21307;60
20250109 045200;21307;21310.5;21307;21309.25;51
20250109 045300;21310;21311.5;21309.25;21309.75;37
20250109 045400;21310;21313;21310;21311.75;43
20250109 045500;21311.5;21311.5;21309.75;21311;23
20250109 045600;21310.5;21313;21309;21311.25;42
20250109 045700;21312;21314.75;21312;21313.25;59
20250109 045800;21313.5;21315.25;21312.5;21312.5;35
20250109 045900;21312.5;21313;21309.5;21310.5;31
20250109 050000;21309.25;21311.75;21308.75;21310.75;51
20250109 050100;21310.25;21312;21303.75;21304.5;90
20250109 050200;21305;21307.5;21302.25;21304.75;44
20250109 050300;21304.25;21306.5;21302.75;21306.5;38
20250109 050400;21307;21307.25;21304.75;21305.25;11
20250109 050500;21306;21311.75;21306;21311.5;97
20250109 050600;21311.5;21320;21311.25;21318;138
20250109 050700;21317.25;21321;21316.75;21319;53
20250109 050800;21318.5;21319;21317;21317;18
20250109 050900;21316.75;21321.75;21316.5;21321;65
20250109 051000;21320.5;21323;21320;21320;33
20250109 051100;21320.25;21321.5;21318.25;21321.5;24
20250109 051200;21320.5;21322.25;21319;21322.25;37
20250109 051300;21322.75;21324;21321.75;21323;41
20250109 051400;21322.5;21323.75;21322.25;21322.5;19
20250109 051500;21322.75;21324.25;21322;21322.75;33
20250109 051600;21322.25;21322.25;21318.5;21320.5;43
20250109 051700;21320;21320.75;21318.5;21320.5;21
20250109 051800;21320.75;21322;21320.25;21321.5;16
20250109 051900;21321.75;21329.25;21321.75;21326.5;148
20250109 052000;21327.25;21327.5;21324.75;21326.25;25
20250109 052100;21326.75;21327.25;21325.25;21325.5;22
20250109 052200;21326.25;21328;21325.25;21325.75;36
20250109 052300;21326.25;21326.25;21321.75;21322;39
20250109 052400;21321.5;21322;21318.5;21322;61
20250109 052500;21321;21322;21320.25;21320.25;19
20250109 052600;21321;21321.5;21318.75;21319;32
20250109 052700;21319;21320.5;21314;21314.5;77
20250109 052800;21314.25;21315;21307.75;21309.5;110
20250109 052900;21309.5;21312.25;21308.75;21311.25;50
20250109 053000;21311.25;21315.75;21310.75;21311.75;75
20250109 053100;21311.75;21312.75;21309.5;21310.25;40
20250109 053200;21310.25;21314;21309.75;21311;57
20250109 053300;21311;21313;21311;21313;8
20250109 053400;21312.75;21314;21312;21313.25;15
20250109 053500;21312.5;21315.25;21312.5;21315;55
20250109 053600;21315.75;21318.5;21315.25;21317.5;64
20250109 053700;21318;21319.5;21315;21315.25;66
20250109 053800;21315.25;21316.75;21315.25;21316.75;13
20250109 053900;21316.25;21316.75;21314.75;21316.75;41
20250109 054000;21316.75;21318.5;21316.75;21318;35
20250109 054100;21318;21318.25;21316.75;21316.75;26
20250109 054200;21316;21316;21314.25;21315;12
20250109 054300;21316.25;21316.25;21313.5;21313.5;28
20250109 054400;21313.5;21315;21313;21313.25;25
20250109 054500;21313.25;21316.25;21312;21316.25;40
20250109 054600;21316.5;21321.25;21316.25;21320.5;54
20250109 054700;21320.25;21320.5;21318.25;21318.75;17
20250109 054800;21318.75;21321.75;21318.75;21321.75;10
20250109 054900;21320.75;21322;21320.25;21321.5;17
20250109 055000;21321;21323.25;21319.5;21322.75;47
20250109 055100;21322.75;21324.75;21322.75;21324.25;12
20250109 055200;21324.75;21326.75;21324.25;21326.75;25
20250109 055300;21326.75;21327.5;21324.25;21324.5;34
20250109 055400;21324;21325;21323;21323.5;54
20250109 055500;21324.5;21324.5;21323;21323.75;10
20250109 055600;21324.25;21325.75;21320.75;21322;53
20250109 055700;21322.5;21322.75;21320.5;21320.75;27
20250109 055800;21321.25;21321.5;21320.5;21321;27
20250109 055900;21320.5;21322;21319.5;21321.75;26
20250109 060000;21322;21324.5;21321;21323;37
20250109 060100;21324;21325;21320;21320.5;46
20250109 060200;21320.5;21323.25;21320;21321.75;35
20250109 060300;21321;21321.75;21320;21320.5;15
20250109 060400;21320.75;21322;21317.5;21322;78
20250109 060500;21322.75;21324.25;21322;21323;27
20250109 060600;21323.5;21328.75;21323.5;21325.25;118
20250109 060700;21325;21326.5;21324.5;21325.5;29
20250109 060800;21326;21327.75;21325.25;21326;30
20250109 060900;21325.25;21326.25;21325;21326.25;16
20250109 061000;21326;21328;21326;21326;25
20250109 061100;21325.5;21326;21320.25;21321;46
20250109 061200;21321.75;21323;21321;21322.5;29
20250109 061300;21321.75;21322.25;21319.25;21321;64
20250109 061400;21321.5;21322.75;21320.75;21322.75;9
20250109 061500;21322.75;21324.75;21321;21321;30
20250109 061600;21320;21320.25;21319.25;21319.75;12
20250109 061700;21320;21321.5;21318.75;21320.25;16
20250109 061800;21320.5;21323.25;21320.5;21323;28
20250109 061900;21321.75;21322.75;21320.25;21320.75;11
20250109 062000;21321;21321.5;21318.5;21320;15
20250109 062100;21318.75;21318.75;21314.25;21316;83
20250109 062200;21315.5;21318;21314;21318;55
20250109 062300;21317.5;21320.25;21316.75;21319;63
20250109 062400;21318;21318;21315.25;21316.25;15
20250109 062500;21316.25;21316.75;21312.5;21314.5;46
20250109 062600;21315;21317;21314.75;21314.75;34
20250109 062700;21314.75;21315.25;21313.5;21314.5;18
20250109 062800;21315.75;21316;21315.25;21315.25;11
20250109 062900;21316;21319.25;21315.75;21319.25;33
20250109 063000;21318.75;21325;21318.75;21324;83
20250109 063100;21324.5;21325.5;21322;21323.75;101
20250109 063200;21322.25;21323.5;21320;21323.25;60
20250109 063300;21324;21325.5;21323;21324;23
20250109 063400;21324.75;21325.75;21322.5;21323.25;23
20250109 063500;21322.75;21323.5;21322.25;21323;15
20250109 063600;21324.25;21324.25;21321.25;21322;23
20250109 063700;21320.25;21320.75;21318.25;21318.75;61
20250109 063800;21318.75;21319;21315.75;21318;30
20250109 063900;21318;21318.25;21313;21313;45
20250109 064000;21313;21313.25;21310;21311;85
20250109 064100;21312;21314.75;21310.5;21314.75;37
20250109 064200;21314.75;21317;21313.75;21317;33
20250109 064300;21317.75;21319;21317.25;21318;39
20250109 064400;21317;21317;21314.25;21315.5;25
20250109 064500;21316;21316;21312.5;21313;10
20250109 064600;21313;21313.5;21310.5;21312.5;34
20250109 064700;21312.75;21314;21312.5;21313.25;16
20250109 064800;21313.75;21315.5;21313.75;21314.25;8
20250109 064900;21314.75;21316.5;21314.25;21314.25;11
20250109 065000;21313.5;21313.5;21311;21311;21
20250109 065100;21311.5;21311.5;21307;21308.75;62
20250109 065200;21309.5;21315;21309.5;21314.5;102
20250109 065300;21314;21318.5;21314;21317.75;46
20250109 065400;21319;21319.75;21317.75;21318.5;23
20250109 065500;21319.25;21319.25;21316.5;21319.25;19
20250109 065600;21318.75;21319.5;21315.25;21317.75;24
20250109 065700;21317;21318.75;21317;21317.5;14
20250109 065800;21317.5;21318.25;21315.75;21316.25;16
20250109 065900;21316.5;21317.5;21316.25;21317.5;5
20250109 070000;21316.25;21317;21314.25;21314.25;21
20250109 070100;21315.5;21315.75;21307.25;21308.75;76
20250109 070200;21308;21311.75;21305.75;21309.75;106
20250109 070300;21310;21313;21309.5;21313;17
20250109 070400;21313.25;21316;21312.25;21313;39
20250109 070500;21314.25;21314.25;21311.5;21313.75;23
20250109 070600;21313;21314;21312.75;21314;10
20250109 070700;21314;21314;21309;21311;60
20250109 070800;21310.75;21311;21308;21310.25;36
20250109 070900;21310;21310;21307.25;21307.25;28
20250109 071000;21306.5;21310.25;21306.25;21309.75;37
20250109 071100;21310.25;21316;21309.5;21312.5;51
20250109 071200;21312.25;21316.5;21311.25;21316.25;31
20250109 071300;21315.75;21315.75;21312.5;21312.5;34
20250109 071400;21311.25;21312;21309.5;21310;50
20250109 071500;21309.75;21310;21306;21309;30
20250109 071600;21310;21312;21309.25;21310.5;27
20250109 071700;21310.25;21310.25;21299;21301.25;196
20250109 071800;21302.5;21305.5;21300.25;21300.25;84
20250109 071900;21300.75;21300.75;21289.5;21292;353
20250109 072000;21292;21292;21287.25;21289.25;129
20250109 072100;21289;21291.25;21287;21291;52
20250109 072200;21290.75;21292.5;21288.5;21290.75;64
20250109 072300;21291;21291;21283;21285.5;160
20250109 072400;21286;21286.75;21281.75;21282.75;99
20250109 072500;21282.25;21287.75;21282;21286.5;95
20250109 072600;21285.5;21286.75;21282.75;21283;43
20250109 072700;21282.75;21284.5;21281.75;21284.5;39
20250109 072800;21284.25;21284.25;21279.5;21280.5;71
20250109 072900;21279.75;21280.25;21275.75;21277;145
20250109 073000;21277.5;21279.75;21276;21276;74
20250109 073100;21276.5;21278.25;21265.5;21270.5;257
20250109 073200;21270;21270.75;21265;21266.75;145
20250109 073300;21268;21270.75;21267.5;21269;62
20250109 073400;21269.75;21276.25;21265.25;21275;192
20250109 073500;21275.25;21277.75;21269;21271.5;141
20250109 073600;21271.25;21272.75;21269.25;21269.5;58
20250109 073700;21269;21269;21260.75;21269;230
20250109 073800;21269.5;21272.75;21267;21270.5;79
20250109 073900;21271;21276.75;21267.75;21267.75;151
20250109 074000;21267;21270.5;21262;21268.5;93
20250109 074100;21268.5;21268.75;21260.75;21261.25;102
20250109 074200;21261.75;21266.25;21261.5;21263.5;139
20250109 074300;21263.25;21265.25;21257;21263.75;274
20250109 074400;21262.75;21265.75;21258.75;21259.25;70
20250109 074500;21259.5;21261;21259.5;21261;19
20250109 074600;21260.75;21260.75;21252;21254.5;216
20250109 074700;21254;21254.75;21250.25;21251.5;168
20250109 074800;21251.5;21251.5;21241;21249.25;331
20250109 074900;21250.25;21258;21250.25;21253;149
20250109 075000;21254;21255.75;21251.75;21254.25;81
20250109 075100;21254.25;21260.25;21254.25;21259.5;142
20250109 075200;21260;21268.5;21258.25;21266.25;207
20250109 075300;21265.5;21266.25;21259;21259.5;128
20250109 075400;21259.5;21261.5;21257.5;21258;97
20250109 075500;21257.5;21261;21257.5;21257.5;60
20250109 075600;21258.75;21259;21252.25;21253.5;108
20250109 075700;21252.5;21253.5;21245.5;21248.25;181
20250109 075800;21248.5;21254.25;21247.5;21252.5;68
20250109 075900;21252;21252;21248.75;21249.5;48
20250109 080000;21248.75;21251;21244;21249;161
20250109 080100;21249;21254.25;21239.25;21241.25;381
20250109 080200;21243;21245.25;21238.5;21244.5;180
20250109 080300;21244.5;21247.5;21239;21239.5;117
20250109 080400;21240.5;21244.25;21229.25;21232;298
20250109 080500;21231.5;21232;21218;21225.25;478
20250109 080600;21225;21236.75;21220.5;21233.75;303
20250109 080700;21234;21243.5;21232.75;21240.75;172
20250109 080800;21239.25;21243.75;21235.5;21236.25;181
20250109 080900;21237.5;21245;21232.5;21245;159
20250109 081000;21245;21250;21244;21245.5;153
20250109 081100;21246.25;21248.5;21234.5;21241.75;182
20250109 081200;21242.25;21246;21239.25;21244.5;57
20250109 081300;21245.25;21255.25;21245.25;21252;169
20250109 081400;21251;21252.25;21242.5;21244.75;121
20250109 081500;21245;21252;21245;21247.5;93
20250109 081600;21247.25;21249.75;21240.75;21248;100
20250109 081700;21246.5;21252.5;21246;21252;96
20250109 081800;21251.25;21258.25;21249.5;21254;131
20250109 081900;21254.25;21262;21252.25;21256.75;151
20250109 082000;21257.5;21257.75;21251.5;21253;78
20250109 082100;21252.25;21258.75;21249.5;21258;164
20250109 082200;21258.5;21261.75;21254.75;21261.25;182
20250109 082300;21261.75;21261.75;21254.5;21257.75;118
20250109 082400;21257.75;21259.5;21254.75;21256.75;81
20250109 082500;21256.25;21264;21255.75;21259.75;134
20250109 082600;21260.5;21272.5;21258;21272.5;167
20250109 082700;21272.5;21277.5;21270;21275;257
20250109 082800;21274.25;21277.25;21272.25;21275.25;88
20250109 082900;21274.25;21276.75;21271;21274.25;124
20250109 083000;21274.75;21280.75;21274.75;21279.5;142
20250109 083100;21279.75;21285;21278;21285;222
20250109 083200;21284.25;21285;21277.25;21280.25;136
20250109 083300;21279.25;21282;21276.25;21278;125
20250109 083400;21278;21288.5;21278;21288;187
20250109 083500;21287;21291.25;21286.75;21290;155
20250109 083600;21289.5;21291;21287.75;21289;85
20250109 083700;21288.25;21291.25;21283.25;21290.5;170
20250109 083800;21290.5;21290.5;21287;21288.5;54
20250109 083900;21289;21292.25;21285.25;21286;118
20250109 084000;21285.75;21289.25;21285.75;21287.5;57
20250109 084100;21288.25;21293.5;21287.25;21291.5;108
20250109 084200;21291;21302.75;21291;21301.75;273
20250109 084300;21302.25;21304;21297;21303.5;163
20250109 084400;21302.5;21306.75;21301.5;21303.5;137
20250109 084500;21303.5;21303.75;21300.75;21302.25;55
20250109 084600;21301.5;21303.5;21295;21295.25;169
20250109 084700;21294.75;21296.25;21289.5;21293.25;149
20250109 084800;21293.25;21293.75;21289.5;21290.75;57
20250109 084900;21291.5;21292.25;21282.75;21284.25;178
20250109 085000;21283.5;21285.5;21279.5;21285.5;165
20250109 085100;21286;21290;21283.5;21290;196
20250109 085200;21290;21300;21290;21295;157
20250109 085300;21295.5;21296.5;21291;21292.75;68
20250109 085400;21292.25;21298.75;21292;21297;82
20250109 085500;21297.5;21300.25;21295;21298;76
20250109 085600;21297.25;21297.25;21292.5;21295;88
20250109 085700;21295;21297.75;21292;21296.75;61
20250109 085800;21297.25;21297.25;21291.25;21291.25;48
20250109 085900;21291;21291.5;21286;21286.75;75
20250109 090000;21286;21294.75;21285.5;21293.5;154
20250109 090100;21294.75;21299.25;21289.5;21290.75;117
20250109 090200;21290.25;21291.5;21287;21290.5;96
20250109 090300;21289.25;21290.75;21287;21287.5;43
20250109 090400;21287.5;21288.5;21283.5;21285.5;103
20250109 090500;21285.75;21286.25;21280.75;21281;105
20250109 090600;21280.75;21287.75;21280.75;21286.5;81
20250109 090700;21286;21286;21278.25;21280.75;101
20250109 090800;21281.75;21284;21278.75;21281.5;63
20250109 090900;21282.25;21282.75;21280;21282.5;83
20250109 091000;21282;21286.75;21281.5;21286;47
20250109 091100;21286.75;21288.5;21282.75;21283.75;144
20250109 091200;21283;21288.25;21280.5;21286;107
20250109 091300;21286.25;21290.75;21286.25;21288.75;93
20250109 091400;21289;21289.75;21280.5;21281.5;107
20250109 091500;21281.5;21286.75;21281.5;21285.5;165
20250109 091600;21285.5;21288;21281.5;21286.5;85
20250109 091700;21286.5;21288.5;21284;21285;75
20250109 091800;21285.25;21295;21285.25;21293;112
20250109 091900;21293;21302.5;21293;21296.25;166
20250109 092000;21296.25;21297.75;21293;21293.5;92
20250109 092100;21294.25;21298.5;21289.5;21289.5;121
20250109 092200;21290.5;21290.75;21283;21286;128
20250109 092300;21287.75;21291.75;21286.75;21287.75;64
20250109 092400;21288.5;21290;21285;21286.5;58
20250109 092500;21286.25;21287;21281.75;21284.5;90
20250109 092600;21285;21285.5;21279.75;21285.25;104
20250109 092700;21285.75;21290.75;21285.25;21287.75;97
20250109 092800;21287.25;21290;21285.25;21290;45
20250109 092900;21290.25;21292.75;21288.25;21290.25;72
20250109 093000;21289.25;21290.25;21286.25;21288.5;105
20250109 093100;21288.75;21289.75;21286.75;21289.25;55
20250109 093200;21288.25;21294.25;21287.75;21292;171
20250109 093300;21293;21293.25;21283;21283;90
20250109 093400;21284.25;21290;21283;21288.5;55
20250109 093500;21288.75;21293;21288;21292.25;65
20250109 093600;21292.75;21294.25;21291.25;21293.25;40
20250109 093700;21295;21297.75;21292;21296.75;81
20250109 093800;21297;21307.5;21297;21305;325
20250109 093900;21305;21309.5;21298.75;21301;139
20250109 094000;21301.5;21303;21298.25;21299.75;70
20250109 094100;21299.75;21302.5;21298;21300.75;98
20250109 094200;21300;21308.5;21299.5;21308.25;119
20250109 094300;21309;21311.25;21304.25;21305.5;129
20250109 094400;21305.25;21307.25;21304.25;21306.25;42
20250109 094500;21306.25;21311.25;21304.75;21309.5;73
20250109 094600;21309.5;21309.75;21304.5;21306.25;98
20250109 094700;21306;21306.25;21296.5;21303;226
20250109 094800;21303;21305;21300;21302;43
20250109 094900;21301;21302.5;21299;21302;53
20250109 095000;21301.25;21304.25;21301.25;21303.5;16
20250109 095100;21303;21303.75;21300.25;21303.75;48
20250109 095200;21302.75;21302.75;21293.25;21295.5;134
20250109 095300;21296.5;21300.25;21295;21298;112
20250109 095400;21297.75;21298.25;21294.25;21296.25;54
20250109 095500;21295.75;21297.25;21294.75;21295.25;37
20250109 095600;21295.5;21299;21295.5;21298.75;41
20250109 095700;21298.75;21298.75;21297;21298;28
20250109 095800;21298;21307;21298;21306.5;98
20250109 095900;21306.75;21312.75;21306.25;21310.5;152
20250109 100000;21309.75;21313.75;21309.5;21311.25;113
20250109 100100;21311.5;21316;21310.25;21315.5;68
20250109 100200;21316;21320.75;21313.25;21320;111
20250109 100300;21319.75;21321.75;21311.75;21313;156
20250109 100400;21312.75;21317.5;21312.25;21315;52
20250109 100500;21315.5;21316.75;21314.5;21316.25;28
20250109 100600;21316.75;21319.5;21316;21319.5;71
20250109 100700;21319.5;21319.5;21313.5;21313.75;88
20250109 100800;21313.5;21314;21310;21313.25;84
20250109 100900;21314;21321.25;21313;21319.5;96
20250109 101000;21319.25;21325.75;21319.25;21323.5;136
20250109 101100;21324.75;21327.5;21322;21322.75;140
20250109 101200;21322.75;21324;21322.25;21323;31
20250109 101300;21324;21326.5;21323.5;21326.5;34
20250109 101400;21325.75;21325.75;21324;21324.25;19
20250109 101500;21325.25;21327.5;21325.25;21326;50
20250109 101600;21325.75;21329.25;21324.75;21328.75;66
20250109 101700;21328.75;21334.5;21328;21328.75;180
20250109 101800;21329.75;21329.75;21325;21326;61
20250109 101900;21326.25;21326.75;21321.5;21326.75;76
20250109 102000;21326.75;21327.5;21324.5;21325;40
20250109 102100;21324.25;21324.75;21318.25;21319.25;107
20250109 102200;21319.5;21321.75;21319;21319.5;30
20250109 102300;21320;21321.25;21317.5;21318.75;57
20250109 102400;21318.25;21318.75;21316.75;21317.5;20
20250109 102500;21318.75;21320;21316.5;21320;40
20250109 102600;21320.25;21323;21319.75;21319.75;60
20250109 102700;21319.75;21319.75;21315.5;21318.5;45
20250109 102800;21318.25;21323.5;21318;21322;61
20250109 102900;21322;21324;21321.25;21323.25;41
20250109 103000;21323.25;21326;21321.75;21321.75;70
20250109 103100;21321.25;21325.75;21321.25;21322.75;52
20250109 103200;21323.25;21324.75;21322;21323.25;41
20250109 103300;21323.25;21324.25;21317.5;21322.5;122
20250109 103400;21323.75;21327;21323.25;21326.25;57
20250109 103500;21326.5;21327;21324.5;21326;25
20250109 103600;21325.75;21326;21323.25;21324.5;26
20250109 103700;21325;21325;21318.5;21318.5;60
20250109 103800;21318.25;21322.25;21317.5;21321.25;56
20250109 103900;21321.5;21324.5;21321.5;21324.5;25
20250109 104000;21324.25;21327;21323;21326.75;52
20250109 104100;21326;21330;21325.75;21328.25;84
20250109 104200;21328.5;21331;21325.25;21325.5;119
20250109 104300;21324;21324;21317.25;21318.25;153
20250109 104400;21319.25;21324;21319;21323.25;95
20250109 104500;21322;21323.5;21319;21319.5;32
20250109 104600;21320;21321.25;21318.5;21321;49
20250109 104700;21321.25;21321.25;21315.5;21316;148
20250109 104800;21315.75;21321.5;21314.25;21321.5;82
20250109 104900;21320.25;21324.75;21320.25;21321.25;58
20250109 105000;21320.75;21323.25;21319.75;21321.75;40
20250109 105100;21322;21326.25;21322;21325;57
20250109 105200;21325.5;21327.25;21323.25;21326.75;40
20250109 105300;21327;21327.5;21325.75;21325.75;16
20250109 105400;21325.25;21326.25;21322.75;21322.75;37
20250109 105500;21321.5;21323.75;21320.75;21320.75;25
20250109 105600;21320.5;21324;21320.5;21322.25;30
20250109 105700;21322;21324.25;21322;21324.25;13
20250109 105800;21323.5;21327.75;21322.5;21326.5;58
20250109 105900;21327.5;21333.75;21326.75;21327.5;179
20250109 110000;21328.25;21329.25;21326.5;21327.5;54
20250109 110100;21327.75;21328.75;21324.25;21326.5;99
20250109 110200;21327.25;21327.5;21320.25;21323.75;105
20250109 110300;21324;21324;21318;21319;73
20250109 110400;21319.25;21320.5;21302.75;21305.75;378
20250109 110500;21305.75;21306.75;21301.5;21304;132
20250109 110600;21304.5;21305;21296.75;21297.75;147
20250109 110700;21297;21297;21289.25;21296.5;214
20250109 110800;21297.5;21301.5;21297.5;21298.5;98
20250109 110900;21296.5;21301.25;21294.75;21299.5;75
20250109 111000;21300.25;21304.75;21287.75;21289.25;167
20250109 111100;21289;21293;21283;21289;287
20250109 111200;21288.75;21292.5;21285.5;21290.75;99
20250109 111300;21290;21290;21284;21286.75;110
20250109 111400;21286.5;21291.25;21286.5;21289.75;55
20250109 111500;21288;21293;21288;21291.75;60
20250109 111600;21292.25;21303.25;21291.5;21301.5;212
20250109 111700;21302;21304.5;21298.5;21304.5;103
20250109 111800;21305;21308.5;21292.75;21296;142
20250109 111900;21294.75;21299.25;21294.25;21298.25;69
20250109 112000;21297;21303;21297;21298.5;43
20250109 112100;21298.25;21304.75;21296;21302.25;75
20250109 112200;21302.5;21308.25;21302.5;21305.5;84
20250109 112300;21306.5;21309.25;21305.5;21307.25;53
20250109 112400;21309;21311.25;21307.5;21309.5;53
20250109 112500;21309.5;21310.25;21304;21304.25;76
20250109 112600;21304.25;21309;21304;21304;58
20250109 112700;21304.75;21313.75;21304.75;21312;76
20250109 112800;21312;21314.25;21309.5;21313.25;48
20250109 112900;21314;21317.75;21312.25;21315.75;109
20250109 113000;21316.5;21318;21313.25;21313.25;66
20250109 113100;21313.75;21314.25;21301;21304;177
20250109 113200;21303.25;21306.5;21298.75;21301.5;155
20250109 113300;21300.75;21300.75;21294.75;21296.75;109
20250109 113400;21296.75;21300.75;21294;21300.75;71
20250109 113500;21300;21303.5;21299;21299.75;46
20250109 113600;21300.25;21309.75;21300;21306.75;110
20250109 113700;21306.25;21309.25;21304.25;21308.25;37
20250109 113800;21309;21310.25;21303.5;21303.75;48
20250109 113900;21303.75;21303.75;21292.75;21297;134
20250109 114000;21296.75;21301.5;21295.25;21296.5;72
20250109 114100;21297;21301;21295.5;21295.5;61
20250109 114200;21295;21297.25;21288;21289.75;157
20250109 114300;21289;21290;21281.5;21286.5;151
20250109 114400;21285.5;21286;21276.75;21279.5;214
20250109 114500;21279.25;21289;21276.5;21284.5;204
20250109 114600;21286;21294.25;21286;21291.25;161
20250109 114700;21292;21299.5;21292;21299;101
20250109 114800;21299.5;21300.75;21296.75;21298.25;91
20250109 114900;21300.25;21307.25;21300.25;21302.5;203
20250109 115000;21302.5;21307.25;21299;21303.75;212
20250109 115100;21303.25;21310;21303.25;21305.5;89
20250109 115200;21306.5;21307.25;21300;21301.25;80
20250109 115300;21301.5;21308.25;21298.5;21308.25;103
20250109 115400;21308.25;21312.5;21307.75;21308.75;182
20250109 115500;21310;21311;21302.75;21304.25;158
20250109 115600;21303.75;21303.75;21298.25;21298.25;105
20250109 115700;21298.5;21302.75;21294.75;21301.5;91
20250109 115800;21300.5;21306;21300.5;21304.75;62
20250109 115900;21303.75;21306;21299.75;21302;28
20250109 120000;21301.5;21304;21300.5;21301.75;38
20250109 120100;21302.75;21305.5;21294.75;21295;114
20250109 120200;21294.75;21307.25;21293;21307.25;110
20250109 120300;21307.25;21307.75;21300.25;21301.75;72
20250109 120400;21302.25;21302.25;21296;21300;65
20250109 120500;21300.25;21306.75;21299.75;21302.75;76
20250109 120600;21301.75;21305.25;21299.25;21304.75;59
20250109 120700;21304.5;21306.25;21302.75;21302.75;40
20250109 120800;21302.75;21306.75;21302.5;21306.75;34
20250109 120900;21304;21307.25;21303.25;21304.5;28
20250109 121000;21305.75;21310;21305.5;21308;69
20250109 121100;21308.5;21310;21305.75;21308.5;66
20250109 121200;21308.5;21311;21308.5;21310.25;21
20250109 121300;21310;21315.75;21309.75;21314.5;72
20250109 121400;21313.25;21317.5;21312.25;21313;122
20250109 121500;21312.5;21317.75;21312.5;21314;94
20250109 121600;21313.25;21314.25;21312;21313;31
20250109 121700;21313.5;21313.5;21309.5;21311.75;38
20250109 121800;21311.75;21312.25;21310;21311.5;22
20250109 121900;21312;21312;21301;21305.25;99
20250109 122000;21303.75;21307;21303.25;21305;31
20250109 122100;21304.5;21305.25;21297;21297;81
20250109 122200;21296.25;21299.25;21291.75;21292.75;123
20250109 122300;21291.5;21296.75;21289.25;21295.5;80
20250109 122400;21294.75;21295.5;21290.75;21294.25;67
20250109 122500;21295;21299.25;21295;21297.25;79
20250109 122600;21297.75;21299;21290.5;21293.5;75
20250109 122700;21293.25;21294.25;21291.5;21293.25;36
20250109 122800;21293.5;21294.25;21289;21292.25;63
20250109 122900;21293.75;21296.5;21290.5;21293.75;85
20250109 123000;21292.5;21293;21286;21291.5;177
20250109 123100;21290.75;21296.75;21290.75;21296.25;94
20250109 123200;21296.75;21299.5;21294.75;21297.25;70
20250109 123300;21296;21299.5;21295.75;21299;37
20250109 123400;21297.75;21297.75;21294.5;21294.75;48
20250109 123500;21295;21297.5;21295;21297.25;29
20250109 123600;21297;21300.5;21293.5;21297.75;62
20250109 123700;21298.5;21304.5;21298.25;21303.25;120
20250109 123800;21303.75;21305.5;21302.25;21304;80
20250109 123900;21303.5;21303.5;21299.25;21300;54
20250109 124000;21300.5;21300.5;21290.75;21292.75;146
20250109 124100;21293.25;21297;21291.25;21291.25;80
20250109 124200;21291.25;21294.25;21286.75;21292;135
20250109 124300;21293.5;21296.25;21291.5;21296;51
20250109 124400;21296.5;21297;21289;21292.25;100
20250109 124500;21292.5;21296.75;21291.75;21292.25;81
20250109 124600;21291.75;21292.75;21285.75;21287;148
20250109 124700;21286.5;21291;21286.5;21291;40
20250109 124800;21290.5;21297;21290.5;21295.5;64
20250109 124900;21296;21304.25;21296;21301.25;152
20250109 125000;21301.25;21306;21299.75;21304.5;83
20250109 125100;21305.5;21309.25;21304.75;21305;101
20250109 125200;21305.25;21305.25;21302;21303.25;43
20250109 125300;21303.25;21307.75;21302.75;21304.75;73
20250109 125400;21304.25;21305.25;21299.5;21302.75;51
20250109 125500;21302.75;21305;21302.75;21303.25;35
20250109 125600;21303.5;21307;21302.75;21305.75;49
20250109 125700;21305;21307;21303.25;21306.75;42
20250109 125800;21306.25;21311.25;21306;21310.5;102
20250109 125900;21310.75;21311.25;21306.75;21308.25;51
20250109 130000;21307.75;21312.75;21305;21311.75;170
20250109 130100;21311.5;21313.75;21304.75;21309.75;190
20250109 130200;21309.5;21312.25;21307.75;21311.5;62
20250109 130300;21310.75;21313.5;21309.75;21312.25;113
20250109 130400;21312.25;21312.5;21309;21311.75;89
20250109 130500;21311.5;21313.5;21309.75;21312;69
20250109 130600;21312.75;21316;21310.5;21315.75;128
20250109 130700;21315.25;21323.25;21314.75;21322;336
20250109 130800;21321.75;21325.25;21321.75;21324.5;102
20250109 130900;21324;21326;21322.5;21324.75;66
20250109 131000;21325.25;21326;21321.75;21326;85
20250109 131100;21326.25;21331.5;21326.25;21328.25;207
20250109 131200;21327.5;21327.75;21324;21325;87
20250109 131300;21325;21329.5;21324.75;21325;74
20250109 131400;21323.75;21327;21320.5;21325.75;133
20250109 131500;21326.25;21326.75;21323.75;21324.5;36
20250109 131600;21324.5;21326.25;21320;21324.25;127
20250109 131700;21325.25;21327.25;21323.25;21323.25;95
20250109 131800;21324;21325.25;21322.25;21323;65
20250109 131900;21323;21324.25;21315.75;21317.75;161
20250109 132000;21318.5;21320.25;21314;21316;138
20250109 132100;21315.5;21315.75;21313.25;21314.25;71
20250109 132200;21315;21322.75;21315;21322.75;189
20250109 132300;21322;21324.75;21317;21317;106
20250109 132400;21317.5;21318.5;21312;21316;90
20250109 132500;21315.5;21316;21307.5;21309.5;127
20250109 132600;21309;21316;21306.5;21315.75;158
20250109 132700;21316.25;21317.25;21312.5;21316;106
20250109 132800;21315.75;21323.25;21314.75;21321.75;140
20250109 132900;21321.75;21323.25;21317.75;21322.5;108
20250109 133000;21322.5;21324.25;21318.75;21319.25;129
20250109 133100;21318.75;21318.75;21308.75;21311.75;215
20250109 133200;21312;21317.75;21310;21315;189
20250109 133300;21314.25;21317.75;21312;21314;83
20250109 133400;21314.25;21317;21310.5;21314.5;146
20250109 133500;21314.5;21322.5;21313.5;21321.5;153
20250109 133600;21321.25;21328.25;21321.25;21327.25;248
20250109 133700;21327.75;21333;21326.5;21332.25;220
20250109 133800;21332.5;21332.5;21328.75;21330.75;152
20250109 133900;21330.25;21334;21328.25;21330.25;101
20250109 134000;21330;21331.75;21326.5;21329.5;157
20250109 134100;21329.5;21330;21325;21326.5;75
20250109 134200;21326;21327.75;21324;21327.75;67
20250109 134300;21327.5;21334;21326.5;21333;112
20250109 134400;21332.5;21332.5;21325.25;21326.75;93
20250109 134500;21328.5;21329.75;21324.25;21328.25;78
20250109 134600;21328.25;21328.25;21321;21324.5;118
20250109 134700;21323.25;21323.25;21319.25;21321.75;116
20250109 134800;21320.5;21322.25;21317;21321.25;162
20250109 134900;21321.25;21324.5;21319.5;21321.5;80
20250109 135000;21320.5;21323;21314.75;21319;143
20250109 135100;21319;21323;21318.25;21319.5;86
20250109 135200;21318.75;21320;21310.25;21314.5;172
20250109 135300;21313.5;21314.5;21311.75;21314.25;57
20250109 135400;21314;21316.25;21314;21314.5;39
20250109 135500;21315;21315;21312.25;21313.5;68
20250109 135600;21313.25;21317;21311.75;21313;134
20250109 135700;21312.75;21314.25;21306.5;21307;128
20250109 135800;21307.5;21309.5;21304;21309.5;121
20250109 135900;21308.5;21309;21301;21301;252
20250109 140000;21300.5;21305;21293;21305;267
20250109 140100;21304;21304;21287;21287.75;364
20250109 140200;21288;21297;21288;21293.75;182
20250109 140300;21293.25;21295.5;21289.25;21290.25;134
20250109 140400;21291;21293.5;21283.75;21289;228
20250109 140500;21287.75;21287.75;21279;21283;221
20250109 140600;21280.5;21281.5;21267.25;21270.5;484
20250109 140700;21271.25;21272.5;21265;21267;348
20250109 140800;21267.5;21274.5;21265.75;21272.25;210
20250109 140900;21273.25;21280;21269.75;21276.25;349
20250109 141000;21277.5;21281.5;21276.5;21277.75;208
20250109 141100;21277.25;21282.25;21274;21280;176
20250109 141200;21279;21285.25;21278;21283;235
20250109 141300;21283.25;21286;21280;21280;221
20250109 141400;21280;21282;21272.5;21279.75;176
20250109 141500;21279.5;21284.5;21276.25;21284;109
20250109 141600;21283.5;21295;21283.25;21295;390
20250109 141700;21294.25;21295.5;21290.75;21292;256
20250109 141800;21291;21291;21285;21288.25;184
20250109 141900;21288;21297.5;21287.5;21297;178
20250109 142000;21298;21298.25;21294.75;21296.25;100
20250109 142100;21295.5;21299;21293.75;21294.25;250
20250109 142200;21294.5;21295;21286.25;21294.5;197
20250109 142300;21294.25;21296.5;21290.25;21295.5;100
20250109 142400;21294.5;21294.5;21289;21291.25;64
20250109 142500;21290.75;21292.5;21286.75;21292.5;124
20250109 142600;21292;21305.5;21292;21304.5;339
20250109 142700;21304.75;21309.75;21303.75;21308.25;200
20250109 142800;21307.75;21310.25;21301.75;21305;147
20250109 142900;21304.25;21306.75;21301;21301.75;112
20250109 143000;21302.25;21304.75;21295.5;21301.5;208
20250109 230100;21302.75;21308.25;21289.5;21304.75;257
20250109 230200;21305.75;21309;21303;21305.5;81
20250109 230300;21305.5;21306.5;21300;21306.25;65
20250109 230400;21305;21306.75;21300;21300;58
20250109 230500;21300;21300;21285;21287.5;196
20250109 230600;21287.75;21287.75;21272;21277;296
20250109 230700;21276.25;21283.5;21267.75;21282;190
20250109 230800;21283.5;21291.5;21280.75;21290.75;127
20250109 230900;21289;21297;21289;21296.75;97
20250109 231000;21296.5;21297;21289.25;21293.25;62
20250109 231100;21290.5;21291.5;21282.25;21287.25;92
20250109 231200;21287.25;21294.5;21286.75;21287.5;64
20250109 231300;21286.5;21290;21285.5;21290;67
20250109 231400;21289.5;21290.5;21286.75;21287.25;83
20250109 231500;21287;21287;21272.25;21277.75;145
20250109 231600;21276.5;21276.5;21257.75;21263.25;338
20250109 231700;21264;21276.25;21261.5;21273;149
20250109 231800;21272;21276;21270;21270.25;97
20250109 231900;21270.75;21272;21264.5;21264.5;170
20250109 232000;21265.25;21271.25;21263;21264.25;122
20250109 232100;21264;21264.5;21245.5;21246.5;288
20250109 232200;21246.75;21260;21246.5;21258.75;225
20250109 232300;21258.25;21259.75;21256;21259.75;64
20250109 232400;21259;21259.5;21252.75;21259.5;96
20250109 232500;21260;21262;21257.5;21260.25;101
20250109 232600;21260.5;21270.5;21260.5;21265;179
20250109 232700;21266;21266.25;21252;21257;167
20250109 232800;21256.25;21260.5;21255.75;21260;40
20250109 232900;21259;21268.25;21259;21268.25;69
20250109 233000;21267;21267.5;21254.25;21258;117
20250109 233100;21258.75;21258.75;21250;21254;101
20250109 233200;21252.5;21254;21240.25;21241;224
20250109 233300;21243.25;21249;21242.25;21242.5;155
20250109 233400;21244;21244.25;21235;21241;175
20250109 233500;21242;21243.5;21237;21241.5;110
20250109 233600;21242;21246.25;21230.5;21237.25;222
20250109 233700;21237.75;21238.25;21231.25;21237;92
20250109 233800;21236.75;21242.75;21235.75;21240.5;67
20250109 233900;21239.5;21239.5;21233.25;21235.25;48
20250109 234000;21233.5;21233.5;21211.25;21222.75;404
20250109 234100;21222.25;21231;21219.75;21229;147
20250109 234200;21231;21232;21226.75;21230.25;45
20250109 234300;21230.5;21238.25;21230.25;21235.75;125
20250109 234400;21236.75;21238.25;21228;21229.25;108
20250109 234500;21229.5;21239.5;21224.75;21234.5;160
20250109 234600;21236.5;21236.5;21228.25;21234;86
20250109 234700;21234;21234.5;21224.25;21228.25;71
20250109 234800;21229;21236.75;21226;21235.5;64
20250109 234900;21236.75;21243.75;21233;21243.75;143
20250109 235000;21244.25;21244.5;21237.75;21242.75;133
20250109 235100;21241;21244.5;21228.25;21230.25;172
20250109 235200;21230.5;21236.25;21229.5;21234.25;51
20250109 235300;21234.5;21245.5;21234.5;21243.5;118
20250109 235400;21243.25;21243.5;21237;21238;48
20250109 235500;21238;21238;21231;21232.5;85
20250109 235600;21232.75;21241;21231.5;21238;59
20250109 235700;21236.5;21239.25;21235.75;21237.25;37
20250109 235800;21237.25;21242;21237.25;21241.5;70
20250109 235900;21241;21241;21237;21239.25;39
20250110 000000;21238;21240.25;21235.5;21237.5;73
20250110 000100;21237;21245.25;21235.5;21238.5;177
20250110 000200;21239;21239;21232.5;21235.75;93
20250110 000300;21234.75;21237.5;21233.25;21233.25;41
20250110 000400;21235.75;21237.5;21231.5;21236.5;41
20250110 000500;21237.25;21239.75;21235.5;21237.5;55
20250110 000600;21238;21243;21238;21239.5;82
20250110 000700;21240.5;21243;21237.75;21240;74
20250110 000800;21239.75;21244;21238;21239.75;56
20250110 000900;21239;21239;21229;21231;160
20250110 001000;21231.25;21231.25;21214.75;21215.75;385
20250110 001100;21216;21221.5;21214.5;21220.75;126
20250110 001200;21219.5;21222.75;21216.75;21220.5;54
20250110 001300;21222;21228.5;21222;21227.75;115
20250110 001400;21226.75;21228;21215.75;21218;135
20250110 001500;21216.25;21218;21193.5;21200;594
20250110 001600;21199.25;21207.25;21195.25;21201.75;187
20250110 001700;21202.5;21203.5;21187.25;21196.25;395
20250110 001800;21195.75;21195.75;21188.25;21191.5;163
20250110 001900;21192;21193.25;21182.25;21184.25;236
20250110 002000;21182.75;21190.5;21179.5;21185;211
20250110 002100;21185.25;21198.25;21184.5;21197.5;291
20250110 002200;21198.75;21204;21198.75;21202.75;174
20250110 002300;21203;21208.25;21201.75;21206.25;126
20250110 002400;21206.25;21208.75;21206.25;21207.25;77
20250110 002500;21207.5;21208;21198.5;21201;172
20250110 002600;21201;21204.5;21198.25;21202;111
20250110 002700;21201.75;21209.25;21201;21208.75;99
20250110 002800;21209;21211.75;21207.25;21209;117
20250110 002900;21209.75;21215.5;21208.75;21209.5;98
20250110 003000;21209.5;21209.5;21203.75;21208;85
20250110 003100;21207;21217;21207;21212.75;143
20250110 003200;21211.75;21216.25;21210.5;21211.75;51
20250110 003300;21210.5;21211.5;21204.5;21206.75;68
20250110 003400;21206.5;21206.75;21192.75;21194.75;304
20250110 003500;21194;21198.5;21188.5;21195.75;186
20250110 003600;21197;21204.25;21195.5;21201;104
20250110 003700;21203.25;21205.5;21202.25;21202.75;44
20250110 003800;21200.5;21205.75;21197;21205.75;90
20250110 003900;21205.75;21205.75;21201;21201;26
20250110 004000;21201.25;21202.25;21199;21200.5;29
20250110 004100;21200.75;21201.75;21197;21197;46
20250110 004200;21197;21202.5;21196.25;21199;59
20250110 004300;21199.25;21199.25;21192.75;21196;54
20250110 004400;21196.25;21199;21195;21196.5;44
20250110 004500;21195.5;21200.75;21195;21200.75;33
20250110 004600;21200.75;21206.75;21199.5;21203;91
20250110 004700;21204.25;21205.5;21201.75;21202.25;41
20250110 004800;21203.75;21211.75;21203.25;21207.25;111
20250110 004900;21206.5;21210.75;21204.75;21209.5;51
20250110 005000;21209.75;21210.25;21208;21208.5;31
20250110 005100;21208.25;21214;21208.25;21211.75;57
20250110 005200;21212;21219.5;21211.5;21218;142
20250110 005300;21217;21217.75;21211.75;21213.5;84
20250110 005400;21213.75;21213.75;21211;21212.25;33
20250110 005500;21210.25;21215.5;21208.75;21215.5;61
20250110 005600;21215.25;21221;21214.25;21221;75
20250110 005700;21220;21223.5;21215.5;21215.5;89
20250110 005800;21215.5;21218.25;21213.5;21215;55
20250110 005900;21214;21215.5;21195.25;21199.25;251
20250110 010000;21199.5;21200;21193;21196;143
20250110 010100;21197.25;21209;21193.75;21207;207
20250110 010200;21206.25;21213;21204.5;21212;106
20250110 010300;21212.5;21219.25;21209.75;21211.75;117
20250110 010400;21211;21217.25;21209;21216;60
20250110 010500;21214.5;21223;21214;21223;62
20250110 010600;21223.25;21223.25;21214;21218.5;99
20250110 010700;21218;21222;21218;21219.75;46
20250110 010800;21219;21222;21215.5;21220.75;99
20250110 010900;21220;21225.5;21219.25;21224.25;140
20250110 011000;21224.5;21225.25;21221.75;21222;80
20250110 011100;21222.25;21225.25;21219.75;21222.75;62
20250110 011200;21223;21223.25;21218.75;21221.75;81
20250110 011300;21221;21221.75;21217.5;21217.5;30
20250110 011400;21218;21222.25;21217.5;21222.25;51
20250110 011500;21222.25;21230.75;21222.25;21228.75;159
20250110 011600;21227.25;21230;21226.25;21228.25;76
20250110 011700;21227.25;21227.5;21223.5;21223.5;53
20250110 011800;21224.25;21230;21223.75;21230;64
20250110 011900;21230.5;21234.75;21230.5;21233.75;165
20250110 012000;21234;21234.5;21231;21233.25;52
20250110 012100;21233.25;21234.5;21230;21233.25;62
20250110 012200;21232.5;21234.5;21231;21232.5;57
20250110 012300;21233.25;21236.75;21231;21231;78
20250110 012400;21231.25;21236.5;21230.75;21236;50
20250110 012500;21236.75;21243.25;21235.5;21240;168
20250110 012600;21241;21244.75;21240.25;21244.75;109
20250110 012700;21244.75;21245;21241.75;21244.5;88
20250110 012800;21244;21244.75;21239;21239.75;61
20250110 012900;21240;21241.25;21238;21238.5;35
20250110 013000;21239;21240.5;21236.25;21236.25;41
20250110 013100;21236;21240;21234;21236.75;101
20250110 013200;21236.75;21238;21236;21237.75;31
20250110 013300;21238;21245.25;21238;21244;129
20250110 013400;21243;21244;21241.5;21243;40
20250110 013500;21242.5;21242.5;21238.75;21238.75;46
20250110 013600;21238.75;21238.75;21233.75;21235.5;65
20250110 013700;21235.5;21235.5;21229.25;21232;164
20250110 013800;21231.75;21237.25;21230;21237;73
20250110 013900;21237.25;21242.5;21234;21242.5;70
20250110 014000;21241.5;21242.75;21237.75;21239.75;57
20250110 014100;21240.75;21251;21240.75;21248;173
20250110 014200;21247.5;21251.5;21246.25;21250;93
20250110 014300;21250.5;21250.5;21247.25;21249;51
20250110 014400;21249.25;21250;21248;21249.75;38
20250110 014500;21249.75;21257.75;21249.25;21251.75;258
20250110 014600;21252.25;21252.5;21247.25;21250;91
20250110 014700;21249.25;21249.5;21245.5;21247;85
20250110 014800;21246;21248.25;21244.75;21247.75;48
20250110 014900;21246.25;21249.75;21246.25;21249.75;41
20250110 015000;21249.25;21249.75;21245.25;21245.25;34
20250110 015100;21245.25;21248.5;21239.5;21248;120
20250110 015200;21249;21255;21249;21255;137
20250110 015300;21254;21254.5;21251;21253;40
20250110 015400;21252.75;21255;21252.5;21253.25;74
20250110 015500;21253.5;21254.25;21247.5;21248.25;37
20250110 015600;21250;21250.5;21247;21249.25;56
20250110 015700;21250.25;21250.25;21248.25;21248.25;19
20250110 015800;21248.25;21248.5;21243.5;21244;98
20250110 015900;21244.5;21247.5;21242.25;21247.5;55
20250110 020000;21247;21248.75;21246.75;21247.5;33
20250110 020100;21247.25;21247.5;21243;21247.25;51
20250110 020200;21247.25;21254.75;21246.5;21252.25;114
20250110 020300;21252.5;21253.75;21246.75;21248;88
20250110 020400;21247.5;21251;21245.75;21245.75;49
20250110 020500;21246.25;21246.5;21241;21242.75;108
20250110 020600;21241.75;21244.5;21237.5;21244.5;83
20250110 020700;21244;21246;21240.75;21241.5;74
20250110 020800;21240.5;21245;21239.75;21241.25;48
20250110 020900;21242.25;21246;21241.5;21245.5;32
20250110 021000;21247;21249.75;21246.5;21248.5;47
20250110 021100;21248.25;21250.25;21246.25;21246.75;43
20250110 021200;21247.25;21253.75;21246.5;21251.75;97
20250110 021300;21250.75;21252;21250.5;21250.5;20
20250110 021400;21253;21255;21251.5;21255;64
20250110 021500;21254.25;21254.5;21250;21252;29
20250110 021600;21251.5;21254.25;21249.75;21252;22
20250110 021700;21253;21256;21252;21252;69
20250110 021800;21252.5;21254.75;21252.5;21254.5;8
20250110 021900;21253.75;21262;21253.75;21259.5;181
20250110 022000;21259;21259;21254.75;21258.25;95
20250110 022100;21257;21258.25;21252.5;21255.5;63
20250110 022200;21256.25;21258;21254.75;21255.25;41
20250110 022300;21256.25;21256.5;21253.75;21254.25;16
20250110 022400;21254;21255.5;21251.75;21253.25;39
20250110 022500;21252.25;21256;21251.5;21255;69
20250110 022600;21256;21260;21255.75;21258.25;60
20250110 022700;21257.5;21262;21257.5;21260.5;74
20250110 022800;21261.25;21261.75;21258.75;21260.5;36
20250110 022900;21259.5;21262.5;21259.25;21259.5;38
20250110 023000;21259.75;21260.5;21257.5;21257.5;39
20250110 023100;21258.75;21259.5;21255.5;21259.5;39
20250110 023200;21258.75;21262.5;21258.5;21260.25;36
20250110 023300;21259.5;21262.75;21258.25;21260.5;47
20250110 023400;21260.5;21264.5;21259.5;21264.5;157
20250110 023500;21264.75;21266.5;21262.75;21264.75;57
20250110 023600;21265.5;21265.5;21258.75;21259.5;59
20250110 023700;21259.5;21260;21258.25;21259.5;24
20250110 023800;21259.25;21259.75;21257;21259;35
20250110 023900;21259;21259.75;21257.5;21257.5;22
20250110 024000;21257.75;21258.25;21254.25;21256.5;88
20250110 024100;21256.75;21257.75;21253.75;21257.75;41
20250110 024200;21258;21266.25;21257.25;21264.75;127
20250110 024300;21266;21269.75;21266;21268.25;116
20250110 024400;21267.75;21269;21262.75;21266.25;78
20250110 024500;21266;21266.75;21265.5;21266;15
20250110 024600;21265.75;21266.75;21263.5;21265.25;23
20250110 024700;21264;21266;21263.5;21265.25;17
20250110 024800;21265;21265;21262;21263;32
20250110 024900;21262.5;21262.75;21261.75;21261.75;8
20250110 025000;21262.5;21264.75;21262;21263.75;25
20250110 025100;21264.25;21269.5;21264.25;21268.25;55
20250110 025200;21268.5;21269.5;21267;21269;26
20250110 025300;21269;21277.5;21269;21275.5;223
20250110 025400;21276.75;21277.5;21273.75;21274.25;81
20250110 025500;21275.25;21277.75;21273;21275.5;84
20250110 025600;21275.25;21277.25;21275;21277;43
20250110 025700;21276.75;21278.75;21274.75;21274.75;47
20250110 025800;21275.75;21275.75;21272.75;21273;47
20250110 025900;21272.75;21274;21271;21273;55
20250110 030000;21273;21274.5;21272.75;21273.25;18
20250110 030100;21274.25;21275.25;21272.25;21274;42
20250110 030200;21273.25;21278.25;21273.25;21278;56
20250110 030300;21278.25;21280;21276.25;21276.25;70
20250110 030400;21277.25;21279.75;21277;21277;26
20250110 030500;21276.25;21278.5;21276;21277.25;28
20250110 030600;21277.25;21277.25;21274.25;21276.5;33
20250110 030700;21275.75;21275.75;21271.75;21275.75;48
20250110 030800;21275.75;21278.75;21274.75;21277.25;35
20250110 030900;21277;21278;21276;21277;15
20250110 031000;21275.5;21276.75;21274.75;21276.75;37
20250110 031100;21275;21281.75;21275;21280.75;81
20250110 031200;21280.75;21287.75;21280.75;21286.5;151
20250110 031300;21286.25;21289.5;21285;21287.5;99
20250110 031400;21287;21287.75;21285.75;21285.75;33
20250110 031500;21286.25;21289.25;21285.5;21286.5;36
20250110 031600;21286;21287.5;21285;21287.5;46
20250110 031700;21287.75;21287.75;21285.5;21286;17
20250110 031800;21285.75;21291;21285.5;21287.5;113
20250110 031900;21287.25;21290.5;21283;21284;209
20250110 032000;21283.75;21285;21282.25;21283.25;44
20250110 032100;21281.75;21286;21281.75;21286;41
20250110 032200;21285.25;21285.75;21283;21284.25;45
20250110 032300;21284;21286.75;21283.5;21286.75;24
20250110 032400;21286;21288.75;21285.5;21286.5;66
20250110 032500;21286.5;21293.25;21286.5;21290.75;201
20250110 032600;21291.75;21292.25;21289;21289;48
20250110 032700;21290;21293;21290;21291.75;58
20250110 032800;21291;21291;21289;21290.25;38
20250110 032900;21290.5;21291.5;21287.75;21291.25;37
20250110 033000;21290.75;21292.25;21288.5;21290.75;32
20250110 033100;21291;21293;21290.5;21291.75;54
20250110 033200;21291.5;21296;21290.75;21292.25;129
20250110 033300;21292.75;21292.75;21289.75;21292;63
20250110 033400;21292;21292.25;21287.25;21290.75;123
20250110 033500;21291.25;21292;21289.25;21290.25;40
20250110 033600;21290;21291;21287.5;21290.75;79
20250110 033700;21291.5;21291.75;21289.25;21289.5;52
20250110 033800;21290.5;21291;21283.75;21286;95
20250110 033900;21286.75;21288.5;21285;21285.25;28
20250110 034000;21286.25;21286.5;21283;21283.25;83
20250110 034100;21284.75;21288.5;21284.25;21288;119
20250110 034200;21287;21294.5;21287;21293;138
20250110 034300;21293.75;21298;21293.75;21296.25;129
20250110 034400;21297;21297.25;21295;21296.25;21
20250110 034500;21296;21298;21295;21296.75;72
20250110 034600;21296;21296;21292;21293.5;52
20250110 034700;21294;21295.5;21293.25;21295.5;28
20250110 034800;21294.5;21297.75;21293;21296.5;41
20250110 034900;21296.25;21304;21296.25;21301.75;283
20250110 035000;21301.75;21306.25;21301.25;21304.25;152
20250110 035100;21304.25;21305.5;21301;21304.75;83
20250110 035200;21304.5;21307.25;21303.25;21305.75;64
20250110 035300;21306.5;21314;21305.25;21311;230
20250110 035400;21310.5;21312.25;21305;21308;104
20250110 035500;21307.75;21312.25;21307.75;21309.75;67
20250110 035600;21308;21308.5;21303.5;21303.5;67
20250110 035700;21304.5;21307;21304.25;21305;47
20250110 035800;21305;21305;21300;21301.75;106
20250110 035900;21301;21303;21300;21301.5;42
20250110 040000;21300.25;21303;21298.75;21300.75;63
20250110 040100;21300.5;21305.25;21300.5;21304.25;65
20250110 040200;21304.25;21304.5;21302.5;21304;25
20250110 040300;21303.5;21305.75;21302.25;21303.25;35
20250110 040400;21303;21303;21297;21297;72
20250110 040500;21297;21297.25;21292.25;21296.5;124
20250110 040600;21295.75;21297.75;21294;21297.75;64
20250110 040700;21298;21298;21294.75;21296.25;27
20250110 040800;21295.75;21296;21290.75;21292;41
20250110 040900;21291.5;21294;21286;21286.75;107
20250110 041000;21287;21289.75;21285.5;21289.75;77
20250110 041100;21288.75;21292.75;21288.75;21291.75;49
20250110 041200;21292.75;21296.5;21292;21293.75;69
20250110 041300;21294.5;21294.75;21292.75;21294.5;21
20250110 041400;21294.25;21295.5;21290.75;21290.75;40
20250110 041500;21290.25;21292.5;21289.25;21291.75;65
20250110 041600;21293;21293;21285;21287.25;81
20250110 041700;21287.25;21288.5;21284;21284;65
20250110 041800;21284.75;21285.5;21281.25;21285;92
20250110 041900;21284.5;21288.5;21282.75;21288;56
20250110 042000;21288.5;21291.5;21285.75;21286.5;63
20250110 042100;21288.25;21288.25;21285.25;21286;15
20250110 042200;21286.5;21287.5;21285.5;21286.5;26
20250110 042300;21287.25;21291.25;21286.75;21288.5;58
20250110 042400;21288.5;21291.5;21288.25;21288.25;14
20250110 042500;21288;21288.5;21285;21288;53
20250110 042600;21287.75;21287.75;21286.25;21286.5;16
20250110 042700;21286.25;21288.5;21284;21288.5;30
20250110 042800;21287.75;21288.25;21287;21288;21
20250110 042900;21287.75;21287.75;21284.75;21285.5;22
20250110 043000;21284.75;21288;21283.25;21286;46
20250110 043100;21286.25;21287.5;21284.75;21287.5;15
20250110 043200;21288;21291.25;21287.25;21288.75;65
20250110 043300;21289;21289.75;21286.5;21288.75;25
20250110 043400;21289;21289.5;21286.75;21286.75;30
20250110 043500;21286.5;21288.5;21286;21286;26
20250110 043600;21285;21288.75;21284.25;21288.75;33
20250110 043700;21288;21289.75;21288;21288;17
20250110 043800;21287.5;21290;21287.5;21290;20
20250110 043900;21291.25;21291.5;21289.5;21291.5;21
20250110 044000;21290.5;21291.25;21289;21290;44
20250110 044100;21290.5;21291.25;21287.75;21290.25;31
20250110 044200;21290.75;21291;21289;21291;12
20250110 044300;21290.75;21293.75;21290.5;21293.75;37
20250110 044400;21293.75;21295.75;21292.75;21294.5;53
20250110 044500;21294.25;21296.25;21292.5;21295.25;57
20250110 044600;21296;21297.75;21293.5;21293.5;71
20250110 044700;21294.75;21295;21286.5;21287.25;93
20250110 044800;21287.75;21289.5;21287.75;21289;39
20250110 044900;21289.75;21290.75;21287.75;21289.75;28
20250110 045000;21289.75;21290.75;21289;21290;11
20250110 045100;21291;21294;21291;21294;29
20250110 045200;21293.75;21298;21293.75;21297.5;66
20250110 045300;21297.75;21299.5;21297.25;21299;37
20250110 045400;21299.25;21305.5;21298.75;21302.5;156
20250110 045500;21302.75;21308.5;21302.75;21307.75;153
20250110 045600;21308;21308.5;21303.5;21304;48
20250110 045700;21303.5;21305;21303.5;21305;22
20250110 045800;21305.25;21307;21304.25;21304.25;40
20250110 045900;21304;21304;21299;21301.25;57
20250110 050000;21301.75;21302.75;21300;21302;53
20250110 050100;21302.75;21303.75;21302.5;21303.75;18
20250110 050200;21304.25;21305.25;21302.25;21303;30
20250110 050300;21302.5;21302.5;21300;21300.75;25
20250110 050400;21299.75;21299.75;21296.5;21298.25;47
20250110 050500;21297.5;21300.25;21297.25;21297.5;43
20250110 050600;21297.5;21305.25;21297.5;21304.75;47
20250110 050700;21305.25;21310;21305.25;21308.5;80
20250110 050800;21309.5;21310.5;21307.5;21308;40
20250110 050900;21307.75;21309;21307.25;21307.75;27
20250110 051000;21308;21310.25;21306;21306;50
20250110 051100;21307.5;21310.5;21306.25;21309.25;59
20250110 051200;21308.75;21310.25;21307.5;21308.75;36
20250110 051300;21307.5;21309.5;21307;21308.5;23
20250110 051400;21308.5;21308.5;21305;21305.25;56
20250110 051500;21304.75;21304.75;21301.75;21303.75;66
20250110 051600;21304;21305.25;21303.5;21305;17
20250110 051700;21306;21307.75;21305.5;21307;29
20250110 051800;21308;21313.25;21308;21309.25;141
20250110 051900;21309.25;21309.25;21306.5;21306.5;15
20250110 052000;21306.5;21307.5;21304.25;21306.25;45
20250110 052100;21306.25;21308.5;21302.75;21302.75;35
20250110 052200;21303.75;21304.75;21300.25;21303.25;63
20250110 052300;21304.25;21307.5;21303.5;21304.75;60
20250110 052400;21305.25;21305.25;21303.25;21304.5;27
20250110 052500;21303.75;21305;21302.75;21305;17
20250110 052600;21304.25;21305.25;21302.25;21305.25;21
20250110 052700;21304.75;21307.5;21304.5;21306.75;21
20250110 052800;21308;21310;21307.25;21308.75;49
20250110 052900;21308.75;21317.5;21308.25;21314.25;159
20250110 053000;21315;21317.25;21314.25;21316.75;81
20250110 053100;21315.25;21328.5;21308.25;21323.5;442
20250110 053200;21324.25;21327;21320.5;21321.25;90
20250110 053300;21320.5;21322;21317.75;21318.75;58
20250110 053400;21318.5;21320.25;21316.75;21319.25;64
20250110 053500;21319.25;21320;21318;21318.75;42
20250110 053600;21318.5;21320.5;21316.5;21318.75;45
20250110 053700;21319.5;21319.5;21315.25;21315.75;38
20250110 053800;21315;21315;21305.25;21309.5;157
20250110 053900;21309;21312;21308.25;21309.25;36
20250110 054000;21309.25;21310;21307;21307.25;40
20250110 054100;21308;21311.25;21308;21309;32
20250110 054200;21310;21310.5;21307.25;21308;31
20250110 054300;21308.25;21309.25;21303.5;21304.25;65
20250110 054400;21304.25;21310.25;21302.5;21309.5;85
20250110 054500;21309.5;21309.5;21304.5;21307;50
20250110 054600;21307.5;21307.5;21301.5;21307;85
20250110 054700;21308;21309;21305.5;21306;66
20250110 054800;21305.5;21307.25;21303.75;21306.5;40
20250110 054900;21306.5;21309.75;21306.5;21307.75;36
20250110 055000;21306.75;21308;21305;21306;23
20250110 055100;21305;21307;21303.75;21304;27
20250110 055200;21304.5;21308;21304;21305;40
20250110 055300;21304.75;21309.5;21304.75;21307.25;31
20250110 055400;21307.75;21308;21304.25;21304.25;23
20250110 055500;21304.5;21305;21301.5;21304;35
20250110 055600;21303.75;21303.75;21295;21299;201
20250110 055700;21299;21302;21298.5;21300;57
20250110 055800;21301;21301.75;21296.5;21298.75;43
20250110 055900;21299.25;21300;21297.5;21298.25;36
20250110 060000;21298.25;21301.25;21296;21301;57
20250110 060100;21300.25;21300.5;21294;21294;91
20250110 060200;21294;21296.25;21294;21294;35
20250110 060300;21293.5;21294.25;21285.75;21288.5;257
20250110 060400;21289.5;21292.75;21287.25;21291.5;73
20250110 060500;21290.75;21296.75;21290.75;21293.75;47
20250110 060600;21294.25;21299;21294.25;21294.25;48
20250110 060700;21295;21297;21293.25;21296.75;72
20250110 060800;21296.5;21296.5;21292.5;21294.25;55
20250110 060900;21293.25;21293.25;21288.75;21291;52
20250110 061000;21292.25;21293;21289.5;21290.75;41
20250110 061100;21290.75;21292.5;21287.5;21291;47
20250110 061200;21290.75;21291;21289.25;21290.25;19
20250110 061300;21290.25;21290.25;21285.5;21286.75;47
20250110 061400;21286.5;21288.75;21282.25;21283.25;140
20250110 061500;21282.5;21290.75;21282.25;21287.5;134
20250110 061600;21286.75;21291;21286.75;21291;49
20250110 061700;21290;21290;21285;21288;86
20250110 061800;21287.75;21287.75;21286;21287.5;21
20250110 061900;21286.5;21289.5;21285.25;21289;63
20250110 062000;21290.5;21290.5;21285;21287.25;52
20250110 062100;21286.75;21288.5;21286;21287.5;23
20250110 062200;21287;21287;21285;21287;17
20250110 062300;21287;21288.25;21285.5;21286.25;35
20250110 062400;21287;21287;21285.5;21287;12
20250110 062500;21286.25;21286.25;21282.5;21283.25;36
20250110 062600;21282;21282;21275.5;21278;280
20250110 062700;21278.25;21279.5;21271.5;21273;206
20250110 062800;21273.25;21274.75;21270.25;21271;145
20250110 062900;21270.5;21272.5;21268.5;21271.75;105
20250110 063000;21272.5;21276.25;21267.75;21269.25;215
20250110 063100;21268.5;21275.5;21266.25;21275.25;135
20250110 063200;21273.75;21274.75;21271;21274.25;48
20250110 063300;21273;21274.5;21271.5;21271.5;37
20250110 063400;21272;21281.25;21272;21279.25;117
20250110 063500;21279.5;21279.5;21274.75;21275.5;47
20250110 063600;21274.25;21276;21274.25;21276;13
20250110 063700;21276.75;21279;21276;21276.25;50
20250110 063800;21276.25;21276.25;21273.25;21274.25;37
20250110 063900;21274;21274;21270;21270;40
20250110 064000;21270;21270;21265.25;21265.25;102
20250110 064100;21265;21265.75;21256.75;21260.25;302
20250110 064200;21260.25;21262.75;21259.75;21260.25;60
20250110 064300;21259.75;21263;21259.75;21262.75;44
20250110 064400;21262;21262.75;21261;21261;17
20250110 064500;21261;21261.25;21258.75;21261.25;56
20250110 064600;21261.75;21268.75;21261.5;21267.5;104
20250110 064700;21267;21269.75;21267;21267.5;54
20250110 064800;21268;21268.75;21265.25;21267.75;32
20250110 064900;21268.5;21270;21266.5;21267.25;66
20250110 065000;21268.75;21268.75;21262.5;21264.5;53
20250110 065100;21264;21264;21257.75;21257.75;72
20250110 065200;21257.5;21257.5;21247;21249.5;273
20250110 065300;21249;21250.75;21246.25;21250.25;77
20250110 065400;21250;21250;21246;21249.5;47
20250110 065500;21250;21252.5;21246.5;21247.25;69
20250110 065600;21247.75;21250.75;21246;21250.75;61
20250110 065700;21251;21252;21246.5;21248.25;69
20250110 065800;21247.5;21247.5;21243;21246.25;98
20250110 065900;21246.75;21246.75;21243.25;21244;66
20250110 070000;21244.5;21245.75;21240.75;21245.75;185
20250110 070100;21244;21244.25;21238.75;21241.25;109
20250110 070200;21241.5;21242.5;21237.75;21241.5;70
20250110 070300;21241.75;21245.75;21240.75;21244;75
20250110 070400;21243;21250.5;21240.75;21240.75;193
20250110 070500;21241.25;21243.75;21235;21235.75;141
20250110 070600;21235.75;21242;21235.75;21239;116
20250110 070700;21239.5;21240.25;21235;21237.5;71
20250110 070800;21238;21241.25;21236.25;21237.5;146
20250110 070900;21236.75;21241.25;21233.75;21238;126
20250110 071000;21237.75;21240;21234.25;21237;81
20250110 071100;21237;21244;21236.75;21240.5;97
20250110 071200;21240;21246.5;21239.75;21246.5;115
20250110 071300;21245.75;21255;21245.25;21254.25;147
20250110 071400;21254.5;21262.5;21253.5;21262.5;164
20250110 071500;21262.5;21266.75;21261.75;21265;148
20250110 071600;21265.5;21273.25;21264.5;21270;217
20250110 071700;21269;21271;21261;21261;132
20250110 071800;21261.5;21269.25;21261.5;21265.75;69
20250110 071900;21266.75;21274;21266.75;21270.25;75
20250110 072000;21270;21279.5;21270;21279.5;152
20250110 072100;21279.5;21285;21276.25;21280.75;354
20250110 072200;21281.75;21282.5;21280;21281;42
20250110 072300;21281.5;21286.75;21277.5;21279.5;209
20250110 072400;21278.75;21284;21278.25;21281.25;55
20250110 072500;21280.75;21284.5;21280.25;21281.25;37
20250110 072600;21280.5;21280.75;21271;21271;120
20250110 072700;21271;21273.25;21266.25;21267.5;117
20250110 072800;21267.75;21272;21266.75;21272;64
20250110 072900;21272.25;21273.25;21271;21272.75;25
20250110 073000;21272.25;21273.25;21271.25;21272.25;22
20250110 073100;21270.25;21276.75;21264.5;21275.75;126
20250110 073200;21276.5;21278.5;21274.25;21275;41
20250110 073300;21275.75;21288;21275;21286.5;109
20250110 073400;21286.25;21289;21284.5;21288;124
20250110 073500;21287.25;21287.5;21282;21282.75;46
20250110 073600;21283;21287;21283;21283.75;77
20250110 073700;21282;21285;21282;21282.75;30
20250110 073800;21283;21287.5;21283;21287.5;80
20250110 073900;21286.25;21291.75;21285.75;21291.75;77
20250110 074000;21290;21292.25;21286.25;21289.5;125
20250110 074100;21289;21291.5;21286;21286.25;67
20250110 074200;21286;21286.75;21283.75;21286.75;50
20250110 074300;21286.75;21289;21285;21285;49
20250110 074400;21284;21286.75;21281.75;21284.5;49
20250110 074500;21285.5;21285.5;21279;21281.75;54
20250110 074600;21280;21283.75;21279;21279.5;37
20250110 074700;21279.25;21279.25;21274;21275.5;93
20250110 074800;21275.5;21278;21274.25;21275.5;42
20250110 074900;21275.25;21279;21275;21276.75;52
20250110 075000;21277;21279.75;21276.25;21276.75;29
20250110 075100;21275;21276.75;21271.25;21271.5;75
20250110 075200;21271.5;21276;21269;21274;70
20250110 075300;21274;21282.5;21273.25;21280.75;121
20250110 075400;21280.5;21282;21273.25;21274.75;118
20250110 075500;21274;21275.75;21268.25;21274.75;77
20250110 075600;21274.5;21279.25;21272.75;21275.25;90
20250110 075700;21275.25;21275.25;21270.75;21272.25;32
20250110 075800;21271.5;21271.5;21268;21269.25;46
20250110 075900;21269.75;21273;21264.5;21270.5;153
20250110 080000;21270.75;21273.25;21267;21271;67
20250110 080100;21270;21282;21259.5;21276.25;268
20250110 080200;21276.25;21282;21274;21278.75;130
20250110 080300;21278.75;21280.25;21262.75;21263;223
20250110 080400;21264;21270.5;21260.5;21270;88
20250110 080500;21267.5;21274.25;21266.25;21270.75;141
20250110 080600;21272;21273;21266.75;21267.5;76
20250110 080700;21267.25;21268.75;21261.25;21264.5;118
20250110 080800;21264.5;21267.5;21258.5;21264.75;142
20250110 080900;21267;21273.75;21263.5;21273;131
20250110 081000;21274.25;21278.75;21269.5;21273.5;184
20250110 081100;21272;21278.25;21267.5;21277.25;77
20250110 081200;21277.25;21281.75;21270.25;21270.5;110
20250110 081300;21269.75;21279.75;21269.75;21279;76
20250110 081400;21279.5;21286.25;21278.25;21286;99
20250110 081500;21286.75;21290.75;21283.5;21290.25;126
20250110 081600;21289.5;21289.75;21280.75;21281;117
20250110 081700;21280.5;21288;21276.75;21288;133
20250110 081800;21286.75;21299.5;21286;21295.25;309
20250110 081900;21296;21298;21295;21297;76
20250110 082000;21298;21298;21290;21291.5;103
20250110 082100;21293;21294.5;21290.25;21293;53
20250110 082200;21293;21297;21293;21294;86
20250110 082300;21294.25;21294.25;21291.25;21293.5;44
20250110 082400;21294;21294;21286;21291.75;99
20250110 082500;21292.5;21293.25;21287.25;21289.25;76
20250110 082600;21290.25;21293;21286.75;21289.75;70
20250110 082700;21292.5;21292.5;21287.5;21288.25;58
20250110 082800;21288.75;21290.5;21286.25;21286.75;31
20250110 082900;21288.25;21289;21281.75;21289;142
20250110 083000;21289.25;21293.75;21287.5;21292.75;93
20250110 083100;21293.75;21296.25;21283;21287.5;137
20250110 083200;21289;21290.25;21281.5;21284;71
20250110 083300;21283.75;21285.25;21281.5;21283;51
20250110 083400;21284.25;21287.25;21276.25;21285.75;164
20250110 083500;21285.25;21288.25;21282.75;21288.25;55
20250110 083600;21287.5;21292;21285.5;21292;66
20250110 083700;21288.5;21291.75;21283;21286.25;64
20250110 083800;21287.25;21288.25;21284.25;21287.75;41
20250110 083900;21289.75;21292;21288.75;21290;32
20250110 084000;21290;21296.75;21288.25;21294;104
20250110 084100;21292.25;21297;21290.25;21296;54
20250110 084200;21296;21298.75;21292;21292.25;93
20250110 084300;21292.25;21292.5;21285;21286.5;77
20250110 084400;21286.25;21292.25;21285;21291;40
20250110 084500;21291.75;21294.25;21290;21290;44
20250110 084600;21290.5;21293.75;21286;21286.75;64
20250110 084700;21286.75;21288.5;21280.75;21284.25;100
20250110 084800;21284.25;21287.75;21283.75;21285.75;50
20250110 084900;21286.25;21288;21285;21285;23
20250110 085000;21284.75;21286.75;21282;21282.5;36
20250110 085100;21281.5;21282.75;21276.5;21282.75;96
20250110 085200;21283;21287.25;21277.5;21279.75;87
20250110 085300;21279.5;21282.25;21274.25;21282;143
20250110 085400;21280;21280;21274.25;21275.5;76
20250110 085500;21275.25;21278.75;21272.5;21276.75;57
20250110 085600;21275.25;21275.25;21270;21272.5;135
20250110 085700;21272.5;21277;21268.5;21274;147
20250110 085800;21273;21279.75;21273;21279.75;59
20250110 085900;21279.25;21286.75;21279.25;21281.75;125
20250110 090000;21282;21285;21281;21283.25;86
20250110 090100;21283.5;21287.75;21280.5;21284.5;164
20250110 090200;21283.75;21286;21276.75;21279;164
20250110 090300;21278.25;21281.5;21274.5;21274.75;98
20250110 090400;21275.25;21275.25;21257.5;21260.25;286
20250110 090500;21259.75;21262.25;21253;21255.5;282
20250110 090600;21255.75;21259.75;21250;21257.5;339
20250110 090700;21258;21261;21257;21260.75;116
20250110 090800;21260.5;21265.75;21258.5;21262.25;144
20250110 090900;21262;21265;21257.25;21257.25;87
20250110 091000;21261;21267;21261;21265.25;41
20250110 091100;21263.75;21264.25;21252.5;21254;109
20250110 091200;21252.25;21255.75;21248.5;21253.25;166
20250110 091300;21254.75;21263.75;21254.75;21263;141
20250110 091400;21264.5;21272;21260.25;21268;235
20250110 091500;21269;21281.5;21268;21280.75;241
20250110 091600;21280.5;21285.5;21278;21281.25;173
20250110 091700;21280;21281.75;21275;21279.75;245
20250110 091800;21279;21280.25;21274;21277.75;99
20250110 091900;21278;21282.25;21277.25;21279;78
20250110 092000;21279.25;21283.25;21278.25;21279.25;60
20250110 092100;21279;21280.5;21276;21277;68
20250110 092200;21277.75;21279;21271.75;21276.5;112
20250110 092300;21276;21285;21276;21284.25;67
20250110 092400;21285;21288.5;21284;21284;124
20250110 092500;21281.75;21284;21281.75;21282.5;43
20250110 092600;21282.5;21285;21278.5;21278.5;57
20250110 092700;21279;21280.25;21273.5;21273.5;73
20250110 092800;21272.5;21275.75;21270.5;21274.5;59
20250110 092900;21275.25;21277;21272;21273;52
20250110 093000;21272.25;21273.25;21270.75;21272.5;46
20250110 093100;21274;21280.25;21267;21280.25;121
20250110 093200;21279.5;21282.25;21277.25;21278;52
20250110 093300;21276.5;21281;21275.75;21279.25;44
20250110 093400;21278.25;21280;21277;21279.75;31
20250110 093500;21280.5;21285;21275;21276.25;104
20250110 093600;21277.5;21282.25;21277.25;21279.75;33
20250110 093700;21279.75;21283.5;21278.75;21282.75;69
20250110 093800;21280.5;21284;21278.5;21283;43
20250110 093900;21282.25;21285;21281.75;21282.5;44
20250110 094000;21282;21282.25;21278.75;21281.25;51
20250110 094100;21281.25;21291.75;21281.25;21289;128
20250110 094200;21289;21293.5;21288.75;21290.5;95
20250110 094300;21291.5;21294.75;21288.75;21289.5;75
20250110 094400;21289;21289;21279.25;21280.25;141
20250110 094500;21280.5;21283;21269;21269.5;208
20250110 094600;21268.75;21275.5;21261.25;21274.25;209
20250110 094700;21275.25;21278;21273.25;21274.5;55
20250110 094800;21274;21274;21266;21267;55
20250110 094900;21266.5;21274.5;21264;21273.25;113
20250110 095000;21275.25;21278.5;21275;21277;40
20250110 095100;21275.75;21277.75;21274.75;21276.75;29
20250110 095200;21277;21277;21274.25;21275;14
20250110 095300;21274;21280;21274;21278.75;26
20250110 095400;21280;21282;21277;21277;33
20250110 095500;21277.75;21282;21276.5;21280.25;64
20250110 095600;21279.5;21282.5;21278.25;21280.5;31
20250110 095700;21279.25;21279.25;21272.75;21273.75;68
20250110 095800;21274;21278.25;21273.75;21278.25;35
20250110 095900;21278.25;21281.75;21276.5;21278.75;52
20250110 100000;21278.25;21281;21276.5;21277.25;42
20250110 100100;21278;21284.5;21277.75;21284;80
20250110 100200;21283.25;21287.75;21283.25;21286.75;76
20250110 100300;21285.5;21293;21285.25;21285.5;269
20250110 100400;21285.75;21287;21283;21287;50
20250110 100500;21286.25;21286.25;21281.5;21282.5;56
20250110 100600;21282;21283.5;21279.25;21279.25;48
20250110 100700;21279;21281;21276.25;21278;68
20250110 100800;21277.5;21278.25;21271;21272.75;96
20250110 100900;21272.75;21277.5;21270.25;21275.5;107
20250110 101000;21275.5;21277;21273.25;21274.25;47
20250110 101100;21277;21279.25;21274.5;21277;33
20250110 101200;21277.75;21285;21277.25;21285;68
20250110 101300;21282.75;21283.75;21281.5;21281.5;26
20250110 101400;21281.5;21285.5;21281.5;21284.5;31
20250110 101500;21285.5;21289.25;21284.5;21286;111
20250110 101600;21284.75;21291.5;21284.75;21289.25;82
20250110 101700;21288.5;21288.5;21286.25;21286.75;51
20250110 101800;21286.75;21288.5;21282;21283.75;78
20250110 101900;21283.75;21284;21281;21281.25;25
20250110 102000;21281.75;21284;21281;21283.75;31
20250110 102100;21283;21284.5;21280.75;21282.75;35
20250110 102200;21283.5;21288.5;21282.5;21288.25;72
20250110 102300;21288.5;21289.5;21283.25;21286;70
20250110 102400;21286;21287.75;21283.75;21287;40
20250110 102500;21287.75;21294.25;21286.75;21293.5;82
20250110 102600;21292.75;21294;21288.5;21288.75;71
20250110 102700;21289;21290.5;21287;21289.5;29
20250110 102800;21288.5;21290;21287;21287;60
20250110 102900;21287.5;21288.75;21283.25;21286.5;124
20250110 103000;21286;21287.5;21285.25;21286.5;37
20250110 103100;21286.75;21294.25;21286.75;21292.5;84
20250110 103200;21291.75;21291.75;21287.5;21289.25;33
20250110 103300;21290.5;21292.75;21288.5;21291.75;34
20250110 103400;21291.5;21297.75;21289.75;21291.25;124
20250110 103500;21292;21293;21289.75;21293;41
20250110 103600;21293.75;21296.75;21289.25;21296.25;100
20250110 103700;21297;21299.5;21294.75;21296.5;182
20250110 103800;21296;21304;21296;21303.5;219
20250110 103900;21303.5;21306;21303.25;21306;87
20250110 104000;21305;21310;21304;21308.75;146
20250110 104100;21308.75;21314.25;21308;21311;173
20250110 104200;21310.25;21314.75;21309.25;21313.5;66
20250110 104300;21314.5;21316.75;21312.5;21312.5;111
20250110 104400;21313.5;21316.75;21311.25;21314.75;142
20250110 104500;21315.25;21317.25;21314;21316.25;62
20250110 104600;21316.25;21319;21313;21314.25;86
20250110 104700;21314.25;21314.75;21312.25;21314;48
20250110 104800;21313.5;21318;21312.75;21316.25;84
20250110 104900;21315.5;21318.5;21314;21315.75;51
20250110 105000;21315.25;21317.5;21314.5;21317;34
20250110 105100;21316.25;21316.25;21310.25;21312.25;78
20250110 105200;21311.75;21315.25;21308.25;21315.25;151
20250110 105300;21315.5;21321.5;21310.25;21318;415
20250110 105400;21318.5;21319;21315.75;21316.75;66
20250110 105500;21316;21316.5;21311.5;21312.25;52
20250110 105600;21313.5;21314.25;21308;21312;122
20250110 105700;21311;21312.5;21310.5;21311.75;30
20250110 105800;21310.5;21316;21310.5;21316;70
20250110 105900;21315.25;21318;21313.25;21317.5;67
20250110 110000;21317.75;21319.5;21315.75;21315.75;51
20250110 110100;21316.75;21320.25;21312.5;21320.25;151
20250110 110200;21320.75;21322;21317.5;21319.75;84
20250110 110300;21320;21320.25;21315.5;21316.25;56
20250110 110400;21316.25;21322;21316.25;21322;37
20250110 110500;21322;21323.25;21321.25;21322.25;63
20250110 110600;21322.75;21325.75;21322.25;21325.75;179
20250110 110700;21326;21337.75;21325.25;21331.75;481
20250110 110800;21331.25;21338.25;21331.25;21336;175
20250110 110900;21335.25;21336.75;21334.25;21335.5;75
20250110 111000;21335.75;21345.5;21335.75;21345.5;335
20250110 111100;21344.5;21359;21344.25;21358.5;557
20250110 111200;21359.25;21361.5;21355.5;21360.25;248
20250110 111300;21361.25;21365.25;21358.75;21363.25;215
20250110 111400;21363.25;21372.5;21363.25;21366.75;288
20250110 111500;21366.25;21367;21360.25;21362.25;310
20250110 111600;21361;21365;21356.5;21359.75;269
20250110 111700;21359.25;21359.25;21354.75;21357.5;159
20250110 111800;21358;21364;21357.5;21362;101
20250110 111900;21362;21365.75;21361.5;21362.25;126
20250110 112000;21362;21362.5;21355.5;21357.75;99
20250110 112100;21358.25;21359.25;21353;21354.75;132
20250110 112200;21355.5;21359.25;21354;21355;83
20250110 112300;21355;21355;21350.75;21354.5;85
20250110 112400;21355.5;21358;21355;21358;55
20250110 112500;21358.25;21359.25;21352.25;21352.5;105
20250110 112600;21353;21355.75;21349.75;21351.75;111
20250110 112700;21351.25;21351.25;21340.5;21340.75;453
20250110 112800;21341.5;21346;21340.5;21342.25;102
20250110 112900;21342.5;21345.5;21341;21342;66
20250110 113000;21342.5;21346.25;21342.25;21345;73
20250110 113100;21346;21350.75;21346;21347.75;118
20250110 113200;21348.25;21349.75;21338;21339;158
20250110 113300;21338.25;21340.5;21334.75;21340.25;191
20250110 113400;21341;21341;21333.5;21339;136
20250110 113500;21338.75;21339.5;21334;21338.25;106
20250110 113600;21338;21347.5;21336.25;21345.75;179
20250110 113700;21346.5;21352;21345.75;21351;148
20250110 113800;21350;21350.25;21341.75;21343;75
20250110 113900;21342.75;21347.75;21342.75;21347;74
20250110 114000;21346.5;21352.75;21344.75;21352.75;103
20250110 114100;21352.5;21354.25;21346;21346.5;142
20250110 114200;21348.25;21348.25;21345.5;21345.5;32
20250110 114300;21346.25;21352.75;21346.25;21350.5;72
20250110 114400;21348.5;21348.5;21337.75;21337.75;151
20250110 114500;21337.5;21340.75;21335.75;21337;148
20250110 114600;21338.5;21344.25;21335.75;21341;222
20250110 114700;21340.5;21340.5;21336.5;21338;41
20250110 114800;21338.5;21340.25;21335.5;21336;49
20250110 114900;21335.5;21337.25;21328;21331;183
20250110 115000;21331.75;21338;21329;21337;187
20250110 115100;21336.75;21343;21335.25;21339;171
20250110 115200;21338.5;21339.5;21332.5;21334.5;86
20250110 115300;21334.25;21334.25;21325.75;21326;211
20250110 115400;21326;21326;21321;21321.5;150
20250110 115500;21322.5;21325;21320;21320.25;160
20250110 115600;21320.25;21326;21318.25;21325.5;96
20250110 115700;21326.25;21331.75;21325.75;21327.25;141
20250110 115800;21327;21327;21318.25;21320;117
20250110 115900;21320.75;21321.5;21316;21319.5;128
20250110 120000;21319;21321;21313.75;21316;103
20250110 120100;21316.5;21323.5;21313.75;21316.75;218
20250110 120200;21316.25;21319;21313;21315.25;148
20250110 120300;21312.75;21315;21308.75;21313.5;202
20250110 120400;21314;21319.5;21311.25;21314;188
20250110 120500;21313.75;21313.75;21306;21309.25;202
20250110 120600;21308.25;21310.75;21267.5;21282.25;916
20250110 120700;21281;21287.5;21277;21282.25;283
20250110 120800;21282;21285;21278;21279.75;239
20250110 120900;21278;21286.75;21276;21277.75;208
20250110 121000;21276.25;21286.25;21273;21285;279
20250110 121100;21284.75;21288.75;21280.5;21285.75;202
20250110 121200;21285;21287.25;21275.25;21277.75;106
20250110 121300;21276.75;21276.75;21257;21261.5;507
20250110 121400;21261.5;21268.5;21261.5;21266.5;171
20250110 121500;21267.25;21269.75;21265;21268.5;97
20250110 121600;21269.75;21285;21267.75;21285;202
20250110 121700;21285;21285.25;21270.75;21274.25;244
20250110 121800;21273.75;21283;21272.5;21282;109
20250110 121900;21281.5;21289.75;21279.75;21286;175
20250110 122000;21286;21286.5;21279.5;21283.25;102
20250110 122100;21282.5;21285;21276.75;21284.75;95
20250110 122200;21284.75;21292.25;21281.5;21282.25;241
20250110 122300;21282.5;21284;21278.5;21282.25;138
20250110 122400;21282;21289.5;21280.5;21288.25;70
20250110 122500;21289.25;21292;21284.75;21287.75;101
20250110 122600;21288;21293.75;21287.75;21291.25;134
20250110 122700;21291.25;21294.5;21285;21290.5;195
20250110 122800;21289;21291.5;21284.25;21284.25;66
20250110 122900;21284;21286.5;21281;21281.25;86
20250110 123000;21281.25;21284;21274;21281.5;209
20250110 123100;21281.25;21287.5;21279.5;21282.25;146
20250110 123200;21281.25;21288.5;21279.75;21284;87
20250110 123300;21284;21294.25;21284;21293.25;153
20250110 123400;21293;21301.75;21292;21299.25;320
20250110 123500;21299.25;21305.25;21299.25;21304;166
20250110 123600;21303.25;21305.5;21298.75;21300;84
20250110 123700;21300.5;21313;21300.5;21308;210
20250110 123800;21308;21311.75;21306.75;21311;81
20250110 123900;21310.25;21313.75;21304;21310.25;192
20250110 124000;21309.75;21312.5;21309.75;21311.5;40
20250110 124100;21311.75;21316.75;21310.5;21314.75;130
20250110 124200;21313.25;21313.25;21306;21312.25;233
20250110 124300;21312.75;21319;21312.75;21316.5;110
20250110 124400;21316.5;21316.5;21309.25;21309.5;99
20250110 124500;21310.25;21310.75;21306;21306;93
20250110 124600;21306.25;21306.25;21290.25;21291.25;407
20250110 124700;21292;21298;21289.25;21296.25;178
20250110 124800;21296;21299;21292.5;21293.5;88
20250110 124900;21294.5;21306.25;21294.5;21302.75;171
20250110 125000;21302.5;21305.75;21298.75;21303.25;210
20250110 125100;21304.25;21315.5;21304.25;21315;202
20250110 125200;21314.25;21315.75;21311.5;21313.75;71
20250110 125300;21313;21318;21308.75;21312;127
20250110 125400;21314;21314;21304;21304.25;188
20250110 125500;21306;21308.75;21302.75;21307.25;119
20250110 125600;21307.75;21313;21307.25;21310;91
20250110 125700;21310.75;21314.5;21309.5;21313.25;39
20250110 125800;21313.5;21319.5;21313.5;21317.5;175
20250110 125900;21316;21317.5;21314;21315.5;52
20250110 130000;21316.25;21322.5;21313.75;21322;150
20250110 130100;21320.75;21321.5;21307.25;21318;337
20250110 130200;21318.25;21319.5;21311.5;21315.5;112
20250110 130300;21316.5;21323.25;21316.5;21321.75;98
20250110 130400;21321.5;21323.5;21317.75;21319.5;157
20250110 130500;21319;21319;21313.75;21315.5;81
20250110 130600;21315;21318.25;21312;21317;98
20250110 130700;21318.5;21323;21314.75;21317.5;218
20250110 130800;21317.25;21320.75;21317;21320;73
20250110 130900;21318.5;21318.75;21310.75;21312.75;107
20250110 131000;21314.25;21319;21311.5;21315.25;158
20250110 131100;21314;21317.25;21306;21310.5;157
20250110 131200;21310;21310;21298.75;21300;211
20250110 131300;21300.5;21302.5;21293.25;21296.75;252
20250110 131400;21296;21308.75;21293.25;21303.5;361
20250110 131500;21305;21310.5;21303;21304;141
20250110 131600;21303.25;21306.25;21289.75;21290.75;334
20250110 131700;21291.75;21292.25;21282.25;21285;299
20250110 131800;21285.25;21287.75;21281.5;21283.5;208
20250110 131900;21284;21293.75;21275.5;21291.25;301
20250110 132000;21291.5;21298.5;21286;21298;241
20250110 132100;21299;21302.25;21291.5;21292.25;321
20250110 132200;21293.25;21295.25;21282.75;21284.75;272
20250110 132300;21287;21287;21277.75;21281.5;220
20250110 132400;21280.25;21288;21279.5;21286;165
20250110 132500;21285;21291.5;21281;21284.25;212
20250110 132600;21286;21298;21284.25;21294.75;271
20250110 132700;21295;21303.75;21293.25;21303;240
20250110 132800;21302;21308.75;21292.75;21305.25;210
20250110 132900;21307.25;21309.5;21289.5;21299.75;246
20250110 133000;21300.5;21306.25;21285;21285;167
20250110 133100;21302;21320;21070.25;21154.5;5181
20250110 133200;21155;21182.25;21131;21160;2458
20250110 133300;21161.75;21166;21116.5;21124.25;2026
20250110 133400;21124.5;21131;21078.5;21094.25;2238
20250110 133500;21095.25;21103.25;21051;21068;3139
20250110 133600;21067.75;21104.25;21045;21099.75;2380
20250110 133700;21098.25;21129.25;21084.5;21123.5;2165
20250110 133800;21124.75;21135.25;21100.25;21117.5;1979
20250110 133900;21116.5;21121;21092;21115.25;1609
20250110 134000;21113.25;21136.25;21107.25;21130.5;1514
20250110 134100;21131;21152.5;21123.25;21148.5;1722
20250110 134200;21146.75;21158;21138.75;21149.25;1324
20250110 134300;21147;21154.25;21130.75;21144;992
20250110 134400;21141.75;21144.75;21117.25;21123.5;1103
20250110 134500;21125.5;21138.5;21120.25;21123.5;803
20250110 134600;21123.25;21155.75;21119;21155.75;952
20250110 134700;21155.25;21165.5;21141.25;21146.5;1093
20250110 134800;21146.75;21147;21114.75;21117.25;1169
20250110 134900;21117.25;21135.75;21110.5;21132.25;1225
20250110 135000;21132;21137.25;21103.75;21126.75;1160
20250110 135100;21125.25;21125.25;21109;21109.75;876
20250110 135200;21109.25;21109.25;21093.5;21099.75;1448
20250110 135300;21098;21117.75;21090.75;21105.75;930
20250110 135400;21103.5;21129;21101.5;21127.5;793
20250110 135500;21128.25;21152.75;21126.5;21149.5;1029
20250110 135600;21149.75;21150.5;21132.75;21132.75;598
20250110 135700;21132.25;21136.75;21118.5;21135;597
20250110 135800;21133.75;21144.5;21126;21132.25;467
20250110 135900;21129.25;21138.5;21125.5;21134.5;430
20250110 140000;21135.25;21137.25;21114;21116.25;535
20250110 140100;21115.5;21126.25;21088.75;21097.25;1425
20250110 140200;21097.5;21116.75;21094.5;21112;771
20250110 140300;21112.75;21145;21112;21137.75;856
20250110 140400;21137.75;21145.5;21128;21144.5;521
20250110 140500;21144.5;21165;21136.75;21163.5;627
20250110 140600;21165;21165;21137;21145.75;946
20250110 140700;21145.5;21166.75;21144.5;21155.25;677
20250110 140800;21157;21165;21149.25;21161.25;403
20250110 140900;21161.75;21181.25;21151.5;21175.75;1256
20250110 141000;21175.75;21176.5;21156.25;21166.5;870
20250110 141100;21167.5;21179.75;21162.75;21178;606
20250110 141200;21179;21179;21164.5;21167.75;484
20250110 141300;21168;21179;21154.75;21178.25;944
20250110 141400;21177.5;21182.5;21170.5;21170.5;689
20250110 141500;21171;21178;21161.25;21174;596
20250110 141600;21173.5;21181.75;21171;21181;511
20250110 141700;21180.5;21195;21178;21192.75;1066
20250110 141800;21192.5;21195.25;21183;21184;720
20250110 141900;21184.25;21190.5;21179;21188.5;621
20250110 142000;21188.25;21188.25;21171.25;21173;480
20250110 142100;21173.5;21183.75;21165;21169.5;804
20250110 142200;21170;21181;21169.25;21175.5;652
20250110 142300;21175.5;21175.5;21161.25;21169;613
20250110 142400;21169.5;21171.25;21156.5;21157.5;423
20250110 142500;21157.75;21173.25;21155.25;21173.25;735
20250110 142600;21171.75;21178.25;21159.75;21168.5;637
20250110 142700;21168.5;21176.25;21164.5;21166;425
20250110 142800;21166.25;21168.75;21149;21153;1007
20250110 142900;21153.25;21189.5;21153.25;21186.5;991
20250110 143000;21188;21194;21181;21193.5;810
20250110 143100;21193.5;21197.25;21150.75;21157.75;3516
20250110 143200;21159.5;21172.5;21114.25;21142.25;4686
20250110 143300;21141.25;21173.75;21130.5;21149.75;2819
20250110 143400;21150.75;21188.25;21138.75;21181.5;2328
20250110 143500;21181.5;21190.25;21143.75;21159.25;2635
20250110 143600;21158.5;21161.5;21119.25;21148.25;3227
20250110 143700;21148;21169;21131;21131.25;1947
20250110 143800;21132.5;21147.25;21096.5;21098;3233
20250110 143900;21098;21107.25;21080;21092.5;2771
20250110 144000;21093;21106;21069.25;21096;3605
20250110 144100;21095.75;21097.75;21070.5;21086;1733
20250110 144200;21085;21113.25;21067.75;21085.5;2918
20250110 144300;21087;21108.25;21083.25;21100.25;1774
20250110 144400;21099.25;21121.75;21095.75;21097.25;2267
20250110 144500;21095.5;21123.5;21078;21120.5;1865
20250110 144600;21121;21137.75;21106;21135.25;2296
20250110 144700;21134.75;21135.25;21061.25;21062.25;2304
20250110 144800;21062.5;21067;21034;21036.25;3592
20250110 144900;21037.25;21043.25;21010;21031;3721
20250110 145000;21031.25;21056.5;21027.75;21035.25;2145
20250110 145100;21035;21045.25;21020.5;21042.5;2099
20250110 145200;21040.25;21057.5;21036.5;21046;1777
20250110 145300;21046.5;21066;21022.5;21031.25;1842
20250110 145400;21030;21046.25;21020.25;21040.25;1398
20250110 145500;21040;21049.5;21025.5;21032.75;1035
20250110 145600;21032.75;21040;21024.75;21030.5;1121
20250110 145700;21030.75;21046.5;21028;21040.25;1241
20250110 145800;21040;21069.5;21034;21056.25;2274
20250110 145900;21055.75;21060.5;21050.25;21056.25;1211
20250110 150000;21056.25;21063.25;21043.5;21052.75;1248
20250110 150100;21053;21053;20971.75;20980;6032
20250110 150200;20979;20985;20941.25;20961.75;3653
20250110 150300;20961.25;20974.25;20943;20949.75;2798
20250110 150400;20949.5;20961.75;20929.5;20959.5;3491
20250110 150500;20959;20959.75;20936;20939.5;2292
20250110 150600;20939.75;20963;20936.75;20949.75;2451
20250110 150700;20948.5;20949;20907;20917.5;3400
20250110 150800;20918.5;20933.25;20907.75;20908.25;1959
20250110 150900;20908;20920.25;20891.25;20895.75;2656
20250110 151000;20896.5;20911;20888.25;20899;1736
20250110 151100;20897.75;20917.25;20888;20892.25;2717
20250110 151200;20893.75;20906;20874.75;20891.25;2996
20250110 151300;20891.5;20913.5;20890;20907;2553
20250110 151400;20906.25;20910.5;20881;20887.75;2020
20250110 151500;20887.5;20910.75;20886.5;20905;1961
20250110 151600;20905;20922;20903.75;20911.75;2143
20250110 151700;20911.25;20928.5;20909.5;20915.25;2261
20250110 151800;20915.5;20938.75;20913.25;20924.25;2340
20250110 151900;20924.25;20948;20919;20938.25;2130
20250110 152000;20938.5;20960.75;20933;20936.75;2332
20250110 152100;20936.75;20961.5;20935;20960.5;1622
20250110 152200;20960;20971;20947.75;20957;1802
20250110 152300;20957.25;20968.5;20953;20957;1522
20250110 152400;20957;20989.5;20953.25;20987;2047
20250110 152500;20987;21004;20978.75;21000.25;1862
20250110 152600;21000.5;21002.75;20981.75;20987.75;1985
20250110 152700;20987.75;21006.75;20985;20992.75;1231
20250110 152800;20994;21016;20992.25;20993;1990
20250110 152900;20994.5;21009.5;20986.25;21003.5;1382
20250110 153000;21004.75;21032.5;21003;21029.75;2817
20250110 153100;21030.5;21031.25;21009;21012;1670
20250110 153200;21012.5;21032.5;21006.5;21028.75;1629
20250110 153300;21028.75;21035;21007;21013.25;1689
20250110 153400;21013.25;21049.5;21005.5;21044.25;2673
20250110 153500;21043;21052.75;21028.75;21029.5;1556
20250110 153600;21029.75;21039;21022.25;21030;1305
20250110 153700;21030.25;21042;21024;21039.25;1472
20250110 153800;21038.25;21069;21037.5;21063.5;2358
20250110 153900;21062.5;21075.75;21060.5;21061.75;1663
20250110 154000;21062.25;21085.25;21054;21070;2222
20250110 154100;21069.75;21076.5;21057;21064;1890
20250110 154200;21063.5;21081.5;21063.5;21079;1373
20250110 154300;21079;21082.25;21051.75;21059.75;1794
20250110 154400;21060.25;21061.75;21047;21054;1371
20250110 154500;21053.75;21061.25;21042;21054;1716
20250110 154600;21054;21066.75;21045;21057;1384
20250110 154700;21056.75;21082;21052.75;21072;1871
20250110 154800;21070.75;21116;21069.5;21106.75;4567
20250110 154900;21106.75;21116;21102.5;21112.5;1978
20250110 155000;21111.75;21123.5;21100.5;21103.25;2745
20250110 155100;21104.25;21105.75;21062.75;21067.25;2979
20250110 155200;21068;21073.5;21050;21052.75;2205
20250110 155300;21051.25;21051.75;21016.75;21024;3086
20250110 155400;21025;21028.25;21010.25;21019;1817
20250110 155500;21018.5;21047.5;21012.25;21036.75;2087
20250110 155600;21037.25;21048.75;21007.75;21014.25;1924
20250110 155700;21014.5;21031.75;20995.75;21021.75;2538
20250110 155800;21022.25;21028.25;20994;20996.25;1534
20250110 155900;20996.75;21008.5;20983.25;21004.75;1747
20250110 160000;21004.25;21010.75;20984;20989;1317
20250110 160100;20989.25;21002;20961.25;20974.5;2822
20250110 160200;20975;20976.75;20954.25;20955;1669
20250110 160300;20955.25;20970.75;20943.75;20966.25;2006
20250110 160400;20966.25;20980.25;20956.5;20961;1585
20250110 160500;20960.75;20966.75;20948.5;20957.75;1350
20250110 160600;20957.5;20965.75;20952;20956;831
20250110 160700;20956.25;20969.25;20948;20954.5;1351
20250110 160800;20954.75;20965.75;20941.25;20946.5;1509
20250110 160900;20945;20962.75;20937;20938;1360
20250110 161000;20938.25;20962.75;20937;20958.5;1198
20250110 161100;20959;20962.5;20949.5;20953;965
20250110 161200;20955;20956.75;20935.75;20941.5;1457
20250110 161300;20942;20958.75;20934;20944.25;1670
20250110 161400;20945;20956.25;20933;20936.25;1153
20250110 161500;20936;20943.25;20929.5;20932;1031
20250110 161600;20932.75;20944.25;20930.5;20940.75;968
20250110 161700;20941.75;20951.25;20935.75;20949.5;1208
20250110 161800;20949.25;20965.75;20948.75;20954.5;1607
20250110 161900;20954.25;20961.25;20943.25;20945.75;1045
20250110 162000;20945.5;20945.5;20924;20927;1774
20250110 162100;20927.5;20955.5;20926.25;20951.5;1619
20250110 162200;20952.25;20967.5;20949.5;20963.25;1693
20250110 162300;20963.25;20974.75;20952;20969.5;1373
20250110 162400;20969.25;20971;20960.25;20966.75;970
20250110 162500;20967.25;20968.75;20956.5;20962;845
20250110 162600;20961;20972;20960.25;20968.5;789
20250110 162700;20968.75;20974.25;20951.25;20956.25;1312
20250110 162800;20956.75;20956.75;20930.25;20941.25;1726
20250110 162900;20940.75;20945.5;20927.5;20936;1181
20250110 163000;20935.5;20941.25;20925.25;20939.5;1194
20250110 163100;20938;20939.75;20916.75;20930.75;1812
20250110 163200;20930.25;20956.25;20920;20942.5;1491
20250110 163300;20943;20945.5;20924.75;20927;1228
20250110 163400;20926.75;20936.75;20920.75;20935;1070
20250110 163500;20935.25;20941.25;20926.5;20929;840
20250110 163600;20928.75;20932;20924.5;20930.5;627
20250110 163700;20930.25;20934.75;20918;20933.5;932
20250110 163800;20933.75;20934.5;20897.5;20904;2565
20250110 163900;20903.25;20907.75;20885;20907;1848
20250110 164000;20905.75;20909;20898.5;20901.5;992
20250110 164100;20901.75;20928.75;20901.25;20924.5;1831
20250110 164200;20925.5;20945.5;20925.25;20938.25;1459
20250110 164300;20938;20953.75;20937.5;20944;1319
20250110 164400;20944;20961.5;20940;20957.5;1287
20250110 164500;20956.5;20971;20955.25;20969;1190
20250110 164600;20968;20982.5;20962.5;20973.25;1617
20250110 164700;20973;20978.5;20958;20959;1331
20250110 164800;20958.5;20960.5;20942.75;20948.5;1508
20250110 164900;20948.75;20951.5;20932.25;20948.75;1209
20250110 165000;20948.25;20951.25;20932;20936.5;848
20250110 165100;20936.75;20960.75;20936.75;20950.5;1229
20250110 165200;20950;20952.5;20940.75;20952;716
20250110 165300;20952;20966;20942.5;20965.25;920
20250110 165400;20964;20965.5;20952;20955.5;766
20250110 165500;20955.5;20961.75;20951;20953.75;451
20250110 165600;20954;20955.75;20925.5;20925.5;1165
20250110 165700;20925.75;20930.5;20913.75;20924;1166
20250110 165800;20923.5;20925.75;20916.5;20920;624
20250110 165900;20920.75;20922.75;20913.75;20913.75;805
20250110 170000;20914;20918;20895.75;20899.75;1731
20250110 170100;20900.75;20908;20893;20899.5;1396
20250110 170200;20900;20910.5;20899.5;20906.5;774
20250110 170300;20907.25;20910.5;20894;20899.25;774
20250110 170400;20899.5;20906.25;20898;20901.25;474
20250110 170500;20900.5;20903.25;20887.75;20893.25;1500
20250110 170600;20893.25;20901.75;20892;20898.75;640
20250110 170700;20899.25;20908.25;20894.5;20904.25;973
20250110 170800;20903.5;20908.75;20899.75;20908;741
20250110 170900;20906.75;20908;20896;20899.5;598
20250110 171000;20899;20901.25;20887.5;20894.25;1073
20250110 171100;20894.75;20900.5;20886;20896.5;859
20250110 171200;20896.75;20907.5;20894.5;20904.5;865
20250110 171300;20904.25;20911;20901;20908.5;565
20250110 171400;20908.75;20909;20901.75;20905.25;422
20250110 171500;20905.75;20915.75;20905.25;20912.75;1225
20250110 171600;20912.75;20924;20908.25;20913.25;1148
20250110 171700;20913.25;20916;20908.25;20913.75;478
20250110 171800;20914;20921;20909.25;20913;663
20250110 171900;20913.5;20927.75;20913;20917.5;937
20250110 172000;20917.75;20931.5;20916.75;20930;946
20250110 172100;20929.75;20936.75;20918.5;20925;1071
20250110 172200;20925.25;20935.5;20919.25;20925;940
20250110 172300;20925;20926;20900.25;20902.5;1169
20250110 172400;20903;20906.75;20900;20902.75;617
20250110 172500;20904.25;20920.75;20901;20919;772
20250110 172600;20919;20936.5;20917.75;20935.25;1155
20250110 172700;20935.75;20949.75;20935.75;20941.5;1112
20250110 172800;20941;20946.75;20924.75;20931.5;962
20250110 172900;20931.25;20943.25;20928.25;20940.75;595
20250110 173000;20941;20960.25;20941;20954.5;1124
20250110 173100;20953.5;20961;20951.25;20956;864
20250110 173200;20957;20961.25;20951.5;20957;807
20250110 173300;20956.75;20962.25;20954;20958.25;603
20250110 173400;20959;20962;20953.5;20960;523
20250110 173500;20960;20971.5;20958.75;20966;1104
20250110 173600;20965.75;20974.5;20956.75;20961;1152
20250110 173700;20961.25;20966.25;20956.75;20962;657
20250110 173800;20962.5;20981.25;20959;20977.5;939
20250110 173900;20977;20995.75;20973.5;20992.5;1656
20250110 174000;20993;21000.75;20986.5;20987.25;990
20250110 174100;20987.25;20998.75;20984.5;20994.25;919
20250110 174200;20995.5;21008.25;20994;21003;1006
20250110 174300;21001.5;21017.5;21000.25;21012.5;1155
20250110 174400;21012;21018.5;21004.75;21012.25;693
20250110 174500;21013;21013.75;21003.5;21010.75;932
20250110 174600;21010.25;21012;20997.75;21000.25;1048
20250110 174700;20999.5;21006;20991;20999;893
20250110 174800;20999.25;21010;20999;21008.75;463
20250110 174900;21009.25;21017.75;21008.5;21016;723
20250110 175000;21015.75;21020;21006.75;21010.5;691
20250110 175100;21010.25;21018;21002;21017.25;638
20250110 175200;21017.25;21023.25;21014.75;21022;859
20250110 175300;21021.25;21021.25;21003;21005.75;810
20250110 175400;21006.75;21018.75;21005.75;21017;576
20250110 175500;21016.5;21023.25;21012.5;21020;560
20250110 175600;21020.5;21028.25;21013;21020;1000
20250110 175700;21020.5;21027.75;21016;21026.75;552
20250110 175800;21026.5;21034;21022.25;21033.5;852
20250110 175900;21033.25;21039;21031.75;21032.25;740
20250110 180000;21032.5;21039;21029;21033.75;627
20250110 180100;21033.25;21033.75;21011;21011.75;1421
20250110 180200;21012;21025.5;21005.5;21021.5;1422
20250110 180300;21022;21029.25;21022;21028;570
20250110 180400;21027.5;21032.5;21023.25;21027.5;696
20250110 180500;21027.5;21028.5;21015.25;21017.25;607
20250110 180600;21017.5;21028.25;21011.75;21028;636
20250110 180700;21027.75;21036;21023.25;21035.75;638
20250110 180800;21036.25;21046.25;21036.25;21045;872
20250110 180900;21046;21061.25;21044.75;21060.5;1374
20250110 181000;21060;21065.5;21056.75;21062.25;970
20250110 181100;21062.5;21076;21060.25;21069.75;1388
20250110 181200;21069.5;21078;21062.25;21074.75;803
20250110 181300;21075;21080.5;21068.75;21068.75;839
20250110 181400;21069.25;21076.5;21067.75;21074.25;627
20250110 181500;21074.25;21075.75;21062.75;21066.5;756
20250110 181600;21067.75;21073;21056.75;21060.25;1033
20250110 181700;21060.5;21063.25;21044.5;21049.5;1608
20250110 181800;21050.25;21057.5;21043.75;21054.25;987
20250110 181900;21054.75;21061.25;21049;21058;650
20250110 182000;21058;21071.25;21056.25;21065;952
20250110 182100;21065.25;21077;21064;21070.75;750
20250110 182200;21070.75;21077.75;21068.75;21070.5;721
20250110 182300;21070.25;21079.25;21070.25;21079.25;629
20250110 182400;21078.75;21108.75;21077.25;21106.5;2061
20250110 182500;21107.5;21118.5;21106.25;21111;1555
20250110 182600;21111.25;21116.75;21096.75;21106.5;1482
20250110 182700;21106.75;21112.25;21102;21111.75;546
20250110 182800;21110.75;21121;21106.5;21120.25;1009
20250110 182900;21120.25;21134;21110;21118;2839
20250110 183000;21117.75;21118.75;21102.5;21109.5;1229
20250110 183100;21109.5;21116;21088.75;21090.25;1593
20250110 183200;21090.25;21107;21087.25;21107;1235
20250110 183300;21106.25;21112.5;21096.75;21111.25;796
20250110 183400;21111.5;21122;21109;21121.75;899
20250110 183500;21121.5;21131.5;21119.75;21123.25;872
20250110 183600;21123;21124.5;21114.75;21122;987
20250110 183700;21122.25;21125.5;21112;21122.75;695
20250110 183800;21121.75;21136.75;21117.5;21132.25;884
20250110 183900;21131.75;21134.25;21114.75;21116;876
20250110 184000;21115.75;21130;21114.5;21126;680
20250110 184100;21125.5;21135;21120.75;21132.25;528
20250110 184200;21131.5;21131.5;21117.25;21118.25;634
20250110 184300;21118.25;21121.5;21114;21116.25;601
20250110 184400;21117;21119.75;21105.75;21118.25;858
20250110 184500;21120;21122.25;21112;21118.5;718
20250110 184600;21118.75;21127;21116.5;21126;625
20250110 184700;21126;21126.75;21111.25;21115;637
20250110 184800;21114.75;21117.25;21104;21109.25;765
20250110 184900;21110.75;21116.5;21108;21113;576
20250110 185000;21113.5;21145;21113.5;21142;1756
20250110 185100;21142;21145;21130;21142.75;1060
20250110 185200;21143;21149;21133.75;21142.75;911
20250110 185300;21142.75;21143;21118;21120;935
20250110 185400;21119.75;21140.5;21113.75;21140.5;781
20250110 185500;21140.5;21149.75;21135.75;21138.5;1030
20250110 185600;21137.5;21152.75;21134.5;21143.5;812
20250110 185700;21143.75;21153.25;21140;21153.25;607
20250110 185800;21152.75;21174.5;21152.5;21172.5;2634
20250110 185900;21171.75;21176.5;21154.25;21165.25;2911
20250110 190000;21165.5;21172.25;21163.5;21167.25;922
20250110 190100;21168.25;21171.5;21154.25;21156.25;1169
20250110 190200;21156.75;21156.75;21140.5;21145.75;1479
20250110 190300;21146.75;21147;21133.75;21141.5;938
20250110 190400;21142;21142.25;21122.5;21125.75;1344
20250110 190500;21125;21129;21118.25;21122;964
20250110 190600;21121.75;21124.5;21085.5;21092;2414
20250110 190700;21092.25;21097.5;21084;21091.75;1262
20250110 190800;21090.75;21095;21076.5;21086.75;1476
20250110 190900;21086.5;21088;21078.25;21084;786
20250110 191000;21083.5;21091;21060.5;21061.25;1544
20250110 191100;21061.75;21074.25;21050;21072.75;1871
20250110 191200;21072.75;21083;21066.25;21076.25;1155
20250110 191300;21075.75;21084.25;21071.5;21079.25;971
20250110 191400;21078.75;21083.75;21071;21072;618
20250110 191500;21070.75;21083.25;21070.75;21072.25;596
20250110 191600;21073;21079.25;21067.25;21078.25;646
20250110 191700;21078.5;21085;21065.5;21082.75;767
20250110 191800;21082.75;21086.5;21065.5;21076.75;795
20250110 191900;21077.5;21082;21072.5;21079.25;466
20250110 192000;21079.75;21084.75;21073.25;21074.5;388
20250110 192100;21073.75;21075.5;21059.5;21061.75;855
20250110 192200;21061.75;21065.5;21046.25;21051.25;1091
20250110 192300;21050.5;21060;21045.25;21053.75;1043
20250110 192400;21054.5;21064;21054.25;21063;595
20250110 192500;21063.25;21074.25;21061.75;21068.25;838
20250110 192600;21068.25;21079.75;21068.25;21075.25;806
20250110 192700;21073.75;21093.5;21073;21092;1004
20250110 192800;21092;21104.25;21090;21102.5;1228
20250110 192900;21102.75;21108.25;21097.75;21098.5;954
20250110 193000;21097.75;21107.25;21093.75;21095.75;865
20250110 193100;21095.75;21098;21075.5;21079.25;1169
20250110 193200;21077.5;21080.25;21062.5;21079;1280
20250110 193300;21078;21085.5;21076.25;21085.25;568
20250110 193400;21085.25;21085.25;21073;21075.75;495
20250110 193500;21074.75;21079.75;21066.5;21067.75;602
20250110 193600;21067.5;21079;21066;21074;480
20250110 193700;21074;21075;21062.25;21072.5;448
20250110 193800;21071;21078.75;21057;21065;842
20250110 193900;21065.25;21074.5;21063;21073.25;506
20250110 194000;21074;21085.5;21072.75;21084;713
20250110 194100;21083.25;21094.75;21076;21091;845
20250110 194200;21091.5;21092.25;21074.75;21081.5;581
20250110 194300;21081.75;21082.25;21062.75;21063.5;776
20250110 194400;21063.25;21070.75;21059.25;21070.75;658
20250110 194500;21070.75;21074.5;21066;21069.5;542
20250110 194600;21069.25;21076;21065.75;21070;511
20250110 194700;21070.25;21071;21059.75;21065.75;556
20250110 194800;21065.5;21070.75;21058.75;21065.25;413
20250110 194900;21064.75;21064.75;21055;21061.5;751
20250110 195000;21061;21068.75;21045.5;21048;936
20250110 195100;21047.5;21068.75;21042.5;21065.5;1194
20250110 195200;21065.5;21070;21062;21068.25;427
20250110 195300;21068.25;21078;21060;21077.25;828
20250110 195400;21076.25;21081.25;21070;21075.25;649
20250110 195500;21075;21085.5;21074.5;21083.75;589
20250110 195600;21083.5;21094.5;21078.75;21092.25;879
20250110 195700;21092;21094.5;21086;21089.25;550
20250110 195800;21088.25;21103;21082;21093.75;1011
20250110 195900;21093.25;21097;21082.5;21085.75;632
20250110 200000;21086.75;21090.75;21075.75;21086.5;851
20250110 200100;21086.25;21086.25;21066.75;21068.75;1119
20250110 200200;21067.75;21073;21064;21072.5;786
20250110 200300;21072.25;21089;21066.25;21086.75;946
20250110 200400;21087.5;21097.5;21085.5;21089.5;1057
20250110 200500;21088.25;21090.5;21079.75;21082.25;570
20250110 200600;21083.5;21092.75;21076.25;21083.25;747
20250110 200700;21082.75;21099.25;21082.5;21092.75;659
20250110 200800;21092.5;21095.5;21082.25;21088.75;568
20250110 200900;21087.75;21089.5;21078;21084.5;505
20250110 201000;21084;21085.75;21071.25;21073.75;619
20250110 201100;21074.25;21079.75;21067;21078.75;796
20250110 201200;21078.75;21080.25;21068;21070;477
20250110 201300;21070;21072.5;21054;21058.75;1170
20250110 201400;21059;21062;21050;21050.5;799
20250110 201500;21050;21053.75;21029.25;21034.75;1819
20250110 201600;21035;21045.5;21033.5;21043;1170
20250110 201700;21042.25;21042.25;21010.5;21013.75;1941
20250110 201800;21013.5;21020.5;21000.5;21014.25;1517
20250110 201900;21014.75;21017.5;21004;21010.5;1019
20250110 202000;21010.75;21017.5;21007.75;21013.75;730
20250110 202100;21013.5;21025.25;21011.25;21019.75;881
20250110 202200;21020.5;21023.5;21002.5;21021.5;1218
20250110 202300;21021.75;21026.5;21012.25;21024.75;1077
20250110 202400;21024.75;21027.75;21016;21024.25;837
20250110 202500;21024.25;21029.5;21016.75;21018.5;789
20250110 202600;21018.75;21023.25;21015.75;21019.25;567
20250110 202700;21019.25;21021.5;21012;21019;656
20250110 202800;21019;21022.5;21002.5;21013;1023
20250110 202900;21013.25;21016.5;21006.5;21012;497
20250110 203000;21012;21014.75;21002.25;21011.75;872
20250110 203100;21011.25;21020;21003.75;21020;1115
20250110 203200;21019.25;21020.5;20997.5;20999;1188
20250110 203300;21000;21003.75;20982.5;20987;1869
20250110 203400;20986.75;20998.25;20982;20988.75;972
20250110 203500;20989;21000.25;20986.5;20997.75;657
20250110 203600;20997.25;21008;20993.75;21005;1234
20250110 203700;21005;21012.5;20998.25;21001.5;974
20250110 203800;21000.5;21019.75;21000;21019.25;854
20250110 203900;21018;21038;21015.5;21035;1785
20250110 204000;21035.5;21037.25;21013.25;21014.5;1160
20250110 204100;21015.5;21021.5;21007.75;21014.5;1214
20250110 204200;21014.25;21016.5;21004.5;21007.75;974
20250110 204300;21007.75;21017;20996.5;21015;1121
20250110 204400;21014.75;21032.5;21013.25;21027;1102
20250110 204500;21026.5;21027.5;21009;21014;888
20250110 204600;21013.75;21013.75;20999.5;21007.75;1102
20250110 204700;21007.5;21007.75;20996.25;21003;752
20250110 204800;21002.5;21012.5;20998;21010.25;767
20250110 204900;21010.25;21011.25;20997.75;21004.5;905
20250110 205000;21005.25;21016.5;21001;21002.75;1250
20250110 205100;21001.75;21025;20988.5;21024;2347
20250110 205200;21024;21025;21006.75;21009.75;1289
20250110 205300;21010.5;21034;21007.25;21029.75;1184
20250110 205400;21029.25;21032;21016.25;21028.75;1529
20250110 205500;21028.5;21046;21025;21042;2903
20250110 205600;21043;21043.5;21013.25;21026.5;2330
20250110 205700;21027.5;21036.5;21020.25;21034.5;1617
20250110 205800;21034.75;21042;21025;21039.5;1875
20250110 205900;21039.5;21040.25;21028.75;21030.25;1831
20250110 210000;21030.5;21038.25;21008.75;21016.5;7045
20250110 210100;21016.25;21035.75;21015.25;21029.75;3149
20250110 210200;21029.5;21030.25;21005;21005.25;1275
20250110 210300;21005;21022.75;21004;21021.5;1017
20250110 210400;21021.75;21032.75;21019;21025.75;894
20250110 210500;21026;21033.25;21023.75;21026;630
20250110 210600;21025.75;21027;21013.25;21015.25;704
20250110 210700;21015.5;21018.25;21006.5;21008.75;447
20250110 210800;21007.25;21010.5;21001.5;21005;628
20250110 210900;21004.75;21010.75;20999.5;21010.5;518
20250110 211000;21010;21013.5;21005.25;21008.25;304
20250110 211100;21008;21015.5;21005.25;21009.5;338
20250110 211200;21009;21009;21005;21008.5;206
20250110 211300;21008;21014.25;21007.25;21014;269
20250110 211400;21014.25;21015.75;21003.25;21006.25;439
20250110 211500;21006.25;21019.5;21005.5;21018.75;428
20250110 211600;21019;21019.25;21009.5;21016.25;418
20250110 211700;21016.5;21026.25;21016;21018.5;447
20250110 211800;21017.5;21021.75;21016;21018.75;217
20250110 211900;21019.25;21023.25;21014.5;21017.75;205
20250110 212000;21017.75;21019;21009.5;21010.75;215
20250110 212100;21010.75;21017.75;21010.25;21012;221
20250110 212200;21011.5;21015;21010.5;21011.75;124
20250110 212300;21011.75;21014.5;21010;21010.5;173
20250110 212400;21009.5;21010;21005.5;21007;327
20250110 212500;21006.75;21010.75;21004.5;21006.75;204
20250110 212600;21006.5;21008.75;21001.25;21004.75;276
20250110 212700;21003.25;21006;21003.25;21005.25;95
20250110 212800;21006;21008;21004.5;21005.5;122
20250110 212900;21005;21007.75;21003.75;21007.75;123
20250110 213000;21007.5;21008.75;21005.25;21008.25;103
20250110 213100;21008;21010.5;21005.25;21007.75;87
20250110 213200;21008.25;21008.75;21003.75;21007;150
20250110 213300;21006.5;21008.25;21005.75;21007;55
20250110 213400;21006.5;21010;21000;21002;247
20250110 213500;21001.5;21002.5;20997;20999.75;359
20250110 213600;20999.75;21003.75;20998.25;21003;129
20250110 213700;21003;21003.75;20996;21000.75;231
20250110 213800;21000.5;21000.5;20997;20997.25;146
20250110 213900;20997.5;20997.75;20993.25;20995.75;168
20250110 214000;20995.75;20996;20993;20994.5;159
20250110 214100;20996;20996.75;20992;20994.5;78
20250110 214200;20995.25;20995.25;20993.75;20994.75;42
20250110 214300;20994;20994.25;20991.75;20992.25;54
20250110 214400;20992;20994;20992;20992.75;81
20250110 214500;20993.75;20996;20993;20994.25;115
20250110 214600;20994;21001.25;20991.5;20991.75;314
20250110 214700;20991.75;20996.5;20989.75;20996;151
20250110 214800;20995.75;20998.25;20995;20997;113
20250110 214900;20996.25;20998.25;20995.5;20997.5;50
20250110 215000;20997;21000.75;20996.25;20997.25;100
20250110 215100;20997.75;21002;20996.25;21001.5;83
20250110 215200;21001.25;21002.5;20999.5;21002;64
20250110 215300;21001.5;21003;20999;21001.25;87
20250110 215400;21001.25;21001.5;20998;20999;34
20250110 215500;20999;20999;20993.75;20994.5;49
20250110 215600;20994.75;20998.75;20993.5;20994.5;86
20250110 215700;20993.5;20996;20993.5;20995.25;55
20250110 215800;20994.75;20997;20993.75;20995.25;104
20250110 215900;20994.75;20994.75;20988.75;20990.75;226
20250110 220000;20990.5;20998;20989.25;20997.75;229
20250113 000000;20999.5;21002.25;20996.25;21001;72
20250113 000100;20997;21014.5;20996.5;21014;185
20250113 000200;21014.25;21017.75;21005;21007;138
20250113 000300;21005.25;21009;21003.75;21003.75;50
20250113 000400;21004.75;21010;21004.75;21007;42
20250113 000500;21008.25;21012.25;21007.25;21012.25;40
20250113 000600;21011.5;21018.75;21011.25;21018;159
20250113 000700;21016.5;21031.5;21016;21026;329
20250113 000800;21024.5;21030.25;21022.5;21030;95
20250113 000900;21030.75;21033.75;21025;21026.25;194
20250113 001000;21027.25;21027.5;21023.75;21026.75;54
20250113 001100;21026.75;21028.5;21023.25;21023.5;49
20250113 001200;21024;21026;21021;21024.75;73
20250113 001300;21025.5;21031.75;21024.75;21031.5;118
20250113 001400;21031.25;21031.75;21028.25;21031.75;32
20250113 001500;21031.25;21031.25;21026.75;21027.75;23
20250113 001600;21027.5;21027.5;21019.75;21023.75;93
20250113 001700;21023.5;21030;21022.5;21030;60
20250113 001800;21030;21031;21026;21028;54
20250113 001900;21027;21032;21026.75;21031.75;39
20250113 002000;21032;21032.25;21026.75;21027.25;77
20250113 002100;21027;21028.5;21024.25;21028;34
20250113 002200;21027.5;21027.5;21023;21023;43
20250113 002300;21024.25;21026.25;21022.75;21024;36
20250113 002400;21025.5;21026.25;21023.75;21026.25;15
20250113 002500;21026.5;21031.5;21025;21030.25;80
20250113 002600;21032;21037;21031.25;21036.5;138
20250113 002700;21034.5;21034.5;21027.25;21027.25;77
20250113 002800;21028.25;21028.25;21019.75;21022.25;93
20250113 002900;21022.25;21025.25;21021.5;21023.25;40
20250113 003000;21023;21024.25;21015.75;21016.75;95
20250113 003100;21015.75;21018.75;21008.5;21018.75;176
20250113 003200;21018.5;21021.75;21015;21019;65
20250113 003300;21019.5;21022.75;21017.75;21020.75;36
20250113 003400;21021.75;21022;21016.25;21016.25;47
20250113 003500;21016.25;21020;21015.5;21019.75;36
20250113 003600;21020;21022.5;21019;21020.75;40
20250113 003700;21020.5;21026.5;21020;21022;72
20250113 003800;21022;21024.25;21016;21016.75;58
20250113 003900;21016;21018.5;21016;21018.5;13
20250113 004000;21016.25;21017.5;21007.5;21008.25;123
20250113 004100;21007.5;21009;20996.25;20999.25;219
20250113 004200;21000;21006.25;21000;21000.75;68
20250113 004300;21002.75;21009.25;21001.75;21009.25;83
20250113 004400;21008.75;21014.75;21005;21008.5;113
20250113 004500;21008.5;21012.5;21008;21012.25;24
20250113 004600;21012;21013.75;21007.75;21008;76
20250113 004700;21009;21009;20996.75;20999;103
20250113 004800;20999.75;21000;20989;20992.75;141
20250113 004900;20991;20991;20980.25;20988.25;183
20250113 005000;20988.75;20992.75;20987.75;20991.5;99
20250113 005100;20992.75;20999;20992.75;20996.5;96
20250113 005200;20996.5;21002;20996.5;20999;102
20250113 005300;20998;20998.75;20987.75;20997;169
20250113 005400;20997;21000.5;20995.25;20999.75;33
20250113 005500;21001.5;21003;20997;21001.25;85
20250113 005600;21001.25;21002.75;20998;21000;54
20250113 005700;21000.25;21009.25;21000.25;21005.5;191
20250113 005800;21004.75;21004.75;20995.5;21000;132
20250113 005900;21002.25;21002.25;20997.75;20998;20
20250113 010000;20998;21000;20996.5;20998;44
20250113 010100;20999.75;21002;20998.25;21001;71
20250113 010200;21000.5;21001.75;20998.5;20999.25;24
20250113 010300;20999.25;21000.25;20996;20997;23
20250113 010400;20995.5;20997;20989;20990.5;111
20250113 010500;20990;20996.5;20989.25;20994.75;93
20250113 010600;20995;20995;20981;20983;148
20250113 010700;20983.75;20983.75;20977.5;20978.25;165
20250113 010800;20977.25;20981.5;20973.5;20978.25;212
20250113 010900;20978;20981.75;20972.5;20981.75;179
20250113 011000;20980;20980.75;20973.25;20976.75;135
20250113 011100;20976;20979.25;20974;20978;65
20250113 011200;20978.5;20983.25;20977;20977.5;118
20250113 011300;20976.5;20979.5;20974.5;20978;44
20250113 011400;20978.5;20978.5;20960.5;20961.75;257
20250113 011500;20962;20965.5;20959.25;20961.75;141
20250113 011600;20963;20970;20962;20966.25;81
20250113 011700;20965.5;20973;20965;20969;63
20250113 011800;20969;20972.25;20968;20972;71
20250113 011900;20972.25;20979.25;20969.75;20971.25;115
20250113 012000;20971;20971;20966.75;20967.75;56
20250113 012100;20968.75;20976;20968.75;20969.75;61
20250113 012200;20969.5;20971;20967.75;20968;42
20250113 012300;20968.75;20969.5;20963.5;20969;65
20250113 012400;20969.25;20973.25;20969.25;20970.75;40
20250113 012500;20971.25;20975;20969.75;20971.25;83
20250113 012600;20971.75;20976.25;20971.75;20975.5;50
20250113 012700;20975;20977.5;20961.5;20962;142
20250113 012800;20962.25;20967.75;20960.75;20962.25;142
20250113 012900;20964;20965;20960.75;20962.75;36
20250113 013000;20963.5;20964.5;20956;20958;174
20250113 013100;20957.5;20957.5;20948;20950;304
20250113 013200;20948.5;20951.75;20946.25;20950.25;144
20250113 013300;20949.75;20950;20943.5;20947.75;150
20250113 013400;20946;20952.5;20944;20948.5;160
20250113 013500;20948.5;20952.75;20948.25;20948.25;93
20250113 013600;20949.25;20949.5;20923;20923.5;522
20250113 013700;20922.5;20930.25;20913.75;20925.25;531
20250113 013800;20924.5;20932;20920.5;20925.25;310
20250113 013900;20924.25;20929.5;20919.5;20928.25;195
20250113 014000;20928.25;20933.75;20928;20929.25;161
20250113 014100;20929;20930.5;20926.5;20929;78
20250113 014200;20929.25;20935;20926;20929.75;92
20250113 014300;20928.25;20928.25;20917.5;20920;241
20250113 014400;20919.25;20923.75;20906;20909.5;551
20250113 014500;20909.5;20914;20906;20910;176
20250113 014600;20910;20913.25;20907.5;20910.5;134
20250113 014700;20912.5;20915.25;20897.25;20898.5;375
20250113 014800;20898;20902;20888.5;20895.25;434
20250113 014900;20895.25;20909.5;20894;20907.5;317
20250113 015000;20909.25;20918.25;20907.5;20914.75;231
20250113 015100;20915.25;20919.5;20908;20912.75;257
20250113 015200;20913;20920.5;20906.75;20917.25;214
20250113 015300;20916.5;20929;20916.5;20924;229
20250113 015400;20924;20928;20922.5;20926.25;144
20250113 015500;20926.25;20928.5;20922.75;20923;89
20250113 015600;20923.75;20931;20921;20927.5;188
20250113 015700;20928.5;20932.5;20925.25;20929.5;187
20250113 015800;20929.75;20929.75;20923.5;20923.5;65
20250113 015900;20923.5;20925.5;20921.75;20925.5;115
20250113 020000;20924;20927;20923.25;20926.5;71
20250113 020100;20925.75;20928.25;20915;20916.25;233
20250113 020200;20916.5;20920;20911.25;20917;167
20250113 020300;20917;20931.25;20914.75;20929.25;134
20250113 020400;20929.75;20931.75;20919.5;20924.5;94
20250113 020500;20924.25;20924.25;20916.5;20922.5;163
20250113 020600;20922;20922;20918.25;20918.75;42
20250113 020700;20920;20927.25;20916.5;20927.25;65
20250113 020800;20926;20931;20924;20930.25;69
20250113 020900;20930.5;20932.5;20926.5;20928.5;131
20250113 021000;20928.5;20928.5;20924.25;20926.25;22
20250113 021100;20925;20927.25;20922.5;20924;30
20250113 021200;20924.25;20926;20920.5;20924.75;57
20250113 021300;20926;20926;20918.25;20919.75;74
20250113 021400;20920.5;20920.5;20916.25;20920;48
20250113 021500;20918.5;20920.5;20917;20919.75;27
20250113 021600;20920.75;20921.5;20916.5;20919;52
20250113 021700;20921;20929.5;20921;20927.75;111
20250113 021800;20928;20931.25;20925.5;20928.5;70
20250113 021900;20929.25;20931.75;20928.5;20930.75;44
20250113 022000;20929;20938;20927.5;20938;146
20250113 022100;20938;20938;20932.75;20933;63
20250113 022200;20934.5;20936.25;20933.75;20935;24
20250113 022300;20934.75;20937.5;20927;20931.25;137
20250113 022400;20931.75;20937.75;20928;20936.75;83
20250113 022500;20938;20940;20934.5;20938;92
20250113 022600;20938.75;20948;20937.75;20947;246
20250113 022700;20945.75;20948.25;20939;20941.25;142
20250113 022800;20939.25;20939.25;20932;20934.5;122
20250113 022900;20934.75;20939.25;20934.75;20938.25;31
20250113 023000;20936.5;20941;20935.75;20940;39
20250113 023100;20938;20939.25;20935.25;20936.75;81
20250113 023200;20937;20938.5;20935.25;20935.25;45
20250113 023300;20936.5;20937.5;20936;20936;13
20250113 023400;20937;20938.5;20935;20937;48
20250113 023500;20935.5;20941.5;20935.5;20941.5;64
20250113 023600;20940.25;20940.25;20937;20937.25;26
20250113 023700;20939.75;20941.5;20939.25;20941.5;31
20250113 023800;20942;20946.25;20942;20944.5;169
20250113 023900;20944.5;20946.5;20943.25;20946.25;27
20250113 024000;20944.25;20946.25;20940;20940;98
20250113 024100;20941.5;20943;20941;20941;17
20250113 024200;20941.5;20941.5;20932.75;20932.75;95
20250113 024300;20932.5;20932.5;20925.25;20925.25;146
20250113 024400;20924.5;20928;20922;20928;178
20250113 024500;20925.5;20928;20924.75;20925.5;42
20250113 024600;20927;20927.25;20921;20921.75;59
20250113 024700;20921;20921.5;20915.5;20918.25;192
20250113 024800;20919.5;20920.5;20916.5;20919.5;47
20250113 024900;20920.75;20922.5;20918;20920;61
20250113 025000;20921.25;20922.75;20919;20919.75;41
20250113 025100;20919.75;20921.5;20918.5;20920.5;41
20250113 025200;20921;20927.75;20921;20927.75;60
20250113 025300;20928;20928;20923;20923.25;28
20250113 025400;20923.5;20926.75;20922.5;20926.75;36
20250113 025500;20926.75;20926.75;20925.25;20925.5;12
20250113 025600;20926.25;20926.75;20918;20921.25;69
20250113 025700;20921.5;20925.5;20920.75;20925.5;33
20250113 025800;20925.75;20926.5;20922.5;20926.5;37
20250113 025900;20925.75;20926.5;20923.75;20924.75;28
20250113 030000;20924.75;20927.5;20923;20925.75;26
20250113 030100;20924.75;20934.5;20923;20933;169
20250113 030200;20933;20936.5;20930;20930.75;117
20250113 030300;20931.5;20933;20924.5;20932.25;78
20250113 030400;20933;20936.75;20930.25;20934.75;69
20250113 030500;20935.25;20935.25;20932;20932.75;18
20250113 030600;20931;20937;20930.5;20934.75;96
20250113 030700;20933.75;20933.75;20928.75;20930.5;60
20250113 030800;20933;20934.25;20931;20931.5;36
20250113 030900;20932.25;20933.25;20929;20930.5;41
20250113 031000;20931.25;20931.25;20924.75;20926.5;52
20250113 031100;20925.75;20925.75;20914.25;20917;220
20250113 031200;20916.75;20919.75;20914.5;20917.5;70
20250113 031300;20919.25;20920;20908.75;20911.75;225
20250113 031400;20911.5;20913;20904.25;20909;179
20250113 031500;20908;20908;20901.5;20901.75;151
20250113 031600;20902.25;20912.75;20901.75;20911.25;178
20250113 031700;20911.5;20912.25;20907.75;20910;123
20250113 031800;20910;20912.5;20910;20910;23
20250113 031900;20910;20911.5;20906.75;20908;61
20250113 032000;20906.75;20907;20904;20905.5;82
20250113 032100;20905.75;20912;20905.75;20911.5;47
20250113 032200;20912.5;20912.5;20904.5;20906.5;70
20250113 032300;20907;20907;20892.75;20896;389
20250113 032400;20896.25;20898;20858.5;20873.25;859
20250113 032500;20873.25;20876.5;20862.25;20871.25;393
20250113 032600;20871.25;20877.25;20866.25;20876.25;212
20250113 032700;20877.5;20881.25;20866;20868;324
20250113 032800;20869.5;20872.25;20861.25;20868;173
20250113 032900;20868.5;20874.75;20868;20874.5;99
20250113 033000;20874.5;20884.25;20874.5;20880.25;123
20250113 033100;20882.5;20884.75;20880.25;20881.75;132
20250113 033200;20880.5;20881.5;20877;20880;82
20250113 033300;20881;20886;20879.5;20882;119
20250113 033400;20882;20885;20881.5;20881.5;60
20250113 033500;20882.75;20882.75;20875;20876.5;103
20250113 033600;20875.25;20877.75;20869.25;20873.75;161
20250113 033700;20875.25;20875.75;20863;20864.75;213
20250113 033800;20866.25;20869;20863;20865;161
20250113 033900;20865;20873.5;20865;20868.75;88
20250113 034000;20869;20876.25;20867.25;20872.75;104
20250113 034100;20872;20877.5;20872;20876.75;68
20250113 034200;20875;20875;20865;20870.5;115
20250113 034300;20871;20879;20870.75;20878;84
20250113 034400;20878.75;20882.75;20876;20879.25;87
20250113 034500;20878.5;20883;20878.5;20883;52
20250113 034600;20883;20886.25;20881.75;20882.75;80
20250113 034700;20882.75;20883.5;20877.75;20878.75;92
20250113 034800;20878.75;20882.75;20875;20878;56
20250113 034900;20879;20886.75;20876.75;20886.25;108
20250113 035000;20885.25;20890.5;20885.25;20889.25;101
20250113 035100;20888.75;20889.5;20884.5;20888;68
20250113 035200;20888;20888.5;20884.5;20885;39
20250113 035300;20885.25;20885.25;20880.25;20882.5;97
20250113 035400;20881.75;20885;20879;20880.5;100
20250113 035500;20881.25;20881.5;20877;20877.25;73
20250113 035600;20878;20878;20866;20868.75;182
20250113 035700;20870;20874.5;20870;20873;66
20250113 035800;20873.5;20877.5;20873.5;20875.75;69
20250113 035900;20874.25;20875.75;20872.25;20874.25;43
20250113 040000;20876;20882.25;20876;20881.25;41
20250113 040100;20880.25;20889.25;20880.25;20888.25;84
20250113 040200;20888;20894.25;20885.75;20889.25;140
20250113 040300;20889.5;20896;20889.5;20895;88
20250113 040400;20896;20897.5;20892.75;20895.75;95
20250113 040500;20897;20899;20896.75;20899;83
20250113 040600;20899;20899.25;20886.75;20891;112
20250113 040700;20890.5;20891;20888.25;20889.25;44
20250113 040800;20890;20892;20888.75;20888.75;34
20250113 040900;20889.25;20889.75;20888.25;20889.5;31
20250113 041000;20889.75;20897;20889.75;20893.25;82
20250113 041100;20893;20895;20889.5;20894;50
20250113 041200;20895.25;20897.75;20894.25;20897.5;49
20250113 041300;20897.75;20900.5;20893.25;20894.5;102
20250113 041400;20893.25;20894;20886.75;20889;95
20250113 041500;20889.5;20891.5;20888;20891.5;42
20250113 041600;20891.75;20894;20888.75;20888.75;53
20250113 041700;20888.25;20889;20881.25;20882.25;105
20250113 041800;20882;20888;20882;20886;53
20250113 041900;20886;20887;20883.25;20883.25;23
20250113 042000;20884.25;20890.5;20884.25;20890;36
20250113 042100;20889.25;20890.75;20883.75;20886.5;66
20250113 042200;20886.5;20888;20885.25;20887.75;30
20250113 042300;20888;20889.75;20887.5;20888.25;26
20250113 042400;20889.5;20892.75;20888;20891;58
20250113 042500;20891.25;20891.25;20883.25;20884.75;48
20250113 042600;20884.5;20888.75;20883.75;20888.75;24
20250113 042700;20888.75;20892.75;20886;20887.5;55
20250113 042800;20888.25;20893.75;20888.25;20890.75;87
20250113 042900;20889.5;20893.5;20888.75;20892.75;40
20250113 043000;20893;20894.5;20890.25;20894.5;26
20250113 043100;20893;20895;20889;20889;39
20250113 043200;20888;20888.5;20882.25;20884.25;110
20250113 043300;20882.75;20885;20879.25;20884.75;90
20250113 043400;20883.5;20883.5;20876.5;20880.25;108
20250113 043500;20880;20881.5;20878.5;20879;27
20250113 043600;20879;20884.25;20877;20884;56
20250113 043700;20884;20884;20881.5;20882;30
20250113 043800;20882.5;20884;20882;20882;14
20250113 043900;20883.25;20884.75;20881;20884;35
20250113 044000;20882;20882.5;20879.75;20882;23
20250113 044100;20883;20885;20880.75;20882.25;47
20250113 044200;20885;20886.5;20884.5;20886.5;21
20250113 044300;20885.25;20885.25;20881;20883.5;37
20250113 044400;20883.75;20890.25;20883.75;20888.5;76
20250113 044500;20889.25;20889.25;20884.5;20887.25;25
20250113 044600;20887;20888.75;20884.5;20888;33
20250113 044700;20889;20889.25;20886;20889;12
20250113 044800;20887.5;20892;20887;20890.25;108
20250113 044900;20889.75;20890.5;20887;20889.25;24
20250113 045000;20890.5;20891.5;20889.5;20890.5;32
20250113 045100;20890.5;20891.75;20888;20891;33
20250113 045200;20892.25;20895;20892;20895;53
20250113 045300;20893.75;20900.25;20893.75;20898.75;90
20250113 045400;20897.75;20898;20893.5;20896.75;54
20250113 045500;20897.25;20897.75;20892;20892.75;40
20250113 045600;20892;20895.5;20890.5;20893.75;81
20250113 045700;20895;20897;20893.75;20896.25;50
20250113 045800;20897.5;20901.5;20897.25;20898.75;73
20250113 045900;20899.25;20900;20898;20898.75;16
20250113 050000;20899.75;20900;20897.75;20898.5;17
20250113 050100;20897.5;20897.5;20894;20895.25;43
20250113 050200;20895.25;20900;20895.25;20897.75;28
20250113 050300;20898.5;20899;20897;20897.25;15
20250113 050400;20897.5;20898.25;20897;20897;10
20250113 050500;20896;20896.75;20890.5;20892.75;45
20250113 050600;20891;20895.75;20890.5;20895;39
20250113 050700;20895.5;20895.5;20891.5;20892.5;46
20250113 050800;20892.25;20894;20891.25;20893.75;16
20250113 050900;20893.5;20897.25;20893.25;20897.25;37
20250113 051000;20896.25;20896.25;20893;20894.5;28
20250113 051100;20895.25;20896.75;20893.5;20895.75;18
20250113 051200;20895.5;20895.5;20893;20893.75;23
20250113 051300;20894;20894;20885.5;20890;165
20250113 051400;20890.25;20891;20888.25;20890;30
20250113 051500;20889.75;20892.5;20887.25;20891;47
20250113 051600;20890;20893.25;20889.5;20890.5;37
20250113 051700;20891;20897;20890.75;20893.75;40
20250113 051800;20893.5;20895;20893;20894;15
20250113 051900;20893.5;20894;20893;20893;14
20250113 052000;20892.5;20892.5;20890.75;20892;17
20250113 052100;20892.5;20893.5;20889.75;20892.5;36
20250113 052200;20893.25;20896.25;20891.75;20892;37
20250113 052300;20892.5;20893;20888.25;20890;59
20250113 052400;20889.25;20893;20889.25;20891.75;26
20250113 052500;20892;20892.5;20890.75;20891.5;12
20250113 052600;20890.75;20892.5;20890.5;20892.25;18
20250113 052700;20893;20893.25;20891.5;20891.75;21
20250113 052800;20890.5;20890.5;20887.5;20890;44
20250113 052900;20888.25;20888.25;20876.75;20881;186
20250113 053000;20881.25;20882.25;20876.25;20878.25;135
20250113 053100;20877.75;20878.25;20871.25;20876;152
20250113 053200;20876.5;20881.75;20876.25;20879.75;66
20250113 053300;20880;20881.5;20877.5;20878.75;25
20250113 053400;20878.25;20878.25;20867.25;20869;136
20250113 053500;20869;20871.5;20865.25;20871.25;65
20250113 053600;20870.75;20875.25;20870.75;20873.5;48
20250113 053700;20874.5;20877.5;20872.5;20876;30
20250113 053800;20875.25;20877.25;20872.5;20876.5;38
20250113 053900;20875.25;20876;20872.25;20873.5;24
20250113 054000;20875;20876;20874.25;20874.25;10
20250113 054100;20874.75;20876.5;20871.25;20872;51
20250113 054200;20872.5;20874.5;20872.5;20874.5;18
20250113 054300;20875;20883;20875;20882.5;100
20250113 054400;20883.25;20885.25;20878.25;20885.25;59
20250113 054500;20883;20883.25;20878.5;20879;45
20250113 054600;20878.5;20881.75;20878.5;20881.75;27
20250113 054700;20883;20885.5;20880.5;20880.5;45
20250113 054800;20882.25;20884.25;20882.25;20884.25;12
20250113 054900;20884.25;20884.75;20878.75;20879.75;25
20250113 055000;20878.75;20879.5;20877.25;20878.25;22
20250113 055100;20879.5;20886;20879.5;20886;56
20250113 055200;20886.5;20890.25;20886.5;20888.25;78
20250113 055300;20887.5;20888.5;20886.75;20887.75;11
20250113 055400;20888.5;20895.25;20888.25;20890.5;137
20250113 055500;20889;20893.5;20889;20893.25;51
20250113 055600;20893.5;20893.5;20889;20892.5;26
20250113 055700;20893;20893.5;20884;20888.25;105
20250113 055800;20888;20890.5;20885.25;20885.5;34
20250113 055900;20885.75;20888;20885.75;20887.25;28
20250113 060000;20887;20888.5;20886.25;20887.25;49
20250113 060100;20886.5;20890.5;20885.75;20889.5;62
20250113 060200;20890.75;20895.25;20890.75;20894.5;49
20250113 060300;20894.75;20897.25;20894.5;20894.5;53
20250113 060400;20895;20901;20893.75;20900;105
20250113 060500;20900;20900.5;20896.25;20899;57
20250113 060600;20899.25;20906;20899.25;20904.5;117
20250113 060700;20904.75;20905;20901.75;20901.75;47
20250113 060800;20901;20908.5;20900;20906.5;112
20250113 060900;20906.5;20906.5;20895;20896.25;190
20250113 061000;20897;20901;20897;20898.75;43
20250113 061100;20899.25;20908.75;20899;20907.75;50
20250113 061200;20907.5;20907.5;20902.75;20902.75;60
20250113 061300;20903.5;20914;20903.5;20911.5;129
20250113 061400;20911.75;20915.25;20910;20915;105
20250113 061500;20913.5;20916.5;20912;20913.5;94
20250113 061600;20914;20922;20912.75;20918.5;157
20250113 061700;20918.75;20918.75;20915;20916.5;48
20250113 061800;20917.75;20917.75;20916;20917;23
20250113 061900;20915.5;20916.25;20912.25;20912.25;56
20250113 062000;20913.75;20929.75;20913.25;20924.75;327
20250113 062100;20923.75;20924.75;20922.25;20924.5;35
20250113 062200;20925.5;20926;20921.5;20923;51
20250113 062300;20922.25;20925;20920.5;20924.25;59
20250113 062400;20923.5;20923.5;20917.5;20918;75
20250113 062500;20918;20922.75;20918;20921;56
20250113 062600;20920;20923;20918.75;20923;34
20250113 062700;20923;20923;20920.25;20920.25;18
20250113 062800;20919.5;20920.75;20918.25;20919;34
20250113 062900;20919.5;20920.5;20912;20912.75;149
20250113 063000;20912.25;20916.5;20912.25;20915;52
20250113 063100;20914.5;20920.25;20912.25;20919.75;87
20250113 063200;20920.5;20922.5;20917.5;20918.25;68
20250113 063300;20918.5;20918.5;20913.5;20915;48
20250113 063400;20915;20917.5;20914.25;20916.25;29
20250113 063500;20915.5;20915.75;20909.5;20909.5;79
20250113 063600;20909.75;20913.25;20907.75;20910;70
20250113 063700;20910.25;20910.5;20902;20904.75;109
20250113 063800;20903.5;20903.5;20899;20900.5;94
20250113 063900;20900.25;20902.75;20897.75;20898.25;81
20250113 064000;20897.5;20901;20897.25;20900.75;41
20250113 064100;20901;20909.75;20899.5;20909;111
20250113 064200;20910;20914.5;20910;20912.75;94
20250113 064300;20912.75;20914;20910.25;20911.5;32
20250113 064400;20911.5;20912.5;20907.5;20912.5;51
20250113 064500;20912;20912.25;20909;20910.5;45
20250113 064600;20910.5;20913.5;20908.75;20912;33
20250113 064700;20911;20917.5;20910.75;20915.25;92
20250113 064800;20915;20915;20909;20910.75;49
20250113 064900;20909.5;20910.75;20906.75;20909;27
20250113 065000;20910;20910.5;20909;20909.75;19
20250113 065100;20910;20911.25;20908.5;20910.25;36
20250113 065200;20910.75;20911;20907.25;20908.75;34
20250113 065300;20909.25;20913.5;20909.25;20913.5;45
20250113 065400;20913.25;20913.75;20911;20913.75;22
20250113 065500;20913;20913;20911.25;20912.75;18
20250113 065600;20912.75;20912.75;20907.5;20908.25;29
20250113 065700;20907.75;20908;20901.25;20905.5;111
20250113 065800;20905;20908.25;20905;20908.25;33
20250113 065900;20907.25;20908.75;20907.25;20908;15
20250113 070000;20908;20910;20905.75;20905.75;24
20250113 070100;20906.25;20916.25;20905.25;20913.25;107
20250113 070200;20913.75;20914.5;20909.75;20912;61
20250113 070300;20911.5;20912.5;20907.25;20912;55
20250113 070400;20911.5;20914.75;20906.5;20910.75;81
20250113 070500;20911;20913.5;20908.75;20909.25;55
20250113 070600;20908;20908;20900.25;20900.75;98
20250113 070700;20900.25;20900.25;20894.25;20895.75;168
20250113 070800;20895.25;20905;20895;20905;83
20250113 070900;20904.5;20909;20903;20905.5;100
20250113 071000;20905;20906;20895;20896;91
20250113 071100;20897;20903.25;20897;20897.25;57
20250113 071200;20896.5;20903;20896;20896.75;78
20250113 071300;20895.75;20897.25;20888;20892;156
20250113 071400;20891;20893;20888.5;20892.5;87
20250113 071500;20892.25;20895;20888;20894;50
20250113 071600;20892.5;20897.25;20891;20891.5;56
20250113 071700;20890.75;20893.25;20886.25;20888.75;59
20250113 071800;20889.25;20891;20881.5;20888;177
20250113 071900;20886.75;20889.75;20883.75;20884;64
20250113 072000;20885;20890.25;20883.5;20887.75;51
20250113 072100;20889;20895.5;20888;20889;109
20250113 072200;20888;20888;20873;20874.5;225
20250113 072300;20874;20877.25;20867.25;20876.5;171
20250113 072400;20877.25;20883.5;20873.25;20883.25;86
20250113 072500;20884;20890;20879.25;20890;119
20250113 072600;20889;20895.5;20882;20884.75;164
20250113 072700;20884.75;20886.75;20881;20885;114
20250113 072800;20885;20886.75;20879;20883.5;78
20250113 072900;20883.5;20885;20878.75;20884;57
20250113 073000;20886;20887.25;20883;20886.75;21
20250113 073100;20885;20888.75;20884;20887;59
20250113 073200;20886;20886;20876.75;20880.75;237
20250113 073300;20880.25;20886.25;20877.25;20880.5;200
20250113 073400;20879.5;20880.25;20874.5;20877.5;94
20250113 073500;20876.75;20883.25;20876;20883.25;52
20250113 073600;20883.75;20887.5;20879.25;20882.5;71
20250113 073700;20882;20885.25;20879.75;20885.25;51
20250113 073800;20884.25;20892.5;20884.25;20885.75;76
20250113 073900;20885.25;20885.75;20881.5;20885;51
20250113 074000;20884.5;20884.5;20876;20876.75;43
20250113 074100;20878.25;20880.75;20876.5;20878;31
20250113 074200;20879.25;20881.75;20874;20881.75;73
20250113 074300;20883;20883.25;20880.5;20881.75;27
20250113 074400;20880;20883.75;20878;20883.75;50
20250113 074500;20883.25;20887;20882.25;20883.75;48
20250113 074600;20883.75;20888.5;20883.5;20888.5;38
20250113 074700;20889;20889.75;20881.5;20882;63
20250113 074800;20880.25;20884.75;20879.5;20884.75;25
20250113 074900;20887;20888.75;20881.75;20883.5;38
20250113 075000;20882;20888.25;20880;20888.25;30
20250113 075100;20887;20889.5;20884.75;20888;39
20250113 075200;20888.75;20899.5;20886.25;20896.5;95
20250113 075300;20895;20902;20894.25;20901.25;121
20250113 075400;20899.25;20899.75;20891.5;20891.75;89
20250113 075500;20891.75;20893;20888;20893;47
20250113 075600;20892.75;20892.75;20886.25;20891.25;55
20250113 075700;20891;20891;20877.5;20877.75;77
20250113 075800;20879.25;20884;20876;20880.25;88
20250113 075900;20880.75;20882.25;20867.25;20873.25;162
20250113 080000;20871.5;20882.25;20869.75;20880.25;183
20250113 080100;20882.75;20897;20871.75;20892.5;501
20250113 080200;20895;20898.75;20887.5;20893.75;137
20250113 080300;20892.75;20895.25;20889;20894.75;85
20250113 080400;20894.25;20897.25;20884.75;20889.25;124
20250113 080500;20889;20898.25;20888;20898.25;133
20250113 080600;20896.5;20904.25;20895.25;20899;254
20250113 080700;20900;20904;20898;20903.25;158
20250113 080800;20902;20912.25;20897.5;20907.5;275
20250113 080900;20907.5;20908.5;20901.5;20905.75;149
20250113 081000;20904.5;20906.25;20897.25;20902.75;160
20250113 081100;20902.5;20902.5;20890.5;20897.5;244
20250113 081200;20898;20900;20887.5;20891;132
20250113 081300;20891.5;20894.75;20889.25;20892;87
20250113 081400;20891.5;20891.5;20880.5;20886.75;166
20250113 081500;20887;20890;20881.5;20890;239
20250113 081600;20889.5;20894.75;20884.25;20890.5;119
20250113 081700;20892.75;20896;20883;20884;83
20250113 081800;20884.25;20884.5;20871.25;20880;172
20250113 081900;20880.25;20882.5;20877;20880.75;126
20250113 082000;20881.5;20882;20868.5;20869.75;164
20250113 082100;20872.25;20872.25;20842.5;20856.25;1186
20250113 082200;20856.5;20857;20834.25;20837.5;394
20250113 082300;20839.5;20842.5;20829;20839;479
20250113 082400;20836.75;20843.25;20831;20842.25;294
20250113 082500;20841.75;20847;20837.25;20841;251
20250113 082600;20839.75;20848.5;20838.5;20845;211
20250113 082700;20846.5;20854.75;20844.25;20853;192
20250113 082800;20853;20853;20837.25;20839.5;148
20250113 082900;20838.5;20839.5;20826.5;20829.25;362
20250113 083000;20828.5;20830;20815.75;20823;451
20250113 083100;20824.75;20828.25;20819;20824.25;354
20250113 083200;20824.75;20831.75;20824.25;20826;215
20250113 083300;20826.5;20833.5;20820;20829.5;204
20250113 083400;20830.5;20835;20828;20831;122
20250113 083500;20830.75;20838.75;20829;20836;177
20250113 083600;20835.5;20840;20834;20839.25;88
20250113 083700;20838.75;20847.75;20835;20844.25;212
20250113 083800;20844.5;20846.25;20836;20844.25;136
20250113 083900;20844.5;20846.5;20836.5;20846.5;103
20250113 084000;20845.75;20847.5;20840.75;20841;126
20250113 084100;20840.75;20840.75;20831.75;20834.25;224
20250113 084200;20834.75;20836.25;20821.25;20821.5;173
20250113 084300;20821.25;20832.5;20812;20826.25;531
20250113 084400;20823.75;20827.75;20820.75;20824.25;185
20250113 084500;20824.25;20832.5;20823.25;20828.75;138
20250113 084600;20829.5;20840.75;20829.25;20836.5;113
20250113 084700;20836.75;20843;20835;20837.75;111
20250113 084800;20839.25;20841;20832.5;20836;105
20250113 084900;20836;20842.25;20833.5;20833.5;136
20250113 085000;20832.75;20837.25;20828.25;20832.75;92
20250113 085100;20834.25;20836.75;20828.5;20829.5;63
20250113 085200;20828.5;20829.5;20821;20825.5;127
20250113 085300;20825.25;20825.25;20819.5;20821;112
20250113 085400;20822.25;20825;20819.5;20822.75;87
20250113 085500;20823.25;20827.75;20815;20816.75;139
20250113 085600;20817;20822.25;20813.25;20816.5;226
20250113 085700;20815.25;20816.5;20804.25;20809;281
20250113 085800;20810;20817;20802;20808.25;537
20250113 085900;20810;20811.75;20806;20809;129
20250113 090000;20808;20810.5;20795.5;20802.75;841
20250113 090100;20804.25;20812;20783.75;20783.75;948
20250113 090200;20785.5;20792.75;20779;20783.5;541
20250113 090300;20781.75;20783.75;20763.25;20769.75;750
20250113 090400;20770.75;20770.75;20744.75;20745.25;919
20250113 090500;20745.25;20747.5;20715.25;20735.25;1253
20250113 090600;20735.25;20743.25;20728.75;20737.5;833
20250113 090700;20736.25;20743;20723.5;20729.25;521
20250113 090800;20727.25;20728.5;20710.5;20713.25;513
20250113 090900;20712.25;20734;20712.25;20733.25;350
20250113 091000;20732;20750.25;20729.5;20738;556
20250113 091100;20739.5;20740.25;20720;20728.75;490
20250113 091200;20728.25;20731.5;20715.75;20718;270
20250113 091300;20717.25;20725;20713;20722.75;430
20250113 091400;20722.5;20730;20716.25;20728.25;413
20250113 091500;20728.5;20735.25;20717;20717;425
20250113 091600;20716.5;20726;20712.25;20717;398
20250113 091700;20716.75;20717;20694;20699.75;1162
20250113 091800;20698.5;20712;20697;20707.75;453
20250113 091900;20707;20713;20698.25;20704.75;364
20250113 092000;20703.5;20729.5;20703.5;20722.5;351
20250113 092100;20722;20725.25;20713.5;20723.5;288
20250113 092200;20722.75;20735;20722.5;20729.5;281
20250113 092300;20728.5;20731;20716.5;20731;217
20250113 092400;20731;20740.5;20727.75;20728.75;435
20250113 092500;20728.75;20731;20707;20707;331
20250113 092600;20706.75;20716;20706.25;20710;308
20250113 092700;20710.75;20716.75;20706.25;20715.5;231
20250113 092800;20715.5;20717.25;20702.75;20714.25;397
20250113 092900;20713.75;20715.75;20704.25;20707.75;274
20250113 093000;20709;20720;20708.5;20710.75;300
20250113 093100;20711.25;20721.5;20707.25;20713;390
20250113 093200;20713.75;20715.75;20706.25;20715.25;201
20250113 093300;20715.25;20724.25;20712.5;20722;261
20250113 093400;20722;20722;20712.25;20717.5;197
20250113 093500;20716.5;20716.5;20706;20710;282
20250113 093600;20710.25;20720.25;20707.5;20717.75;218
20250113 093700;20717.75;20731.75;20715.25;20724.75;416
20250113 093800;20723.5;20726.25;20718.5;20723.5;162
20250113 093900;20724;20731;20723.25;20727;143
20250113 094000;20727.25;20736.25;20722.75;20734.75;331
20250113 094100;20734;20742.75;20723.25;20723.25;481
20250113 094200;20724.25;20725.5;20718.5;20720.5;149
20250113 094300;20719.75;20721.5;20715;20719.75;173
20250113 094400;20719;20720.25;20706.25;20713.25;222
20250113 094500;20712;20713.5;20708.25;20709.25;91
20250113 094600;20709;20723.5;20709;20721.5;184
20250113 094700;20720.75;20726.5;20716.5;20725;149
20250113 094800;20724.5;20728.75;20721.25;20722.75;131
20250113 094900;20721.5;20727.5;20717.5;20717.5;151
20250113 095000;20718.5;20720;20708.5;20714.25;211
20250113 095100;20715.25;20716;20710;20713;133
20250113 095200;20712.75;20713.5;20709.25;20711.25;87
20250113 095300;20712.5;20713.25;20708.5;20713.25;74
20250113 095400;20714;20716.5;20709;20711.5;157
20250113 095500;20711.5;20713.75;20707.25;20711.5;110
20250113 095600;20711.5;20715.75;20709.5;20713.75;90
20250113 095700;20712.75;20720.5;20708.5;20714.25;252
20250113 095800;20714.5;20715;20706.25;20712.75;162
20250113 095900;20713.25;20723.25;20713.25;20721.5;144
20250113 100000;20721.5;20725.5;20718;20721.25;195
20250113 100100;20721;20727;20719;20723;192
20250113 100200;20722.5;20730;20721;20727.75;132
20250113 100300;20727.75;20728.5;20717.75;20723;146
20250113 100400;20722.25;20725.25;20719.75;20725;112
20250113 100500;20724.5;20728.75;20722.75;20724;57
20250113 100600;20724.75;20726.75;20719;20719;147
20250113 100700;20718.75;20719;20709.75;20710.5;149
20250113 100800;20711.25;20714.25;20709.25;20710.5;115
20250113 100900;20710.5;20722.25;20710.5;20717.75;138
20250113 101000;20717;20724.5;20717;20717;116
20250113 101100;20718.75;20723.75;20717.75;20718.5;100
20250113 101200;20718.25;20720.75;20710.25;20719;200
20250113 101300;20720.25;20729;20718.25;20728;134
20250113 101400;20727.25;20735.5;20726.75;20734;194
20250113 101500;20733.5;20735.5;20727.25;20734;154
20250113 101600;20734.5;20739.5;20732.5;20737.5;146
20250113 101700;20736.5;20737.5;20730;20735;138
20250113 101800;20733.75;20734;20725.25;20727.5;93
20250113 101900;20726.25;20726.25;20719.25;20722;112
20250113 102000;20722.5;20734.25;20722.5;20734.25;85
20250113 102100;20734.75;20739.75;20729.25;20737.75;144
20250113 102200;20738.25;20740.5;20735;20737.75;120
20250113 102300;20737;20741.75;20731.5;20735.25;204
20250113 102400;20734.5;20737;20731.5;20732;32
20250113 102500;20731.75;20736.75;20730.25;20733.25;256
20250113 102600;20733.5;20735.5;20728.75;20732.75;136
20250113 102700;20732.75;20736.5;20732.25;20735;58
20250113 102800;20736;20745;20734.25;20741.5;194
20250113 102900;20741;20743.5;20737.25;20741.5;85
20250113 103000;20741.75;20746.5;20739.25;20740.5;174
20250113 103100;20740.25;20749;20739.5;20746.75;142
20250113 103200;20746.5;20754;20745.75;20751.75;225
20250113 103300;20751.5;20752.5;20746.75;20750.75;126
20250113 103400;20750.75;20753.75;20749.5;20751.25;102
20250113 103500;20751.75;20758.25;20751.75;20757.75;225
20250113 103600;20758.25;20759.75;20756.5;20758;128
20250113 103700;20757;20757.5;20751.5;20755.25;256
20250113 103800;20755.25;20760.75;20755;20758.75;143
20250113 103900;20758.5;20766.5;20756.25;20766;224
20250113 104000;20765.25;20770.75;20764.25;20768;200
20250113 104100;20768;20768;20763.25;20767.75;164
20250113 104200;20767.25;20767.25;20753.75;20756.75;203
20250113 104300;20756;20761;20754.75;20758.25;126
20250113 104400;20758.25;20765.25;20756.75;20762;125
20250113 104500;20761.25;20762;20757.75;20761;103
20250113 104600;20760;20770.25;20757.75;20769.5;152
20250113 104700;20768.75;20775.75;20768.75;20774;238
20250113 104800;20771.5;20774.5;20770.25;20771.25;112
20250113 104900;20770;20770.25;20764.25;20764.75;128
20250113 105000;20765.25;20767.25;20763.5;20766.5;56
20250113 105100;20765.5;20769;20764.5;20768.25;72
20250113 105200;20767.5;20769.25;20757.75;20760;209
20250113 105300;20759.25;20763.25;20758.5;20761.25;98
20250113 105400;20760.75;20761.75;20753.75;20755.25;137
20250113 105500;20755.25;20757.25;20750;20750;150
20250113 105600;20750;20753.5;20743.75;20752.75;210
20250113 105700;20753.75;20754;20742;20742;137
20250113 105800;20742;20744;20736.25;20743;344
20250113 105900;20743.5;20746.25;20740.75;20743.75;93
20250113 110000;20744.75;20751.5;20744.75;20750.25;116
20250113 110100;20751.25;20759.25;20732;20747.5;1386
20250113 110200;20747.75;20758;20746.5;20750.75;327
20250113 110300;20750.5;20756.25;20743.5;20755.5;143
20250113 110400;20754.5;20770.5;20752.75;20767.5;258
20250113 110500;20768.25;20771;20764;20766;246
20250113 110600;20763.75;20774.75;20760.5;20768;253
20250113 110700;20767;20767;20754.75;20758;133
20250113 110800;20758.5;20765;20754.75;20759.25;98
20250113 110900;20760.25;20762;20756.5;20758;45
20250113 111000;20757;20757;20750;20754.25;160
20250113 111100;20752.75;20755.75;20747.25;20754;149
20250113 111200;20754;20754;20747.75;20747.75;109
20250113 111300;20746.25;20748.75;20740;20741.75;303
20250113 111400;20742;20743.25;20735.25;20740.75;252
20250113 111500;20739.5;20752.25;20739.25;20752.25;221
20250113 111600;20752.5;20763.25;20752.5;20763.25;229
20250113 111700;20763.25;20763.75;20757;20763.25;129
20250113 111800;20762.5;20763.5;20757.25;20759;82
20250113 111900;20758;20758;20755;20757;54
20250113 112000;20757.25;20758.25;20753.25;20753.25;50
20250113 112100;20753;20759.75;20748.5;20758.5;170
20250113 112200;20758.5;20764.5;20758.5;20760.5;85
20250113 112300;20760.25;20763.75;20756.75;20760;138
20250113 112400;20759.25;20759.5;20754.25;20756;47
20250113 112500;20755.5;20756.25;20751.5;20755.25;50
20250113 112600;20757;20762.25;20753.75;20761;70
20250113 112700;20759.75;20759.75;20755.25;20759.75;51
20250113 112800;20759.75;20761;20757.5;20759.25;61
20250113 112900;20759.25;20759.25;20754.5;20758.5;58
20250113 113000;20759.25;20764.75;20758.25;20760;65
20250113 113100;20760.5;20760.5;20747.75;20749.5;177
20250113 113200;20747.75;20754.5;20747.75;20752.5;61
20250113 113300;20751.5;20758;20749.25;20757.25;80
20250113 113400;20758.25;20762.25;20758;20758.5;50
20250113 113500;20758.25;20764.5;20757.25;20760.25;69
20250113 113600;20761;20774.25;20760;20774;235
20250113 113700;20772.75;20774;20768.5;20774;153
20250113 113800;20773.25;20775;20766.5;20768.5;131
20250113 113900;20769.75;20771.25;20763.25;20765;106
20250113 114000;20765.25;20771.75;20764.75;20769;102
20250113 114100;20768;20770.5;20761.75;20766;130
20250113 114200;20765.75;20769.25;20764.5;20768;101
20250113 114300;20768.75;20770.25;20760.25;20760.25;86
20250113 114400;20761.75;20762;20757;20758;59
20250113 114500;20757.5;20762;20755;20761.5;92
20250113 114600;20761.75;20765;20756.5;20762.75;161
20250113 114700;20762.5;20766.5;20762;20762.5;99
20250113 114800;20762.75;20763.5;20760.25;20762.75;46
20250113 114900;20763.75;20765.25;20763;20764.5;45
20250113 115000;20764.75;20766.75;20762.75;20762.75;62
20250113 115100;20762.75;20767.75;20758.25;20764.75;123
20250113 115200;20764.75;20766;20763.25;20763.75;53
20250113 115300;20762.5;20770;20759.5;20768.25;226
20250113 115400;20769.25;20771.75;20765.5;20770.5;130
20250113 115500;20770.5;20771;20767.25;20769.5;71
20250113 115600;20769.5;20775;20769;20773.75;139
20250113 115700;20772.75;20776.75;20766.25;20766.75;137
20250113 115800;20767.75;20772;20764.5;20768.25;149
20250113 115900;20768.25;20768.5;20760;20762.25;140
20250113 120000;20762.25;20766.5;20762.25;20764.75;83
20250113 120100;20765;20787.25;20765;20784;632
20250113 120200;20785.25;20785.5;20770.5;20774.5;235
20250113 120300;20774;20775.25;20756.5;20760.75;286
20250113 120400;20760.5;20760.75;20750;20751;469
20250113 120500;20750.5;20751.25;20741;20742.5;292
20250113 120600;20742;20752;20740.75;20747;195
20250113 120700;20746.75;20752.5;20742.75;20749.25;185
20250113 120800;20749.5;20749.5;20741.25;20743.5;113
20250113 120900;20744.5;20745.25;20735;20737.5;215
20250113 121000;20737;20737.5;20725.5;20727.5;540
20250113 121100;20727.75;20736.75;20726.5;20734;254
20250113 121200;20734.5;20748.25;20734.5;20748.25;379
20250113 121300;20748.5;20754.75;20747.25;20750.5;268
20250113 121400;20750.75;20753.5;20745;20746.5;133
20250113 121500;20745;20745.75;20738.5;20738.5;110
20250113 121600;20737.25;20737.75;20731;20736.75;197
20250113 121700;20735.5;20740;20728.5;20730;169
20250113 121800;20731;20743.25;20731;20743;140
20250113 121900;20743;20750;20740;20749.25;127
20250113 122000;20750.25;20763.5;20748.75;20762;356
20250113 122100;20762.25;20776.25;20758.75;20776.25;460
20250113 122200;20774.5;20780.25;20770.5;20777;293
20250113 122300;20778;20783.75;20777.75;20779.5;211
20250113 122400;20780.75;20785.5;20777.25;20785.25;261
20250113 122500;20785.25;20795.5;20782.5;20795.5;357
20250113 122600;20795.5;20802.5;20793.5;20799.75;374
20250113 122700;20799;20799;20778.25;20778.75;364
20250113 122800;20778.5;20785.5;20777;20783;278
20250113 122900;20782.75;20786.5;20781;20782.75;90
20250113 123000;20779.5;20784;20778.25;20781.25;105
20250113 123100;20780.75;20784;20771.5;20773.75;177
20250113 123200;20773;20786;20771.75;20781.75;196
20250113 123300;20781.75;20789.25;20778;20788.75;163
20250113 123400;20788.75;20792.75;20787.75;20790.5;241
20250113 123500;20791;20797.75;20789;20789.75;265
20250113 123600;20788.75;20796.25;20786.75;20790;252
20250113 123700;20789.25;20796.25;20786.25;20796.25;185
20250113 123800;20795.75;20809;20795.75;20803.25;799
20250113 123900;20802.5;20806.25;20798;20803.25;271
20250113 124000;20803.5;20820;20803;20815;707
20250113 124100;20813.75;20822.5;20812.75;20819;517
20250113 124200;20818.75;20824.5;20812.25;20822;505
20250113 124300;20821;20828.5;20814.25;20826.5;498
20250113 124400;20826.75;20830;20819.5;20826.75;645
20250113 124500;20827.75;20828;20819.5;20826;274
20250113 124600;20826.25;20828.75;20821;20825;284
20250113 124700;20823;20832;20821;20827.25;517
20250113 124800;20828;20833.5;20827.75;20832;387
20250113 124900;20830.5;20831.75;20815.25;20817.5;329
20250113 125000;20817.5;20826.75;20814.75;20822.25;395
20250113 125100;20822.5;20837;20820.25;20836;326
20250113 125200;20836;20846;20834.5;20840.75;418
20250113 125300;20840;20844;20834.75;20837.25;370
20250113 125400;20837.75;20838.75;20828.5;20832.25;315
20250113 125500;20832.75;20835;20825;20828.75;402
20250113 125600;20827.25;20831.5;20822.5;20827.75;317
20250113 125700;20827.25;20833;20826;20831.75;316
20250113 125800;20832.5;20835.75;20827;20830.75;264
20250113 125900;20831.25;20832.25;20820.25;20823.75;205
20250113 130000;20825;20825.25;20816.5;20817;278
20250113 130100;20818.5;20820.75;20808.5;20813;435
20250113 130200;20814.75;20822;20811.25;20811.25;247
20250113 130300;20813.25;20815.25;20806.25;20809.75;244
20250113 130400;20809.75;20814.75;20808.75;20813;152
20250113 130500;20814.25;20822;20808.25;20809;302
20250113 130600;20808;20812.5;20805;20806.5;198
20250113 130700;20806.75;20806.75;20795.75;20798;368
20250113 130800;20797.75;20801;20794.5;20798.75;340
20250113 130900;20799;20801.25;20792.5;20799.5;290
20250113 131000;20800;20807;20796;20799.75;302
20250113 131100;20799.25;20801.75;20787.5;20790;447
20250113 131200;20790;20792.75;20780.25;20782.75;425
20250113 131300;20782.75;20787.25;20781.5;20785.5;291
20250113 131400;20786.75;20814;20786.75;20813.5;600
20250113 131500;20813.5;20819.5;20813;20814;463
20250113 131600;20814;20815.25;20806.5;20812.5;300
20250113 131700;20812.5;20817;20809;20817;154
20250113 131800;20816.25;20818;20812.5;20815;249
20250113 131900;20815.5;20823.25;20815.5;20820;258
20250113 132000;20820.5;20822.75;20813;20820.25;378
20250113 132100;20820;20824;20817.25;20818.25;227
20250113 132200;20817.5;20822;20811.75;20819.75;224
20250113 132300;20821;20823.25;20816;20822;216
20250113 132400;20822.25;20833.25;20821.75;20830.75;292
20250113 132500;20831;20833.5;20825.75;20829;150
20250113 132600;20828.5;20828.75;20815.75;20822.5;307
20250113 132700;20823.25;20826.5;20820;20825;103
20250113 132800;20823.75;20824;20815.75;20819.25;175
20250113 132900;20819.25;20826.5;20818.75;20820.5;195
20250113 133000;20820.5;20821;20808.25;20811;382
20250113 133100;20811.5;20817.25;20803;20805;286
20250113 133200;20804.75;20817.5;20801;20817;326
20250113 133300;20817;20837.5;20814.75;20831.25;650
20250113 133400;20830.5;20830.75;20821.75;20827;273
20250113 133500;20827.5;20827.5;20819.5;20819.75;201
20250113 133600;20819.5;20819.75;20813;20817.25;199
20250113 133700;20816.75;20818;20811.75;20816.25;194
20250113 133800;20816.5;20822.75;20813;20820.5;217
20250113 133900;20820.5;20823.75;20819.75;20822.25;112
20250113 134000;20821.5;20826.75;20818;20824.75;150
20250113 134100;20826;20836.25;20823.25;20834.25;265
20250113 134200;20834.5;20842.25;20831.5;20841.25;389
20250113 134300;20840.75;20841;20820.5;20823;464
20250113 134400;20822.25;20822.25;20815;20819.75;320
20250113 134500;20819.25;20824.25;20814;20822.5;535
20250113 134600;20821.75;20833.75;20817.5;20832.25;271
20250113 134700;20832.5;20835.25;20821.5;20827.5;329
20250113 134800;20827.25;20827.25;20811.25;20815.25;300
20250113 134900;20815.75;20825.75;20815.75;20822.25;329
20250113 135000;20822.5;20823.75;20817.25;20817.75;111
20250113 135100;20818.5;20821;20813;20818.5;198
20250113 135200;20818.75;20822;20815.75;20817;90
20250113 135300;20816.75;20817.25;20810.25;20816;228
20250113 135400;20815.5;20823.5;20814;20822.25;230
20250113 135500;20822.5;20829.5;20820.75;20821.5;331
20250113 135600;20821.75;20823;20814.5;20817.25;178
20250113 135700;20817;20818.5;20803.5;20807.5;343
20250113 135800;20807.75;20814.25;20807;20810.5;249
20250113 135900;20811.25;20816;20805.75;20810.25;377
20250113 140000;20809;20811.5;20803.75;20810;308
20250113 140100;20810;20817.75;20790;20793.5;1386
20250113 140200;20792.75;20795.25;20771;20779.25;2054
20250113 140300;20780.5;20796.5;20772.75;20788.75;1627
20250113 140400;20789.25;20795;20779.75;20794;1060
20250113 140500;20795;20795.75;20781;20782.5;744
20250113 140600;20783;20792.75;20771.75;20774.25;976
20250113 140700;20774.5;20789;20774.5;20786.25;646
20250113 140800;20786.75;20793;20785.25;20790.25;301
20250113 140900;20790;20792.75;20782.25;20786;300
20250113 141000;20785.5;20786.5;20778.75;20786;326
20250113 141100;20785.5;20789.25;20768.5;20777.5;773
20250113 141200;20778.75;20780.25;20772;20775.25;441
20250113 141300;20775.5;20781.5;20770.75;20776.5;382
20250113 141400;20776;20784.5;20770.5;20774.75;433
20250113 141500;20774.25;20784;20773;20781;415
20250113 141600;20781;20788.25;20780.75;20783.5;414
20250113 141700;20782.75;20788;20781;20784;237
20250113 141800;20784.75;20787.5;20779.5;20787.25;318
20250113 141900;20786.75;20797;20786.25;20791.75;604
20250113 142000;20791.75;20799.25;20787;20792.75;369
20250113 142100;20792.5;20795.5;20784.25;20790.25;363
20250113 142200;20790.5;20792.75;20782.25;20785.5;380
20250113 142300;20786.75;20786.75;20775.5;20777;345
20250113 142400;20777;20778.5;20770.75;20773.5;419
20250113 142500;20773.75;20775.5;20764;20768.25;801
20250113 142600;20766.5;20773;20761.25;20768.5;1125
20250113 142700;20769.75;20775.25;20765;20772.25;525
20250113 142800;20771;20773.75;20757.75;20769.75;945
20250113 142900;20769.5;20771.5;20757.75;20769.25;1242
20250113 143000;20769.25;20774.25;20763;20765;1420
20250113 143100;20765.75;20776.25;20753.75;20772;5185
20250113 143200;20771.25;20782.25;20754.75;20760;3440
20250113 143300;20759.75;20785.5;20758.5;20761.5;2876
20250113 143400;20762;20771;20742;20760.25;3067
20250113 143500;20760.75;20767.75;20746.5;20763.5;2002
20250113 143600;20764.75;20772;20739.25;20745;2672
20250113 143700;20745.5;20755.5;20717;20720.25;3998
20250113 143800;20720.25;20728.5;20706;20717.5;3094
20250113 143900;20717.25;20723.75;20708.25;20718.5;1632
20250113 144000;20718.25;20740;20718.25;20725.75;1972
20250113 144100;20725.25;20731;20712;20719.5;2229
20250113 144200;20720;20729.5;20708.25;20712.25;1825
20250113 144300;20712.75;20719.75;20702;20715.5;2195
20250113 144400;20715.25;20776.75;20715;20773.5;3487
20250113 144500;20773.5;20784.5;20764.25;20781.5;3133
20250113 144600;20780.75;20781;20748.25;20749.25;2167
20250113 144700;20748.75;20761.5;20740;20747.5;1773
20250113 144800;20747.75;20758.75;20736;20746;1388
20250113 144900;20745;20772;20743.75;20752.75;1757
20250113 145000;20752.5;20777.75;20747.75;20752.5;2158
20250113 145100;20752.25;20762.75;20748;20754.5;1262
20250113 145200;20752.5;20782.25;20745.75;20774;1982
20250113 145300;20773.75;20779.5;20763;20773;1182
20250113 145400;20772.5;20794.75;20764.75;20792;1906
20250113 145500;20791.25;20826.25;20790.25;20808.75;3191
20250113 145600;20808.5;20823.25;20802.5;20821.75;1544
20250113 145700;20820.5;20841.5;20813.25;20830;2089
20250113 145800;20831;20832.25;20805.75;20807;1803
20250113 145900;20808.5;20817;20790.75;20802;1965
20250113 150000;20802.5;20810.25;20789;20801.75;1583
20250113 150100;20802;20802.5;20782.5;20790.75;2047
20250113 150200;20790.75;20795.75;20774.25;20787.5;1663
20250113 150300;20787;20801.25;20778;20796;1507
20250113 150400;20796.75;20802.25;20779.75;20796.75;1229
20250113 150500;20797.75;20822;20797.25;20802.75;1793
20250113 150600;20802.5;20825;20793;20821.5;1250
20250113 150700;20822;20854;20815.5;20849;2551
20250113 150800;20848.75;20855.5;20826.25;20830;2276
20250113 150900;20829.5;20831;20815.25;20827.25;1402
20250113 151000;20825.75;20827.5;20797.75;20801.25;1590
20250113 151100;20800.5;20805;20787;20790.25;1466
20250113 151200;20791.5;20793.5;20779.5;20787.75;1553
20250113 151300;20786;20791.5;20776.25;20782.25;937
20250113 151400;20782.25;20787.25;20777.75;20782.5;895
20250113 151500;20781.25;20784.5;20770;20772.25;1025
20250113 151600;20773.5;20784.25;20755;20762;2637
20250113 151700;20761.25;20782.75;20755.75;20772.75;1722
20250113 151800;20773.25;20784;20770.5;20776.25;787
20250113 151900;20776.75;20797.25;20775.5;20794.5;1454
20250113 152000;20795.25;20796.75;20785.5;20786;848
20250113 152100;20785.25;20814.5;20783.5;20801.75;1853
20250113 152200;20801.75;20808;20790;20799.75;985
20250113 152300;20798.75;20799;20774;20775;1112
20250113 152400;20774.5;20780.5;20763.5;20769.25;1837
20250113 152500;20768.25;20769.5;20744.25;20750.25;2327
20250113 152600;20750.75;20753.25;20732.25;20736;2088
20250113 152700;20734.75;20745.5;20721;20723;1802
20250113 152800;20723.5;20733.5;20718.25;20730.5;1657
20250113 152900;20731.75;20737.5;20723.25;20724.5;1110
20250113 153000;20724.75;20727.25;20714.25;20717.25;1292
20250113 153100;20718.5;20749.75;20717;20749.25;2242
20250113 153200;20749;20776.5;20748.75;20760.75;2637
20250113 153300;20761;20769.75;20750.75;20757.25;1275
20250113 153400;20757;20770;20751.25;20765.25;1006
20250113 153500;20764.25;20767.5;20755.5;20759.75;761
20250113 153600;20759.25;20772.5;20755.75;20769.75;879
20250113 153700;20769.25;20798.5;20769.25;20790.75;1892
20250113 153800;20789.25;20803;20785.25;20799.75;1179
20250113 153900;20799.75;20817;20795.25;20816;1180
20250113 154000;20815.5;20834.75;20815;20829.5;2133
20250113 154100;20829.25;20843.5;20814.75;20816.25;2129
20250113 154200;20816.25;20830.5;20808.25;20825.25;1426
20250113 154300;20824.5;20850.5;20824;20845.75;1549
20250113 154400;20845.75;20846.5;20834.75;20841.75;1024
20250113 154500;20841.5;20863.75;20841;20855;2395
20250113 154600;20855.75;20870;20848.25;20857;2289
20250113 154700;20857;20870.25;20846.5;20868.5;1412
20250113 154800;20868;20874;20856.25;20864.5;1445
20250113 154900;20864.5;20875.5;20859.75;20872.75;1498
20250113 155000;20871.5;20880;20860.25;20878;1082
20250113 155100;20878;20880.25;20854.75;20861.75;1633
20250113 155200;20862;20864;20848.75;20856;1332
20250113 155300;20855.25;20855.25;20824.5;20825.25;2193
20250113 155400;20825.25;20831.25;20817.25;20823.25;1537
20250113 155500;20824;20829.75;20816.25;20822.5;1062
20250113 155600;20822.75;20835.25;20819.75;20822.5;1080
20250113 155700;20822.75;20825.5;20809;20816.75;1236
20250113 155800;20816;20824;20808.5;20809.25;797
20250113 155900;20810;20813.75;20797.5;20799;1310
20250113 160000;20800;20805;20793.5;20798.25;816
20250113 160100;20798.75;20813.25;20794.5;20794.5;1364
20250113 160200;20794.5;20816.5;20793.5;20806.25;1066
20250113 160300;20805.5;20814.5;20795.5;20798.5;860
20250113 160400;20798.5;20814.25;20790.5;20798;1100
20250113 160500;20799;20804.5;20779.5;20785.5;1391
20250113 160600;20785.75;20789.5;20768.25;20769.5;1349
20250113 160700;20769.5;20771;20758.5;20766;1903
20250113 160800;20765.75;20776;20757;20773.75;1301
20250113 160900;20773.5;20778.75;20768;20771;871
20250113 161000;20770;20770;20758;20765.5;886
20250113 161100;20765;20782.5;20764.75;20772.5;1122
20250113 161200;20772.25;20773;20758.5;20767.25;795
20250113 161300;20767;20772.75;20758.25;20768.75;718
20250113 161400;20768.75;20768.75;20750.25;20758.75;1413
20250113 161500;20758.75;20771.25;20755.5;20767;884
20250113 161600;20766.25;20779;20763.75;20778.75;928
20250113 161700;20778.5;20779.25;20765.5;20768.75;892
20250113 161800;20768.75;20772.75;20748.75;20755;1280
20250113 161900;20754.75;20763.25;20750.75;20759.5;824
20250113 162000;20761.25;20764.75;20753.25;20763.25;603
20250113 162100;20763.5;20767.25;20751.5;20759;735
20250113 162200;20759.5;20759.5;20743.75;20757.5;1259
20250113 162300;20757.75;20773.75;20755.75;20773.75;1105
20250113 162400;20774;20778;20768.25;20772.5;974
20250113 162500;20772.75;20777.75;20753.25;20759;2107
20250113 162600;20759.25;20767.75;20757.25;20767.75;680
20250113 162700;20768.5;20772.5;20752.75;20753.25;738
20250113 162800;20752.75;20769.25;20752.75;20763.75;673
20250113 162900;20764.25;20767.75;20759.25;20762.5;563
20250113 163000;20763.5;20766;20753.75;20755.5;568
20250113 163100;20754.75;20766.75;20751.25;20761.75;1014
20250113 163200;20762;20772.25;20757.75;20767.25;628
20250113 163300;20766.75;20772.75;20762.5;20772.25;746
20250113 163400;20773;20779;20766.75;20770.5;999
20250113 163500;20770.5;20785.75;20768.75;20774.75;1255
20250113 163600;20774.25;20804;20773;20802.25;1901
20250113 163700;20802.25;20809;20779.75;20781.25;1517
20250113 163800;20781.5;20781.5;20768.25;20769.5;1303
20250113 163900;20769.25;20774.25;20764.5;20771.5;678
20250113 164000;20772.25;20773.25;20759.25;20765.75;1204
20250113 164100;20766.25;20785;20765;20780.5;1074
20250113 164200;20780.75;20810;20778.5;20801.25;1468
20250113 164300;20801.5;20806.75;20796.5;20798.75;846
20250113 164400;20799.5;20819.75;20799.5;20814;1464
20250113 164500;20813;20826.5;20808;20817;1141
20250113 164600;20817.25;20819;20801.5;20806.75;1117
20250113 164700;20806.75;20814;20803.5;20810.5;670
20250113 164800;20809.75;20816.5;20801.5;20802;645
20250113 164900;20801.5;20806.5;20797.25;20804;715
20250113 165000;20803.5;20813.75;20797.25;20805.5;1102
20250113 165100;20805;20811.75;20789;20792.75;1135
20250113 165200;20792.75;20800.5;20788.25;20793.5;821
20250113 165300;20792.75;20799.5;20786.75;20792.75;611
20250113 165400;20793.25;20795;20781.75;20784.5;1124
20250113 165500;20784;20789;20771.75;20773.75;1116
20250113 165600;20773.25;20773.75;20756;20756.25;1587
20250113 165700;20757.25;20762.25;20745.5;20749.25;1330
20250113 165800;20749.75;20751;20741.5;20744.75;1059
20250113 165900;20745.25;20747;20727;20742;2144
20250113 170000;20740.5;20746.75;20729.75;20737.5;1392
20250113 170100;20737.5;20742.75;20725.25;20730.5;1168
20250113 170200;20730.75;20732.25;20718.25;20725.25;1299
20250113 170300;20724.25;20748.75;20721.25;20745.25;1532
20250113 170400;20745.75;20762.5;20739;20752.25;1648
20250113 170500;20752;20764.75;20743.5;20745.25;1201
20250113 170600;20745.5;20753.5;20741.25;20747.5;697
20250113 170700;20747.75;20750;20737.25;20741;729
20250113 170800;20740.25;20778.75;20737.75;20770.5;1731
20250113 170900;20770.75;20783.5;20762.25;20771;1524
20250113 171000;20770.5;20788.5;20769.25;20785.5;1314
20250113 171100;20785.75;20794;20784.75;20787.75;952
20250113 171200;20788.75;20801;20785.5;20794.25;1086
20250113 171300;20793.25;20805;20791.5;20795.75;870
20250113 171400;20795.25;20803;20793.25;20800.75;692
20250113 171500;20800.75;20814;20800.75;20812;1002
20250113 171600;20810.75;20820;20802.5;20818;1319
20250113 171700;20817.75;20823.75;20804.5;20822.5;1068
20250113 171800;20823;20824.75;20811;20812.25;911
20250113 171900;20813;20823;20812;20823;768
20250113 172000;20822.75;20838;20822.75;20832.5;1786
20250113 172100;20833;20839;20825;20834.75;884
20250113 172200;20834.5;20845.75;20829.75;20836.5;1036
20250113 172300;20835.75;20848;20833.75;20847;732
20250113 172400;20846.75;20854.75;20839.5;20845;1394
20250113 172500;20845.5;20854.25;20842.25;20844.5;1256
20250113 172600;20844.25;20854.5;20840.5;20850.25;935
20250113 172700;20850.25;20862.25;20845;20857;1361
20250113 172800;20857;20861.5;20853.75;20858.25;701
20250113 172900;20858;20859;20844.5;20853.25;1031
20250113 173000;20852.5;20853;20844;20847.75;1003
20250113 173100;20847;20848.25;20830.25;20835.75;1868
20250113 173200;20836.5;20856.5;20834;20848.25;1487
20250113 173300;20847;20852.5;20844.25;20847.5;579
20250113 173400;20848.5;20859;20847.75;20857.25;983
20250113 173500;20857.5;20863;20850.5;20860;1091
20250113 173600;20859.5;20862.5;20849;20853;797
20250113 173700;20853;20860.25;20850.5;20857.25;911
20250113 173800;20858.25;20865.25;20852;20861.75;811
20250113 173900;20861.25;20861.5;20836.75;20838.75;1413
20250113 174000;20840;20840.5;20830.25;20830.5;1284
20250113 174100;20830.5;20833.75;20821.5;20829.5;1159
20250113 174200;20829.25;20840;20827;20833;585
20250113 174300;20833;20839.5;20828.75;20831;590
20250113 174400;20830.75;20832.25;20821.75;20823.5;627
20250113 174500;20823.5;20826;20817.5;20824;814
20250113 174600;20824;20842.75;20818;20841.75;1211
20250113 174700;20842;20842.25;20830.5;20839.25;758
20250113 174800;20839.75;20846;20837;20842.5;643
20250113 174900;20842.5;20850.25;20838;20841.25;609
20250113 175000;20840.25;20842.25;20830;20840.75;594
20250113 175100;20840.75;20847.5;20835.5;20843.25;620
20250113 175200;20842.5;20853.25;20836.75;20851.5;734
20250113 175300;20852.25;20868;20846.5;20850.5;1643
20250113 175400;20851.25;20855;20839.75;20841.75;665
20250113 175500;20842.25;20844.75;20835;20843.75;585
20250113 175600;20844.5;20851.5;20843;20849.5;516
20250113 175700;20850;20855.5;20843.25;20852;552
20250113 175800;20850.75;20871;20850.25;20865.75;1301
20250113 175900;20866.25;20884;20864.75;20881.5;1835
20250113 180000;20882.25;20895;20881;20890;1760
20250113 180100;20890;20893.25;20879;20880.5;1489
20250113 180200;20880.25;20895.5;20879.25;20892.5;1035
20250113 180300;20892.5;20894;20878.25;20884.75;828
20250113 180400;20884.25;20900;20884;20896.5;849
20250113 180500;20897;20899.75;20886.5;20886.5;763
20250113 180600;20886.25;20889;20868;20871.25;1304
20250113 180700;20871;20884.25;20870.25;20883;691
20250113 180800;20883.5;20892;20879.75;20892;589
20250113 180900;20891.25;20896.25;20888.75;20889;769
20250113 181000;20889.25;20889.25;20877.5;20879.25;717
20250113 181100;20880;20899.25;20880;20896;697
20250113 181200;20895.75;20896.25;20888.25;20892;536
20250113 181300;20892.5;20895;20881.75;20893.25;581
20250113 181400;20894;20897.5;20888.25;20889.75;462
20250113 181500;20889;20894;20888;20892.25;310
20250113 181600;20892.25;20893.5;20881;20889.5;595
20250113 181700;20890;20893;20886.75;20889.75;456
20250113 181800;20889.25;20889.25;20874.25;20878;976
20250113 181900;20877.75;20879;20864.5;20866;1053
20250113 182000;20866.5;20868;20858.5;20864;1169
20250113 182100;20864.5;20867;20858.5;20866;615
20250113 182200;20866.75;20871;20860;20860.25;602
20250113 182300;20860;20869.25;20856.5;20865;701
20250113 182400;20864;20866;20858.5;20858.75;393
20250113 182500;20859.75;20869.25;20856.25;20868.75;506
20250113 182600;20869.25;20879.25;20865.5;20876.75;1157
20250113 182700;20876.75;20877.75;20869.25;20872;459
20250113 182800;20871.25;20877;20861.75;20866;507
20250113 182900;20866;20876;20866;20875;481
20250113 183000;20875.25;20893.75;20874.5;20892;1006
20250113 183100;20892.5;20908.5;20890.5;20899.5;3026
20250113 183200;20899;20899.75;20874.25;20877.25;1643
20250113 183300;20878;20891;20875.5;20889.5;678
20250113 183400;20889.75;20897.25;20886.5;20895.25;572
20250113 183500;20896;20902.5;20892.75;20900.75;672
20250113 183600;20900;20904;20895.5;20902.5;496
20250113 183700;20901.75;20906.75;20894;20899.5;629
20250113 183800;20899.75;20901;20882.75;20885;900
20250113 183900;20886.25;20893.75;20878.5;20893;562
20250113 184000;20893;20898.5;20884;20897.75;587
20250113 184100;20898;20898;20889;20892.5;398
20250113 184200;20892.25;20892.75;20880;20882.5;512
20250113 184300;20882.25;20882.25;20872;20878;595
20250113 184400;20878.5;20878.5;20868.75;20872.5;365
20250113 184500;20872.75;20873.5;20862.25;20869.75;942
20250113 184600;20869;20880.25;20864.75;20878.75;601
20250113 184700;20878.75;20897;20878.5;20895.75;1012
20250113 184800;20895;20900.75;20891.5;20894.75;639
20250113 184900;20895;20899.5;20892.25;20897.5;459
20250113 185000;20897;20913.75;20895.75;20906.5;1608
20250113 185100;20908;20910.5;20901.25;20904.75;730
20250113 185200;20904.75;20905.5;20896.5;20903.5;601
20250113 185300;20902.75;20910;20898.75;20901.25;514
20250113 185400;20901;20901.25;20892.5;20894;535
20250113 185500;20893.25;20895.25;20875.75;20877.25;978
20250113 185600;20877.5;20880.75;20871.5;20878.5;824
20250113 185700;20878.75;20884.75;20876.5;20882.5;488
20250113 185800;20882.5;20887.75;20881.25;20885.5;398
20250113 185900;20886.5;20893.5;20881.75;20889.75;499
20250113 190000;20890;20896.25;20886.75;20892.5;519
20250113 190100;20891.75;20897;20889.5;20895.25;498
20250113 190200;20895;20903.25;20892.75;20897.25;612
20250113 190300;20897.25;20897.75;20879.5;20881.5;903
20250113 190400;20881.25;20882;20869.5;20877;891
20250113 190500;20877.25;20882.25;20874.5;20878.5;350
20250113 190600;20878.75;20893.5;20874;20891.5;644
20250113 190700;20891;20892.5;20880;20880.75;597
20250113 190800;20880.75;20882.75;20875.25;20877.5;446
20250113 190900;20876.5;20878.5;20866.75;20872.75;654
20250113 191000;20872.75;20875.25;20869;20870.75;600
20250113 191100;20870.25;20885.25;20868;20883.5;738
20250113 191200;20884;20886.75;20876.25;20878.25;545
20250113 191300;20877.75;20880.25;20871.25;20876;420
20250113 191400;20876;20876;20861.75;20864.25;913
20250113 191500;20862.25;20864.25;20848.5;20851;1983
20250113 191600;20851;20853;20842;20847.5;1110
20250113 191700;20847;20860.5;20845.25;20857.25;765
20250113 191800;20858;20860;20848;20848;591
20250113 191900;20848.5;20855.75;20847.25;20851.75;348
20250113 192000;20851.25;20858;20839.75;20844;772
20250113 192100;20844;20850.75;20835.25;20845;872
20250113 192200;20846.75;20853.75;20846.5;20851.75;503
20250113 192300;20852.75;20862.5;20846.75;20859.5;727
20250113 192400;20859.25;20864.5;20852.5;20858;632
20250113 192500;20858.25;20870.5;20855;20861.75;754
20250113 192600;20861.5;20866.5;20856.75;20865.25;534
20250113 192700;20865.25;20878.5;20865.25;20878.5;726
20250113 192800;20878.25;20883;20869;20875.25;860
20250113 192900;20874;20889.25;20869.75;20886.25;751
20250113 193000;20885.5;20895;20883.25;20893;769
20250113 193100;20892.75;20893.75;20882.25;20884.75;707
20250113 193200;20884;20889.75;20880;20887.75;580
20250113 193300;20887.75;20900;20887;20896.5;676
20250113 193400;20897;20901.75;20883.5;20885;804
20250113 193500;20885;20890.25;20879.25;20889.75;626
20250113 193600;20889.5;20891.5;20880;20886.5;546
20250113 193700;20887.25;20889.5;20874;20875.25;676
20250113 193800;20875.25;20890.5;20872.5;20887;713
20250113 193900;20887.25;20897;20885.5;20896.75;573
20250113 194000;20896.75;20908.75;20896;20902.75;1024
20250113 194100;20903.5;20905.75;20899.75;20902.75;527
20250113 194200;20902;20920;20899.75;20919;1317
20250113 194300;20919.25;20926;20915.75;20924.75;1096
20250113 194400;20925.5;20926.5;20919;20921.75;660
20250113 194500;20921.75;20925.25;20914.5;20917;815
20250113 194600;20917;20919.25;20908.75;20913.75;884
20250113 194700;20914.25;20917.75;20903;20903.75;692
20250113 194800;20903.5;20904.75;20879.75;20880;1289
20250113 194900;20880.5;20894.5;20880.5;20887.75;702
20250113 195000;20890.25;20891.75;20871;20876.5;1105
20250113 195100;20876.75;20895;20872.75;20888.5;967
20250113 195200;20888.75;20892.75;20875;20882;680
20250113 195300;20882;20884.25;20869;20874.5;742
20250113 195400;20874.75;20881.5;20872.5;20877;473
20250113 195500;20878;20885;20878;20883.5;429
20250113 195600;20882.5;20898.5;20882.25;20897;905
20250113 195700;20897.25;20910.75;20896;20909;1009
20250113 195800;20909.25;20910.5;20899.25;20900;797
20250113 195900;20901;20911.25;20898;20909;570
20250113 200000;20909.75;20910.5;20901.5;20906.25;574
20250113 200100;20905.5;20906.75;20882.75;20889.5;2376
20250113 200200;20889.25;20896.25;20884;20890.5;668
20250113 200300;20890.25;20900;20890;20894.75;631
20250113 200400;20895.25;20900.25;20889;20889.75;409
20250113 200500;20890;20897.75;20886.5;20888.25;461
20250113 200600;20887;20901.5;20886;20899.75;467
20250113 200700;20898.5;20904;20893.25;20897;615
20250113 200800;20898;20906.75;20890;20903.25;655
20250113 200900;20902.5;20908;20901;20905.25;527
20250113 201000;20904.75;20908;20889.75;20893.75;537
20250113 201100;20892.75;20897;20889.25;20894;515
20250113 201200;20893;20895.75;20886.75;20894.25;582
20250113 201300;20894.25;20899.5;20890;20898;458
20250113 201400;20898.25;20901.25;20890.25;20890.5;411
20250113 201500;20890.75;20896.25;20888.75;20892.5;441
20250113 201600;20892.5;20906.5;20888;20904.5;733
20250113 201700;20905;20910;20895.5;20904.75;762
20250113 201800;20905;20910.75;20902.25;20907.25;419
20250113 201900;20907;20916.5;20907;20914;598
20250113 202000;20913.25;20921;20907.25;20919.25;649
20250113 202100;20918.75;20924;20914.5;20915.25;731
20250113 202200;20914.25;20917;20908.5;20909.5;503
20250113 202300;20909.25;20911.5;20894.5;20902.75;997
20250113 202400;20902.5;20902.5;20887.75;20889;758
20250113 202500;20888.75;20889.5;20877.5;20879.5;933
20250113 202600;20879.5;20887.75;20874.5;20879.75;939
20250113 202700;20880.5;20885.75;20874.75;20879;463
20250113 202800;20880.25;20888.5;20873.75;20887.5;777
20250113 202900;20888;20895.25;20883;20893.5;715
20250113 203000;20893.75;20894.75;20882;20884;569
20250113 203100;20883.5;20890.5;20882.25;20887.25;655
20250113 203200;20886.25;20886.25;20876;20877.25;563
20250113 203300;20878.5;20888.5;20878;20882.75;467
20250113 203400;20882.5;20901;20882.5;20898;837
20250113 203500;20897.5;20902.75;20895.5;20897.75;564
20250113 203600;20897;20900.5;20888.5;20894.5;823
20250113 203700;20894.25;20898.5;20884.5;20895.75;771
20250113 203800;20895.5;20903.5;20886.75;20902.5;563
20250113 203900;20902.25;20906.75;20897.25;20898.5;468
20250113 204000;20897.5;20898.75;20881.25;20883.5;624
20250113 204100;20883.5;20894.5;20882.75;20893;684
20250113 204200;20892.5;20896.5;20886.75;20895.75;575
20250113 204300;20896;20900;20893.5;20898;511
20250113 204400;20898;20901.25;20894.75;20896.75;432
20250113 204500;20896.75;20896.75;20890.5;20893.75;668
20250113 204600;20893.75;20907.75;20890.5;20906.25;1057
20250113 204700;20906;20908.75;20899;20902.25;869
20250113 204800;20901.75;20902;20890.75;20894;608
20250113 204900;20893.75;20905;20892;20901.75;543
20250113 205000;20902.25;20903.25;20894.75;20898.25;639
20250113 205100;20897.75;20932.5;20894.75;20931;2112
20250113 205200;20931;20937.25;20927;20933.5;1402
20250113 205300;20933;20939.25;20923.75;20934.5;1034
20250113 205400;20934;20936;20928;20929.5;980
20250113 205500;20929.25;20936.5;20918.5;20935.5;1469
20250113 205600;20935;20957.25;20932.25;20952.25;2252
20250113 205700;20951.5;20964;20949.5;20958.5;1322
20250113 205800;20959.25;20959.5;20946;20954.75;1353
20250113 205900;20954.75;20964.5;20953.25;20960.25;1175
20250113 210000;20960.5;20961.75;20938.25;20947.5;5583
20250113 210100;20947.75;20959.25;20937.5;20956.75;3223
20250113 210200;20957;20968;20954;20967.75;1061
20250113 210300;20967.75;20978.25;20967;20974.75;1004
20250113 210400;20974.75;20975.5;20962.5;20967;571
20250113 210500;20966.5;20966.75;20957.5;20960;636
20250113 210600;20960.25;20965.25;20956.25;20961.75;393
20250113 210700;20962.5;20968.25;20961.75;20964.25;196
20250113 210800;20964.25;20970.75;20961;20967.75;338
20250113 210900;20968;20973;20964.5;20971;304
20250113 211000;20971.5;20975.5;20969;20972.75;375
20250113 211100;20972.75;20975;20967.25;20974.5;335
20250113 211200;20975;20976.25;20968.5;20970;284
20250113 211300;20970;20970.25;20963.25;20968;308
20250113 211400;20968.25;20968.75;20965;20968.5;202
20250113 211500;20968;20971.5;20963;20971;302
20250113 211600;20971.5;20971.75;20968.5;20970.25;105
20250113 211700;20970.75;20978.25;20967.75;20976.5;239
20250113 211800;20976.5;20978.25;20974.5;20975.5;126
20250113 211900;20976;20976.75;20972.25;20974.5;143
20250113 212000;20974;20974.5;20968.75;20969.75;136
20250113 212100;20969.25;20974.5;20967.75;20971.75;110
20250113 212200;20971.5;20973;20970.25;20973;46
20250113 212300;20973.25;20976.5;20972.75;20976.5;101
20250113 212400;20976.25;20981;20974.5;20979;213
20250113 212500;20979.75;20983.25;20976.75;20977.5;178
20250113 212600;20978.25;20984;20978.25;20983.25;151
20250113 212700;20983;20989.25;20981.75;20987;298
20250113 212800;20986.5;20989.75;20985;20989;167
20250113 212900;20989.25;20989.25;20983;20987.25;163
20250113 213000;20987;20989;20985.25;20987.25;92
20250113 213100;20987.75;20992;20984.75;20986.5;279
20250113 213200;20986.25;20987.25;20981.5;20985.5;134
20250113 213300;20985.5;20989;20982.25;20988.25;128
20250113 213400;20988.75;20989;20985.25;20986.75;144
20250113 213500;20986.75;20986.75;20983.5;20985.5;68
20250113 213600;20985.75;20988;20985.75;20987;108
20250113 213700;20986;20988;20984.75;20986;70
20250113 213800;20985.75;20985.75;20983.25;20983.5;59
20250113 213900;20983.5;20984.75;20983;20983.75;98
20250113 214000;20984;20985.75;20977.75;20980.5;260
20250113 214100;20980.25;20980.25;20977.75;20978.75;82
20250113 214200;20978.25;20982;20977;20980;58
20250113 214300;20980.5;20981.25;20976;20977.25;125
20250113 214400;20978;20993.5;20977;20984.75;378
20250113 214500;20985;20986.25;20982.25;20985;100
20250113 214600;20986;20986;20974;20980.5;294
20250113 214700;20981.25;20984;20980;20982.75;97
20250113 214800;20982;20982;20974.25;20974.75;100
20250113 214900;20974;20983.25;20973.5;20982.75;106
20250113 215000;20983;20985.5;20982.25;20982.5;65
20250113 215100;20982.25;20983;20979.75;20979.75;86
20250113 215200;20980;20983.25;20978.75;20983.25;64
20250113 215300;20983.25;20985.25;20982;20984.75;54
20250113 215400;20985;20985.5;20980.25;20980.75;56
20250113 215500;20981;20983;20978.75;20979.75;85
20250113 215600;20980.75;20981.25;20976.5;20979.75;125
20250113 215700;20979.5;20982;20978.5;20981.75;50
20250113 215800;20982;20986.25;20981.5;20986;92
20250113 215900;20986;20995.5;20986;20993.75;199
20250113 220000;20993;20996.5;20991.25;20992.25;189
20250113 230100;21020;21031;21016.5;21028.5;470
20250113 230200;21028.75;21030;21011;21016.25;387
20250113 230300;21014.75;21020.75;21012;21018.25;167
20250113 230400;21016;21020;21012.75;21019;74
20250113 230500;21020;21023;21017;21022.5;78
20250113 230600;21022.75;21034.25;21020;21034.25;219
20250113 230700;21032;21040.5;21030;21033.5;265
20250113 230800;21033.75;21039.75;21032.25;21039.75;116
20250113 230900;21038.75;21044.25;21038.5;21044.25;188
20250113 231000;21044.75;21046;21041.5;21042.75;126
20250113 231100;21043;21044;21038;21039.5;148
20250113 231200;21039.25;21046.75;21038.25;21043.75;197
20250113 231300;21044;21049;21044;21048.25;100
20250113 231400;21047;21048;21041.5;21041.5;109
20250113 231500;21042;21042.25;21034.25;21039.75;184
20250113 231600;21040;21044;21037.5;21043;93
20250113 231700;21042.75;21045;21042.75;21045;43
20250113 231800;21045;21045.75;21037.25;21037.75;87
20250113 231900;21037.25;21043;21036;21043;51
20250113 232000;21043;21043.25;21040;21041.75;44
20250113 232100;21041.75;21042.75;21039.5;21040.5;61
20250113 232200;21040.25;21042.5;21040;21040.75;18
20250113 232300;21040.5;21040.75;21038;21039.5;49
20250113 232400;21038.25;21041.25;21038;21040.25;70
20250113 232500;21040.5;21040.75;21035.75;21038;50
20250113 232600;21038.25;21040;21037.5;21039.25;54
20250113 232700;21040;21043.25;21039.5;21043;60
20250113 232800;21042.5;21046.25;21040;21040.25;141
20250113 232900;21041;21042;21038.25;21040;47
20250113 233000;21040.25;21042.75;21039.5;21042.75;22
20250113 233100;21043;21047;21043;21047;125
20250113 233200;21046.25;21054.75;21045;21052.25;244
20250113 233300;21054;21062.25;21053.75;21059.75;323
20250113 233400;21059.5;21069;21059;21068.25;190
20250113 233500;21067.75;21071.75;21064.75;21070.5;140
20250113 233600;21070.75;21073.25;21066.75;21066.75;184
20250113 233700;21067;21072.5;21066.25;21070.5;107
20250113 233800;21070.5;21073.5;21067.25;21072.5;137
20250113 233900;21072.5;21077;21071.25;21076.25;192
20250113 234000;21075.5;21088.5;21074.5;21087.75;366
20250113 234100;21086.75;21087.5;21079.25;21081.75;206
20250113 234200;21080.75;21081.25;21076;21078.5;84
20250113 234300;21078.5;21078.5;21070.25;21072.75;147
20250113 234400;21072.75;21076.75;21070.75;21074.75;87
20250113 234500;21075;21078;21072.75;21073.75;110
20250113 234600;21074;21074.75;21066;21066.5;177
20250113 234700;21067.25;21076.75;21067.25;21075.75;55
20250113 234800;21076.5;21078.5;21071.5;21075.25;119
20250113 234900;21074.25;21074.25;21070.5;21072.5;40
20250113 235000;21071.25;21072.25;21066.75;21068.25;75
20250113 235100;21067.5;21073;21067.5;21070.75;83
20250113 235200;21070;21071.25;21067.5;21071.25;66
20250113 235300;21072.25;21074.5;21059;21060.75;318
20250113 235400;21061.75;21062.25;21052.75;21056.25;189
20250113 235500;21056;21056.75;21053.5;21055.5;57
20250113 235600;21055.25;21057.5;21052.25;21056.25;70
20250113 235700;21055.5;21057;21053;21055.75;57
20250113 235800;21055;21055;21046.5;21048;149
20250113 235900;21047.5;21050.5;21045.25;21047.5;128
20250114 000000;21047.25;21049;21045.75;21046;81
20250114 000100;21046.25;21053.25;21044.25;21045.75;251
20250114 000200;21045.25;21046.5;21038.5;21040;280
20250114 000300;21040.25;21047.5;21036;21037;234
20250114 000400;21037.5;21042;21035;21040.25;139
20250114 000500;21041.25;21042;21033.25;21034.25;102
20250114 000600;21034;21039.5;21032.5;21037.5;88
20250114 000700;21037;21039.5;21035.75;21037.25;50
20250114 000800;21037.25;21041;21035.5;21040.5;79
20250114 000900;21040.75;21043.25;21039;21040.25;58
20250114 001000;21041;21041.25;21033.75;21033.75;74
20250114 001100;21035.5;21038;21034.75;21037.25;68
20250114 001200;21038;21039.75;21036.75;21036.75;49
20250114 001300;21035.75;21035.75;21028;21033;129
20250114 001400;21032.75;21035.5;21032.5;21033.25;82
20250114 001500;21032.75;21039;21032.75;21037;65
20250114 001600;21037.25;21042.5;21036.5;21041.75;132
20250114 001700;21041.5;21043.5;21039.25;21040.5;80
20250114 001800;21040;21041.75;21038.75;21041;52
20250114 001900;21040;21048.5;21039.75;21048;142
20250114 002000;21047.5;21051.25;21046.5;21048.75;180
20250114 002100;21049.5;21051;21047.75;21048.25;72
20250114 002200;21048.75;21049;21044;21045.25;87
20250114 002300;21045;21045;21039.5;21039.75;67
20250114 002400;21041;21042.75;21035;21036.75;94
20250114 002500;21036.75;21040;21036.75;21038.25;55
20250114 002600;21038;21044.25;21037.5;21038.5;99
20250114 002700;21037.75;21040;21033.5;21038.5;94
20250114 002800;21039.75;21039.75;21038.5;21039.5;16
20250114 002900;21039.5;21041;21036.75;21036.75;44
20250114 003000;21036.75;21040.75;21035;21039;66
20250114 003100;21040.5;21042.25;21038.5;21039.75;47
20250114 003200;21038.75;21041.25;21038;21039.25;47
20250114 003300;21039.5;21039.5;21033;21033.75;82
20250114 003400;21034.75;21039;21034;21038.75;37
20250114 003500;21038.75;21039.75;21035.25;21035.75;68
20250114 003600;21036.25;21036.25;21033.25;21033.5;35
20250114 003700;21035.75;21037;21034.75;21035.75;28
20250114 003800;21035.25;21038.25;21035;21038.25;17
20250114 003900;21037.25;21038.5;21035;21035;24
20250114 004000;21034.75;21040;21034.5;21036.75;68
20250114 004100;21036;21037.75;21035.25;21035.75;23
20250114 004200;21036.5;21037.5;21035;21035.5;35
20250114 004300;21035.75;21035.75;21034;21034.75;17
20250114 004400;21034.5;21036.5;21034.5;21035.75;17
20250114 004500;21035.5;21036.75;21033.5;21033.5;32
20250114 004600;21034.75;21041.5;21033.75;21041.5;52
20250114 004700;21041.75;21042.75;21038.5;21042.75;69
20250114 004800;21043;21043;21039.75;21039.75;26
20250114 004900;21040.75;21046.25;21040.75;21044;62
20250114 005000;21044.25;21046;21043.25;21044;51
20250114 005100;21043.75;21053.75;21042.75;21050.25;222
20250114 005200;21050;21051;21046.75;21047.75;87
20250114 005300;21048.25;21049;21045.75;21046.5;32
20250114 005400;21047;21047.25;21043.25;21044.75;92
20250114 005500;21044.75;21053;21044.5;21051;127
20250114 005600;21050.5;21054.25;21050.5;21053.5;108
20250114 005700;21052.5;21056;21051.5;21051.5;95
20250114 005800;21051.75;21052;21047.5;21051.25;87
20250114 005900;21051.5;21054.25;21050.75;21053.75;47
20250114 010000;21053.25;21053.5;21050.75;21053;56
20250114 010100;21052;21052;21039;21040.5;178
20250114 010200;21041.25;21042;21037.75;21038.5;63
20250114 010300;21038.25;21039.5;21035.75;21036.25;93
20250114 010400;21035.75;21035.75;21031.25;21033.5;97
20250114 010500;21033.25;21038.5;21032;21037;77
20250114 010600;21035.5;21039.5;21033.25;21037.25;40
20250114 010700;21036.5;21038;21034.25;21036.5;33
20250114 010800;21036.25;21039.75;21036;21037;34
20250114 010900;21037;21039.75;21036;21038.25;34
20250114 011000;21037.5;21043.5;21036.75;21041.25;92
20250114 011100;21041.25;21045;21040.5;21040.5;78
20250114 011200;21040.5;21041.25;21033.25;21036.25;90
20250114 011300;21035.25;21036.5;21033.5;21036;32
20250114 011400;21036.25;21039.25;21036.25;21039.25;54
20250114 011500;21039;21042.75;21038;21038.75;53
20250114 011600;21040.75;21040.75;21037;21040.25;20
20250114 011700;21040.5;21041.25;21039;21040.25;21
20250114 011800;21039.5;21040.75;21039.25;21039.25;10
20250114 011900;21037.25;21038.75;21036.5;21037.25;30
20250114 012000;21036.75;21036.75;21034.5;21036.25;62
20250114 012100;21036;21037;21034.25;21034.25;27
20250114 012200;21034.5;21035.25;21032.25;21034.75;63
20250114 012300;21034.25;21035.5;21033.5;21034.25;26
20250114 012400;21034;21036.75;21032.5;21035;47
20250114 012500;21035;21038.75;21035;21037.25;56
20250114 012600;21037.5;21037.5;21035;21036.25;23
20250114 012700;21036.25;21037.25;21033.5;21035.25;33
20250114 012800;21035;21035;21030.25;21032.75;102
20250114 012900;21032.25;21034;21029.5;21030.25;45
20250114 013000;21029.5;21031.25;21028.5;21028.5;78
20250114 013100;21029;21032.25;21025.75;21030.25;158
20250114 013200;21030;21031.5;21026.5;21026.5;47
20250114 013300;21027.5;21034.75;21026.5;21033.25;114
20250114 013400;21032.25;21034.75;21026.25;21026.75;51
20250114 013500;21026.75;21027.5;21022;21026;133
20250114 013600;21024.5;21030.25;21024.5;21027.25;26
20250114 013700;21027.75;21029;21026.5;21027.25;23
20250114 013800;21027.5;21029.75;21027;21029;29
20250114 013900;21028;21032.75;21028;21031.25;53
20250114 014000;21031;21035;21031;21034.25;44
20250114 014100;21034.75;21039;21034.25;21035.5;65
20250114 014200;21035.75;21036.75;21032.25;21032.5;35
20250114 014300;21032.25;21033.25;21027.5;21028.5;41
20250114 014400;21029.25;21029.25;21025.75;21026.25;27
20250114 014500;21027.5;21031.5;21027.5;21029;35
20250114 014600;21029.25;21030;21028;21028.75;25
20250114 014700;21028.25;21029.5;21026.25;21028.5;27
20250114 014800;21028;21028;21021.25;21025.5;68
20250114 014900;21024.75;21026.5;21023;21026.5;39
20250114 015000;21025.5;21028.75;21024.5;21027.5;47
20250114 015100;21028.25;21028.25;21023.75;21025.25;33
20250114 015200;21025;21026.5;21022.25;21022.25;37
20250114 015300;21022;21027.5;21021.5;21025;72
20250114 015400;21025;21026.5;21024.5;21026.5;18
20250114 015500;21026.75;21028.5;21026;21027.5;23
20250114 015600;21027;21027.75;21025.5;21026.75;49
20250114 015700;21028;21029;21023.75;21026.25;49
20250114 015800;21025.5;21027.25;21024.75;21027.25;11
20250114 015900;21027.75;21029;21026.25;21026.75;47
20250114 020000;21027.25;21027.5;21026.25;21026.5;13
20250114 020100;21027.5;21030.75;21026.75;21028.5;69
20250114 020200;21029;21032.25;21029;21031;49
20250114 020300;21029.75;21030.5;21022.5;21022.5;41
20250114 020400;21021.75;21025;21021.75;21022;32
20250114 020500;21021.5;21023.75;21021.5;21023.75;9
20250114 020600;21023.25;21023.25;21012.5;21013.5;151
20250114 020700;21012.75;21015.75;21012.5;21012.5;53
20250114 020800;21013;21015;21010.5;21015;92
20250114 020900;21015;21016;21008;21008.75;93
20250114 021000;21010.25;21011.75;21009;21010.75;47
20250114 021100;21010.25;21013.5;21004.75;21007;226
20250114 021200;21006.5;21007;21003.5;21004.5;90
20250114 021300;21004;21005.25;20998.75;21000;212
20250114 021400;21000.25;21005.5;21000;21002.75;80
20250114 021500;21003;21003;20998.75;21003;142
20250114 021600;21002.75;21003;21001.25;21001.25;47
20250114 021700;21001.5;21003;21000.75;21002.5;60
20250114 021800;21003;21003.75;20998.5;20998.75;91
20250114 021900;20998.5;20999.25;20997;20999.25;68
20250114 022000;20998.75;21003;20998.25;21002;75
20250114 022100;21001.75;21008;21001.75;21006.25;72
20250114 022200;21007.5;21012.25;21007.5;21012;149
20250114 022300;21011.25;21019.75;21011.25;21019.5;166
20250114 022400;21019.25;21020.5;21016.25;21016.75;87
20250114 022500;21017.75;21018;21014.25;21016;54
20250114 022600;21016.25;21018.75;21016;21017;47
20250114 022700;21018;21023;21017;21022.25;82
20250114 022800;21021.75;21025;21021.75;21022.25;62
20250114 022900;21022;21022;21016;21019.25;94
20250114 023000;21020;21020;21019;21019;9
20250114 023100;21018.75;21024;21018.75;21022.75;72
20250114 023200;21022.5;21022.5;21021.25;21021.25;20
20250114 023300;21020.25;21020.5;21016.75;21020;60
20250114 023400;21019.5;21019.5;21013;21014.75;70
20250114 023500;21014;21015;21012.75;21012.75;20
20250114 023600;21013.75;21017.25;21013.25;21016.75;34
20250114 023700;21016;21017.5;21015.75;21016;23
20250114 023800;21017;21017;21012.5;21012.75;32
20250114 023900;21013.75;21015;21013.75;21014;15
20250114 024000;21015;21015.25;21013;21015;26
20250114 024100;21014.25;21018.25;21013.75;21017.25;52
20250114 024200;21017;21018;21014.75;21018;34
20250114 024300;21016.75;21017.5;21015;21015.5;38
20250114 024400;21014.5;21017;21014.5;21016.75;17
20250114 024500;21017.75;21018.5;21016.75;21017.25;18
20250114 024600;21017.25;21020.25;21017.25;21019;29
20250114 024700;21018;21018.5;21015;21018.5;42
20250114 024800;21018.25;21019.5;21018;21018.5;28
20250114 024900;21017.25;21019.75;21017;21019.25;17
20250114 025000;21018.75;21019.75;21018;21019;9
20250114 025100;21019.25;21021.75;21017.75;21021.75;29
20250114 025200;21021;21027.25;21020;21027;140
20250114 025300;21027;21040;21027;21037.75;385
20250114 025400;21038.25;21039.75;21036;21036.5;76
20250114 025500;21036.5;21037.5;21034.5;21035;64
20250114 025600;21035.5;21037.25;21032.75;21035.25;58
20250114 025700;21035.5;21038.25;21033.75;21038.25;52
20250114 025800;21038.5;21044.5;21036.25;21039.75;204
20250114 025900;21040.25;21042.5;21039.75;21041.25;84
20250114 030000;21040.75;21043.25;21040.75;21043.25;60
20250114 030100;21042.25;21042.5;21030.5;21033;130
20250114 030200;21032;21035;21030.5;21034.75;44
20250114 030300;21035;21035.25;21031.5;21033.5;23
20250114 030400;21033.25;21035.25;21032;21035.25;42
20250114 030500;21034.25;21038.25;21034;21035.5;39
20250114 030600;21036.25;21042.75;21035;21041.25;85
20250114 030700;21041;21045.25;21041;21044.25;172
20250114 030800;21044.25;21045.75;21042.25;21044.5;108
20250114 030900;21043.25;21046;21040.25;21040.25;128
20250114 031000;21040.25;21044.5;21040;21043.25;52
20250114 031100;21044;21047.25;21044;21046.25;66
20250114 031200;21047.5;21048;21043.25;21044;101
20250114 031300;21044;21044.25;21042.75;21042.75;27
20250114 031400;21043;21045.25;21043;21045.25;24
20250114 031500;21045.75;21048;21045.5;21046.5;49
20250114 031600;21046.75;21046.75;21040.25;21040.75;61
20250114 031700;21041;21041;21036.25;21038.75;83
20250114 031800;21039;21039;21036.5;21037.25;36
20250114 031900;21037.5;21039.25;21036.75;21036.75;32
20250114 032000;21036.5;21038;21036.25;21036.5;23
20250114 032100;21037.75;21037.75;21033;21035;88
20250114 032200;21037;21037.5;21034.5;21036;50
20250114 032300;21035.25;21036.25;21035;21035.5;22
20250114 032400;21036.5;21037;21034.5;21035.25;25
20250114 032500;21035;21035;21031;21033;128
20250114 032600;21033.5;21037.5;21032.5;21034;42
20250114 032700;21034.25;21035;21031.5;21033;35
20250114 032800;21033;21033;21025.25;21027.5;153
20250114 032900;21027.5;21032;21026.5;21027.75;64
20250114 033000;21027.5;21037.5;21027.5;21036;154
20250114 033100;21036.5;21039.5;21034.25;21037.75;126
20250114 033200;21037.25;21038.75;21036;21036.25;33
20250114 033300;21037.75;21039.25;21035;21037;58
20250114 033400;21038;21041.5;21037.25;21038;76
20250114 033500;21037.75;21039;21036.5;21038.25;32
20250114 033600;21036;21036;21032;21032.75;40
20250114 033700;21033.75;21033.75;21030.25;21033.5;54
20250114 033800;21033.5;21037;21032.75;21035.5;34
20250114 033900;21035;21037.5;21034.75;21035.75;33
20250114 034000;21035;21037.75;21034.75;21037.75;14
20250114 034100;21036.75;21036.75;21034.25;21034.75;22
20250114 034200;21035.25;21035.25;21034.75;21034.75;4
20250114 034300;21035.25;21037.75;21035.25;21037;7
20250114 034400;21036.75;21038;21033.75;21033.75;126
20250114 034500;21033.5;21034.5;21032.5;21033.75;22
20250114 034600;21033.25;21034.25;21031;21033;51
20250114 034700;21033.75;21034.5;21030.5;21031;36
20250114 034800;21031.75;21031.75;21027;21028.5;58
20250114 034900;21028.5;21030.25;21027;21027.75;49
20250114 035000;21027.75;21029;21022;21026.5;191
20250114 035100;21028;21030.25;21025.5;21029.25;61
20250114 035200;21029.5;21033.25;21028.75;21030.75;56
20250114 035300;21030.75;21030.75;21026.75;21028;31
20250114 035400;21027;21027.75;21026;21027.75;17
20250114 035500;21027.5;21027.75;21026;21026;10
20250114 035600;21026;21030;21025.5;21029.25;28
20250114 035700;21030;21030.25;21026.75;21027.25;32
20250114 035800;21027.25;21027.25;21026;21026;11
20250114 035900;21025.5;21027.25;21023.5;21023.75;26
20250114 040000;21023.75;21025.25;21017;21018;89
20250114 040100;21018;21022;21017.75;21018.75;119
20250114 040200;21019.5;21020.25;21018;21019;27
20250114 040300;21018.25;21019.5;21017.25;21019;36
20250114 040400;21018.5;21018.5;21012.25;21015;98
20250114 040500;21015.25;21015.75;21013.75;21014;43
20250114 040600;21014;21018.5;21013.5;21018.5;48
20250114 040700;21018.75;21023.75;21018.75;21020.5;111
20250114 040800;21020.5;21023.5;21020;21022;30
20250114 040900;21023.5;21023.5;21020.75;21020.75;6
20250114 041000;21020;21021;21019.5;21020.25;23
20250114 041100;21021;21021.75;21019.75;21020.5;45
20250114 041200;21018.75;21019;21016.5;21017.25;34
20250114 041300;21019;21020.5;21019;21020.25;28
20250114 041400;21019.75;21024.75;21019.75;21023;57
20250114 041500;21024.25;21024.25;21021;21022.25;46
20250114 041600;21023.5;21024;21023.25;21023.5;8
20250114 041700;21023;21023;21020.5;21021.75;17
20250114 041800;21023.25;21024.75;21023.25;21024;22
20250114 041900;21024;21024;21020.5;21021.75;24
20250114 042000;21020.5;21021.25;21017;21019;48
20250114 042100;21019.5;21019.5;21018;21018;9
20250114 042200;21018;21021.75;21018;21021.75;17
20250114 042300;21020.75;21022.75;21019.25;21022.5;47
20250114 042400;21023;21032;21023;21030.75;230
20250114 042500;21030.75;21035.25;21029.25;21031.5;127
20250114 042600;21030.75;21030.75;21029;21029;27
20250114 042700;21029.75;21031.75;21029.75;21031;17
20250114 042800;21030.75;21030.75;21029;21029.75;12
20250114 042900;21030.5;21031.5;21030.25;21030.5;15
20250114 043000;21031.75;21032.75;21029.75;21032;22
20250114 043100;21030.75;21032.25;21030.75;21031.5;12
20250114 043200;21031.5;21033.75;21029.5;21032.5;83
20250114 043300;21032.25;21035;21032.25;21034.5;25
20250114 043400;21034;21036;21033.75;21035.5;33
20250114 043500;21035.5;21037.75;21035.25;21036;37
20250114 043600;21036;21043.75;21035.75;21042.25;110
20250114 043700;21042.5;21047;21042.25;21042.5;148
20250114 043800;21042;21045.5;21041.25;21043;39
20250114 043900;21042.5;21043;21041.25;21042;20
20250114 044000;21042.25;21045.5;21042.25;21043.75;28
20250114 044100;21044.75;21046.25;21040.75;21042.25;59
20250114 044200;21043.5;21043.75;21041.25;21042.25;48
20250114 044300;21043.25;21043.25;21041.25;21042;49
20250114 044400;21042;21043.25;21042;21043.25;9
20250114 044500;21042.75;21043.5;21040.5;21043.5;21
20250114 044600;21043;21043;21041.75;21041.75;5
20250114 044700;21042;21043.5;21041.5;21042.75;12
20250114 044800;21041.75;21042.25;21039.5;21040;20
20250114 044900;21040.5;21041.5;21038.75;21040.5;40
20250114 045000;21040.75;21041.25;21039.25;21039.75;10
20250114 045100;21039.25;21046;21038.75;21044.25;103
20250114 045200;21043;21044;21042.5;21044;15
20250114 045300;21044;21045.25;21043.75;21045;9
20250114 045400;21044.75;21044.75;21042;21043.75;27
20250114 045500;21044;21045.75;21043.75;21045.75;35
20250114 045600;21045.25;21046.25;21044;21045.25;25
20250114 045700;21045.5;21045.75;21043.75;21043.75;21
20250114 045800;21044;21044.75;21043;21044.75;10
20250114 045900;21043.5;21045;21043;21044;16
20250114 050000;21044.25;21044.5;21042.75;21043;9
20250114 050100;21043.75;21043.75;21039.75;21040.25;90
20250114 050200;21041;21044.25;21039.75;21042;84
20250114 050300;21041.5;21043;21040.5;21040.5;28
20250114 050400;21041.5;21043;21040.25;21041;52
20250114 050500;21040.75;21042.75;21040.5;21040.75;66
20250114 050600;21041;21042.5;21037.75;21037.75;51
20250114 050700;21038.5;21041.5;21037.75;21041.5;41
20250114 050800;21041;21045.25;21040.75;21044.5;61
20250114 050900;21044.25;21046.25;21041.25;21043.75;38
20250114 051000;21043.25;21044.75;21043.25;21043.5;20
20250114 051100;21043;21044.25;21042;21043;28
20250114 051200;21044;21044.5;21042.5;21044;19
20250114 051300;21044.25;21044.25;21041.25;21041.25;26
20250114 051400;21041;21042.75;21040.75;21042.5;32
20250114 051500;21043;21043.5;21042.75;21043;13
20250114 051600;21042.25;21043;21040;21040.75;27
20250114 051700;21040.75;21041;21039.5;21040.5;11
20250114 051800;21040.5;21041.75;21038;21038;28
20250114 051900;21038;21038.5;21035.25;21037;52
20250114 052000;21037;21040.5;21037;21039.5;30
20250114 052100;21039.5;21040.75;21037;21039.25;60
20250114 052200;21038.75;21040.75;21038.75;21040;16
20250114 052300;21039;21039.5;21035.75;21035.75;29
20250114 052400;21035.75;21035.75;21030;21030;125
20250114 052500;21030.25;21034.25;21029;21034.25;138
20250114 052600;21034.25;21034.5;21029.75;21030.25;90
20250114 052700;21030.25;21032;21029;21030.25;40
20250114 052800;21030.5;21031.5;21027.5;21028;42
20250114 052900;21029;21029.75;21027.75;21027.75;23
20250114 053000;21027.5;21031.25;21027.25;21031.25;44
20250114 053100;21029.75;21033.25;21029.75;21031.25;63
20250114 053200;21030.5;21031;21027.5;21027.75;44
20250114 053300;21027.75;21030;21026.75;21030;34
20250114 053400;21029.75;21031;21029.5;21030.25;14
20250114 053500;21031;21038.5;21031;21038;81
20250114 053600;21039;21039.5;21036.75;21037;32
20250114 053700;21038;21048;21038;21046.75;154
20250114 053800;21046.5;21048;21044;21046.25;44
20250114 053900;21046.25;21048.25;21044;21047.75;40
20250114 054000;21046.5;21051;21045.5;21049;132
20250114 054100;21049;21053.25;21046.5;21046.5;179
20250114 054200;21048.25;21048.25;21040;21040.5;125
20250114 054300;21041.5;21044;21039.75;21041.5;53
20250114 054400;21041.5;21046.5;21041.25;21043.75;94
20250114 054500;21042.25;21044.25;21042.25;21044;38
20250114 054600;21044;21045.25;21041.5;21041.5;22
20250114 054700;21042;21048.5;21041.75;21047.75;52
20250114 054800;21048.25;21049.25;21046.5;21046.5;28
20250114 054900;21047.25;21049;21045.5;21048;66
20250114 055000;21047;21047.75;21046.5;21047;26
20250114 055100;21047;21049.25;21046.25;21047.25;32
20250114 055200;21047.5;21049.25;21045.25;21049;36
20250114 055300;21048.75;21055;21048;21054.5;111
20250114 055400;21054.75;21057.25;21054.75;21055.75;90
20250114 055500;21055;21058.25;21054.25;21057.5;85
20250114 055600;21057.25;21059.5;21052.5;21053;84
20250114 055700;21053;21054.5;21052.5;21054.25;44
20250114 055800;21053.75;21056;21053.75;21055.75;24
20250114 055900;21056.25;21056.75;21054;21054.75;22
20250114 060000;21055.25;21058;21055.25;21058;16
20250114 060100;21057.5;21063.5;21057.25;21059.5;163
20250114 060200;21059.5;21059.75;21055.25;21056;67
20250114 060300;21056.25;21056.75;21053;21054;72
20250114 060400;21053;21056.25;21052.5;21055;49
20250114 060500;21054.75;21055.25;21054;21054.25;10
20250114 060600;21054.75;21058;21054.75;21056;48
20250114 060700;21056.25;21057;21055.75;21055.75;35
20250114 060800;21055.25;21056.5;21053.75;21055.5;34
20250114 060900;21054.75;21054.75;21052.5;21053;26
20250114 061000;21053.75;21056;21053.75;21055.25;31
20250114 061100;21055.5;21060.5;21052.5;21059.25;107
20250114 061200;21058.75;21061;21058.75;21059.25;38
20250114 061300;21058.25;21065;21057.75;21062;230
20250114 061400;21062.25;21062.25;21060;21060.75;28
20250114 061500;21060.25;21061.5;21058.5;21061.25;44
20250114 061600;21061.5;21062.5;21060.5;21062.25;24
20250114 061700;21061.75;21064.75;21061.25;21063;56
20250114 061800;21064;21067.75;21064;21066;87
20250114 061900;21066;21067.25;21062.5;21063.75;71
20250114 062000;21065.25;21066.25;21063.5;21063.75;86
20250114 062100;21063.5;21063.5;21061.25;21061.25;77
20250114 062200;21061.5;21065;21060.75;21063.25;58
20250114 062300;21062.25;21062.25;21055.75;21057.25;68
20250114 062400;21057.75;21062;21056.25;21061.75;57
20250114 062500;21061.25;21062;21057.5;21059.75;100
20250114 062600;21060.75;21065.75;21060.25;21062.25;98
20250114 062700;21062;21062.25;21059;21059;34
20250114 062800;21058.75;21061.25;21056.25;21059.5;71
20250114 062900;21059.25;21061;21058.25;21061;21
20250114 063000;21061.5;21063.25;21058.25;21058.25;52
20250114 063100;21058;21059.5;21054;21054;97
20250114 063200;21054;21055.25;21051.75;21052.75;80
20250114 063300;21053.75;21059;21052.5;21057.75;66
20250114 063400;21057.25;21059.25;21057.25;21058.25;20
20250114 063500;21058.75;21059;21056.75;21056.75;37
20250114 063600;21057;21058.5;21054.75;21058.25;41
20250114 063700;21058.25;21059;21056;21056.5;63
20250114 063800;21058;21059;21056.75;21057.5;53
20250114 063900;21058.25;21058.5;21048;21048.75;221
20250114 064000;21049.25;21052.75;21049;21052.75;46
20250114 064100;21051.5;21051.75;21044.5;21046.5;141
20250114 064200;21046.25;21047.75;21045.75;21046.75;45
20250114 064300;21047;21047.25;21045;21047.25;49
20250114 064400;21046.75;21048;21044;21045;40
20250114 064500;21046.25;21047;21043.25;21047;53
20250114 064600;21048.25;21048.5;21045.25;21047.25;36
20250114 064700;21047.25;21053.5;21046.75;21051;72
20250114 064800;21050.25;21052.25;21047;21048;40
20250114 064900;21047.5;21047.75;21044;21044;40
20250114 065000;21044;21045.25;21042.5;21044.5;43
20250114 065100;21043.25;21045.75;21043;21045;35
20250114 065200;21044.5;21045;21043.75;21043.75;18
20250114 065300;21045;21045.5;21042.5;21042.5;21
20250114 065400;21043.5;21045.5;21040.75;21043;73
20250114 065500;21044.25;21044.5;21040.75;21044;56
20250114 065600;21044.5;21047.75;21044.5;21045;84
20250114 065700;21045.75;21047.75;21045.75;21046.5;29
20250114 065800;21045.5;21048.25;21044;21044;38
20250114 065900;21044.25;21045.5;21043.25;21043.75;26
20250114 070000;21043.5;21046.5;21043.5;21046.5;12
20250114 070100;21047;21051;21040;21041.25;143
20250114 070200;21040.75;21042.25;21035.25;21036;119
20250114 070300;21035;21036.75;21033.25;21036;89
20250114 070400;21035.5;21037;21030;21033.25;107
20250114 070500;21033;21038;21032.75;21037.5;60
20250114 070600;21038.5;21040;21033;21033;71
20250114 070700;21033;21038;21031.75;21038;64
20250114 070800;21038.5;21040;21035.5;21036.25;62
20250114 070900;21036.75;21039;21032.5;21033;58
20250114 071000;21033.25;21037.5;21031.75;21036.75;48
20250114 071100;21037.5;21038.5;21035.5;21035.5;41
20250114 071200;21036.5;21036.5;21032.25;21033.5;44
20250114 071300;21032.5;21033;21021.25;21025.5;281
20250114 071400;21024.5;21030.5;21024.5;21030.5;89
20250114 071500;21031.25;21037.5;21031.25;21034.5;90
20250114 071600;21035;21039.5;21035;21039;59
20250114 071700;21039;21043;21039;21042.25;100
20250114 071800;21042.25;21044.5;21041.75;21043.5;25
20250114 071900;21043.5;21047.75;21043.5;21046.25;47
20250114 072000;21048;21051.5;21043.5;21045.25;145
20250114 072100;21045;21047.5;21044;21044.25;56
20250114 072200;21044.5;21045.25;21042.25;21045;63
20250114 072300;21045.5;21050.75;21045;21050;83
20250114 072400;21049.25;21057.5;21049.25;21054.25;153
20250114 072500;21054.25;21054.25;21050;21050.75;32
20250114 072600;21049.25;21051;21045.5;21048;78
20250114 072700;21048;21048.5;21041;21044.5;65
20250114 072800;21044.5;21046.5;21044.25;21045;25
20250114 072900;21044.5;21046.75;21044.5;21046;15
20250114 073000;21046;21047.25;21043;21044.5;39
20250114 073100;21044;21044.25;21040.25;21040.25;59
20250114 073200;21040.25;21045;21040.25;21044;25
20250114 073300;21043;21048.5;21043;21045.75;23
20250114 073400;21045.25;21051.25;21045.25;21050;108
20250114 073500;21049.75;21051.25;21049;21049.25;35
20250114 073600;21049.5;21050;21044.25;21047.25;54
20250114 073700;21047.25;21052.25;21047;21049.5;55
20250114 073800;21049.75;21053.5;21049.75;21052.75;30
20250114 073900;21052.5;21058.5;21051.75;21057.5;95
20250114 074000;21058;21058.5;21053;21054;62
20250114 074100;21054;21054.75;21052.5;21053;34
20250114 074200;21050.5;21054.25;21050.5;21054.25;25
20250114 074300;21055;21055;21052;21054.75;13
20250114 074400;21054.75;21063.5;21054.75;21062.25;186
20250114 074500;21062.25;21066.25;21062.25;21065.5;83
20250114 074600;21065.5;21065.5;21061.5;21062.5;98
20250114 074700;21063.5;21063.75;21060.5;21061.75;62
20250114 074800;21062.75;21064.5;21061.75;21062.25;41
20250114 074900;21062;21063.5;21061;21061.75;25
20250114 075000;21061.5;21064.25;21060.25;21063;62
20250114 075100;21063;21063.25;21060;21061;117
20250114 075200;21060.25;21060.25;21057;21058.25;27
20250114 075300;21058.5;21058.75;21055.75;21057;39
20250114 075400;21057.5;21060;21057.5;21059.75;27
20250114 075500;21060.75;21061;21057.75;21061;39
20250114 075600;21060;21060;21053;21056.5;67
20250114 075700;21056.5;21058;21054.75;21057.5;50
20250114 075800;21057;21058.5;21054;21057.5;32
20250114 075900;21058.75;21062.25;21058.75;21059.25;48
20250114 080000;21060;21062;21058.5;21059.5;64
20250114 080100;21060;21069.25;21054.25;21059.75;247
20250114 080200;21060;21066.25;21060;21064.5;87
20250114 080300;21065.25;21073.5;21065;21072.5;147
20250114 080400;21072.75;21077;21069.5;21071.5;220
20250114 080500;21071;21073;21066;21072.75;61
20250114 080600;21072;21073.75;21069.25;21071.5;59
20250114 080700;21072.25;21077;21063.25;21065.75;236
20250114 080800;21066.75;21067.5;21058.5;21061.5;144
20250114 080900;21062.25;21064.75;21056.75;21063.25;99
20250114 081000;21062.75;21063;21058.75;21059.25;50
20250114 081100;21059.5;21059.5;21052;21055;101
20250114 081200;21055;21061.75;21054;21058.75;106
20250114 081300;21059.5;21064;21055.5;21064;151
20250114 081400;21064.25;21067.5;21063;21066.25;91
20250114 081500;21066.5;21072.25;21066.5;21069.5;83
20250114 081600;21070;21074.75;21068.25;21071.25;102
20250114 081700;21070.5;21076.75;21070.5;21073.25;111
20250114 081800;21074.75;21075.5;21072;21074.75;78
20250114 081900;21075;21083.25;21073;21079.5;312
20250114 082000;21079.25;21092;21077.75;21086.75;408
20250114 082100;21087.25;21087.5;21080;21082.5;156
20250114 082200;21084.5;21093.75;21080.5;21093.25;151
20250114 082300;21094;21098.75;21092.5;21098.25;381
20250114 082400;21097.25;21102;21096.5;21101.25;285
20250114 082500;21102.5;21104.75;21099.25;21100;144
20250114 082600;21100.5;21101.5;21094.75;21098.5;300
20250114 082700;21099.5;21100.25;21093.25;21093.5;134
20250114 082800;21094.25;21096.75;21089.5;21090.25;187
20250114 082900;21090.25;21094.5;21090.25;21092.25;65
20250114 083000;21093;21096.5;21093;21094;56
20250114 083100;21093.25;21101.5;21092.75;21099.25;126
20250114 083200;21099.5;21099.5;21096;21096;62
20250114 083300;21095.75;21096.25;21092.75;21096.25;74
20250114 083400;21095.25;21097;21088.25;21095.5;194
20250114 083500;21096;21099;21095.5;21097.25;53
20250114 083600;21097.25;21097.5;21087.5;21089.5;119
20250114 083700;21090;21090;21080.75;21083.5;144
20250114 083800;21084;21085.25;21075.25;21084.5;197
20250114 083900;21085;21091;21085;21087;115
20250114 084000;21087.75;21099;21087.25;21095.75;162
20250114 084100;21096.25;21104.25;21094.5;21099.5;263
20250114 084200;21098.75;21106;21098.25;21099.25;227
20250114 084300;21100.25;21108.25;21099.25;21107.25;215
20250114 084400;21107.25;21117.25;21107;21114.25;354
20250114 084500;21114;21125.75;21113.5;21117;670
20250114 084600;21116.75;21123.25;21116;21122.25;189
20250114 084700;21122.5;21128.25;21122.25;21123.5;243
20250114 084800;21124;21132.5;21124;21130.25;223
20250114 084900;21130.25;21143.75;21130.25;21138;361
20250114 085000;21137.25;21138.25;21131.75;21138.25;189
20250114 085100;21137.25;21139.5;21131.5;21132.25;120
20250114 085200;21131.75;21137;21130;21137;172
20250114 085300;21136.75;21140;21134.75;21139;92
20250114 085400;21139.5;21140;21127.25;21127.5;200
20250114 085500;21127.25;21134;21127.25;21134;84
20250114 085600;21133.5;21142.75;21133.25;21142.25;143
20250114 085700;21142;21143.25;21135.5;21138.5;126
20250114 085800;21136;21136;21130;21132;124
20250114 085900;21131.75;21132.75;21123.5;21124.75;176
20250114 090000;21124;21128.25;21122.75;21122.75;140
20250114 090100;21122.75;21124.75;21114.5;21123.25;322
20250114 090200;21123.25;21123.25;21115.75;21119;186
20250114 090300;21118.25;21121.25;21116.5;21119.25;115
20250114 090400;21119.25;21123.25;21118.75;21122.5;145
20250114 090500;21122.25;21125;21118.25;21122.5;164
20250114 090600;21121.25;21130;21119.75;21120;230
20250114 090700;21120.5;21125.75;21115.5;21116.5;184
20250114 090800;21116.5;21119.5;21112.5;21113.75;222
20250114 090900;21113.5;21116.5;21108.75;21110.5;151
20250114 091000;21110.25;21115.25;21108;21113.75;121
20250114 091100;21113.5;21113.5;21104.75;21105.5;191
20250114 091200;21105;21111.75;21103.75;21108.75;278
20250114 091300;21109;21110.75;21103.75;21106.5;105
20250114 091400;21106;21116.5;21105;21116.5;168
20250114 091500;21116.75;21120;21113;21114.25;257
20250114 091600;21114;21115;21106.5;21109.5;171
20250114 091700;21109.25;21109.25;21100;21101.75;173
20250114 091800;21101.25;21103.25;21092.75;21097;359
20250114 091900;21096.75;21099.5;21094.5;21096.75;116
20250114 092000;21097.25;21099.75;21094;21095;81
20250114 092100;21095.5;21099.5;21092.5;21099.5;131
20250114 092200;21099;21101.75;21098;21101.75;80
20250114 092300;21101.5;21108.5;21101.5;21108;234
20250114 092400;21107;21109.25;21105.25;21108;188
20250114 092500;21107.75;21110.75;21104.5;21106.25;209
20250114 092600;21105.75;21105.75;21091.5;21092.25;214
20250114 092700;21092;21092.75;21086.75;21087.75;186
20250114 092800;21086.75;21091.75;21084;21091.25;180
20250114 092900;21091;21094.75;21090.5;21094.5;160
20250114 093000;21095;21100.5;21094;21098.5;210
20250114 093100;21098.5;21102;21095;21099.5;153
20250114 093200;21099;21100;21096;21096;39
20250114 093300;21097;21101.5;21090.5;21095;231
20250114 093400;21096.25;21101.25;21095.25;21096.25;95
20250114 093500;21097.75;21108.75;21097.75;21108.75;162
20250114 093600;21109;21112;21104.5;21106.75;217
20250114 093700;21107;21108.25;21101.75;21106;131
20250114 093800;21105;21109;21101.75;21107;58
20250114 093900;21107.25;21107.5;21103;21107;84
20250114 094000;21106;21107.25;21102.75;21104.75;84
20250114 094100;21103.75;21103.75;21097.25;21101;133
20250114 094200;21100.75;21105.5;21100.75;21101.25;39
20250114 094300;21102.5;21107.5;21101.75;21106;63
20250114 094400;21104.75;21112.5;21103.75;21112;98
20250114 094500;21110.75;21114.5;21110.25;21112.5;96
20250114 094600;21112.25;21112.25;21106.75;21106.75;76
20250114 094700;21106.5;21107;21104.75;21106.25;49
20250114 094800;21106;21110.25;21104;21108.5;46
20250114 094900;21109;21110.25;21105;21106.75;56
20250114 095000;21106.5;21107.25;21105.25;21107;36
20250114 095100;21108;21109;21105;21105;46
20250114 095200;21105.5;21107.5;21098.75;21098.75;115
20250114 095300;21098.5;21101.25;21095.5;21100.5;109
20250114 095400;21101.75;21102.75;21098.25;21099.25;51
20250114 095500;21099.25;21099.25;21094.75;21095.25;83
20250114 095600;21095.75;21096;21092.5;21093;61
20250114 095700;21094;21103;21094;21099.75;123
20250114 095800;21099;21104.25;21099;21102.75;26
20250114 095900;21102.5;21103.5;21098.25;21100.75;58
20250114 100000;21100.25;21100.25;21096;21100;89
20250114 100100;21100.75;21100.75;21088;21088;139
20250114 100200;21088.25;21095;21087.5;21093.75;206
20250114 100300;21093.75;21097.25;21091.5;21095;115
20250114 100400;21094.75;21102;21094.5;21101.25;66
20250114 100500;21101;21107.5;21101;21105.75;106
20250114 100600;21106;21106;21102.75;21103.5;52
20250114 100700;21103.75;21108;21103;21106.5;48
20250114 100800;21105.75;21107.25;21101;21102.25;45
20250114 100900;21102.25;21102.75;21101;21101.75;19
20250114 101000;21101.25;21107;21100.25;21106.75;55
20250114 101100;21107;21107.75;21096;21096;89
20250114 101200;21096.25;21098.75;21096.25;21097.25;35
20250114 101300;21097;21097.75;21093;21093.75;69
20250114 101400;21094.5;21095.25;21089.5;21090.75;67
20250114 101500;21091.75;21093;21090.25;21091;100
20250114 101600;21090.5;21091.75;21088.5;21089.5;108
20250114 101700;21089.25;21091.25;21087.75;21089.75;50
20250114 101800;21089.75;21096.5;21089.75;21093.75;97
20250114 101900;21094.25;21094.75;21092;21093;18
20250114 102000;21092.75;21095;21090.75;21092.25;55
20250114 102100;21090.75;21090.75;21084.75;21087.5;110
20250114 102200;21087.25;21091.5;21086.5;21091.25;69
20250114 102300;21090.75;21092;21087.5;21088.25;63
20250114 102400;21088.75;21089.75;21083.5;21084;86
20250114 102500;21084.5;21086.5;21082;21082.5;110
20250114 102600;21082;21086;21080.5;21081.75;97
20250114 102700;21081.5;21086.5;21081.5;21082.25;123
20250114 102800;21081.75;21082;21073.25;21074.25;258
20250114 102900;21074.75;21079.5;21074;21078.75;135
20250114 103000;21079.75;21080;21076.25;21078;57
20250114 103100;21077.75;21081.25;21077.25;21079.75;67
20250114 103200;21079.5;21083.75;21078;21083.75;63
20250114 103300;21083.5;21087.25;21082;21087;126
20250114 103400;21087.5;21094.5;21087.5;21093;179
20250114 103500;21092.5;21093.25;21090.5;21093;68
20250114 103600;21092.25;21095.75;21090.5;21094.75;108
20250114 103700;21095.75;21096;21092.25;21095;43
20250114 103800;21094.25;21097.75;21094.25;21094.5;56
20250114 103900;21095;21095.5;21086.75;21088;78
20250114 104000;21088.25;21091.5;21088.25;21091;69
20250114 104100;21091.25;21093.25;21089.25;21089.25;65
20250114 104200;21089.25;21089.5;21082.25;21084.25;151
20250114 104300;21083.5;21087;21083;21087;54
20250114 104400;21086.75;21088.25;21084.75;21087;28
20250114 104500;21086.25;21090;21086.25;21086.75;36
20250114 104600;21088;21095.5;21087.5;21094.5;88
20250114 104700;21094.5;21099;21094;21097.75;98
20250114 104800;21098.25;21099;21095.25;21097;36
20250114 104900;21096.5;21097;21094.25;21095.25;30
20250114 105000;21095.75;21097.5;21093.75;21095.75;30
20250114 105100;21095;21096.5;21093.75;21095;50
20250114 105200;21096.25;21101;21095;21100;53
20250114 105300;21100;21103.25;21099.25;21102.25;87
20250114 105400;21102.25;21102.5;21101.25;21102;23
20250114 105500;21101.25;21101.25;21095.5;21096.5;52
20250114 105600;21097.25;21097.75;21092.75;21094;128
20250114 105700;21092.75;21096.25;21092.75;21094.75;31
20250114 105800;21096.25;21097.25;21094.25;21095;60
20250114 105900;21095.25;21096.75;21091.5;21092.5;60
20250114 110000;21094;21095.75;21094;21095.25;23
20250114 110100;21094.75;21094.75;21087;21087.5;148
20250114 110200;21087.25;21090.75;21085.25;21090.25;70
20250114 110300;21090;21091.5;21088.25;21089.25;30
20250114 110400;21090;21090;21084;21086;82
20250114 110500;21086.5;21087;21080.5;21081.25;128
20250114 110600;21081.25;21082.25;21074.25;21077.5;210
20250114 110700;21077.5;21083.25;21077;21083.25;71
20250114 110800;21083.25;21085.75;21081.25;21083;75
20250114 110900;21082.5;21082.5;21076.25;21077.25;100
20250114 111000;21076.75;21080.25;21076;21078;76
20250114 111100;21079;21081.75;21078.75;21080.75;32
20250114 111200;21080;21084.75;21079.25;21084.75;53
20250114 111300;21085;21088;21084.75;21084.75;85
20250114 111400;21084.25;21086;21082.75;21084.5;56
20250114 111500;21083.75;21087.5;21082.5;21086.75;47
20250114 111600;21087;21087.75;21080.25;21080.25;95
20250114 111700;21080.75;21081;21076.5;21079;59
20250114 111800;21079;21082.5;21079;21079.75;42
20250114 111900;21080.25;21080.25;21077.5;21077.5;27
20250114 112000;21077.75;21078.5;21067;21074;293
20250114 112100;21073.25;21074.25;21066;21068.75;137
20250114 112200;21068;21069;21064.75;21065.25;90
20250114 112300;21065;21065.25;21058.25;21062.25;206
20250114 112400;21062.25;21063;21059.25;21060.25;88
20250114 112500;21059;21060;21054;21057.5;218
20250114 112600;21057.5;21058.25;21054;21055.5;280
20250114 112700;21055.25;21062;21054.25;21055.5;303
20250114 112800;21055.5;21061;21052.75;21059.25;114
20250114 112900;21059.25;21062.75;21056.75;21058;94
20250114 113000;21059;21061.5;21057.5;21058.25;86
20250114 113100;21058.25;21060.25;21054.25;21058.25;127
20250114 113200;21057;21057;21047.75;21051.25;305
20250114 113300;21052.75;21056.75;21047.75;21056.5;180
20250114 113400;21056.75;21062.25;21053.75;21056.25;137
20250114 113500;21056.25;21058.75;21054.25;21057.75;65
20250114 113600;21059;21060;21056.5;21057.5;30
20250114 113700;21057;21058.75;21054;21056.25;71
20250114 113800;21055.25;21055.5;21050.5;21052.5;63
20250114 113900;21053;21054.25;21052;21053.25;53
20250114 114000;21053;21055.25;21048.75;21051.5;81
20250114 114100;21051;21056.75;21049.75;21050.25;128
20250114 114200;21051.25;21057;21050.75;21056.5;67
20250114 114300;21057.5;21062.25;21057.5;21061;153
20250114 114400;21061;21061;21053.25;21053.25;103
20250114 114500;21053.25;21058.25;21053;21055.5;83
20250114 114600;21055;21055.25;21047;21052.25;171
20250114 114700;21052.25;21052.25;21041.75;21044;285
20250114 114800;21044;21048.5;21038.75;21039.5;227
20250114 114900;21039;21040.5;21036;21040;191
20250114 115000;21040.25;21040.25;21037.25;21039;74
20250114 115100;21039.5;21040.75;21034.5;21038.75;173
20250114 115200;21039.5;21047.5;21039.5;21045.25;208
20250114 115300;21044.25;21047.25;21043.5;21044.25;71
20250114 115400;21044;21046.75;21040.5;21044.75;121
20250114 115500;21045.25;21048;21043.75;21044.25;53
20250114 115600;21044.5;21045;21039.25;21040.75;117
20250114 115700;21040.5;21043.5;21037.25;21037.75;114
20250114 115800;21038;21044.5;21038;21043.75;134
20250114 115900;21043.75;21048.75;21042.25;21048.75;110
20250114 120000;21048.25;21048.25;21041.5;21042.75;62
20250114 120100;21042.75;21047.25;21039;21042;230
20250114 120200;21042;21043.75;21038;21040.75;113
20250114 120300;21040.25;21048;21040;21047.75;106
20250114 120400;21047.75;21055.5;21046.75;21052.5;209
20250114 120500;21053;21056.25;21050.5;21054.5;114
20250114 120600;21055.5;21058.5;21045;21049;235
20250114 120700;21049.25;21049.75;21041;21044;181
20250114 120800;21043;21043.75;21013.75;21024;736
20250114 120900;21024;21024.75;21008.5;21009.25;542
20250114 121000;21010;21023.25;21006;21020.75;612
20250114 121100;21021;21026.25;21014;21024;262
20250114 121200;21025.25;21029.5;21018.25;21018.25;200
20250114 121300;21018.5;21021.5;21014;21016;168
20250114 121400;21016;21016;21003.75;21008.5;336
20250114 121500;21008.5;21010.75;21000.5;21009.5;503
20250114 121600;21009.5;21016.75;21009.5;21010.75;186
20250114 121700;21011.5;21015.5;21008.5;21011.75;105
20250114 121800;21012.75;21016;21008.25;21011;124
20250114 121900;21011;21014;21008.25;21009;112
20250114 122000;21008.75;21008.75;21003;21005.75;199
20250114 122100;21005.75;21011.5;20997;20998.25;300
20250114 122200;20998;20998.5;20976.25;20983;972
20250114 122300;20982.75;20984.75;20975.25;20980.25;400
20250114 122400;20980.75;20986.5;20972;20981.5;443
20250114 122500;20982.25;20992;20978;20988.25;301
20250114 122600;20987.25;20993.5;20987.25;20992;171
20250114 122700;20992.25;21007;20992.25;21007;422
20250114 122800;21006.25;21010;21001.75;21005;269
20250114 122900;21006;21012.5;21001;21012.25;365
20250114 123000;21013;21017;21007.75;21008.5;214
20250114 123100;21009;21012;21001.25;21003.25;332
20250114 123200;21003;21015.25;21002;21013.5;179
20250114 123300;21013.25;21015;21004.25;21007.25;126
20250114 123400;21006.75;21015.25;21006.75;21011.5;107
20250114 123500;21012.25;21022.25;21009.75;21021.5;161
20250114 123600;21021;21025;21018.5;21019.75;207
20250114 123700;21019.75;21021.5;21010;21013.5;213
20250114 123800;21012.5;21023.75;21012;21022.25;172
20250114 123900;21021.75;21024.25;21019;21021.75;153
20250114 124000;21023;21026.75;21016.5;21021;187
20250114 124100;21022;21023;21015.75;21019.5;164
20250114 124200;21019;21023.5;21015.5;21017.75;117
20250114 124300;21017;21017.75;21013.5;21015.75;106
20250114 124400;21016;21019.25;21005.75;21010.5;199
20250114 124500;21010.75;21020.5;21010.25;21015.75;209
20250114 124600;21015.5;21019.75;21014.75;21015.5;119
20250114 124700;21016.25;21017.75;21010.75;21016.5;95
20250114 124800;21017.5;21018;21011.5;21016.5;109
20250114 124900;21015.75;21016.5;21012.5;21015;66
20250114 125000;21015.5;21017;21014.25;21015.25;42
20250114 125100;21014.75;21018;21007;21010;129
20250114 125200;21010.75;21012;21007.75;21010;76
20250114 125300;21008.5;21011.25;20998.75;21001.75;254
20250114 125400;21001.75;21005;20999.75;21002.5;157
20250114 125500;21002.75;21006;21001;21003.25;109
20250114 125600;21002.75;21003.25;20994.5;20999;223
20250114 125700;20999;21002;20996;20998.75;69
20250114 125800;20999.5;21006.75;20999.5;21005.25;109
20250114 125900;21006.75;21012.5;21002.5;21003;189
20250114 130000;21002.75;21006;20999.25;21005;107
20250114 130100;21005.5;21006;20990.5;20995.25;340
20250114 130200;20994.5;21001.75;20986.25;20987.25;506
20250114 130300;20987.5;20993.5;20987;20991.25;132
20250114 130400;20992.5;20995.5;20990;20994;176
20250114 130500;20993.75;20995.25;20992;20992.75;72
20250114 130600;20992.5;20993.75;20985.25;20990.5;242
20250114 130700;20990.5;20992.75;20985.5;20990;144
20250114 130800;20989.5;20992.5;20983.25;20984.75;192
20250114 130900;20984.25;20991.75;20983;20989;286
20250114 131000;20988.75;20990.25;20985.5;20990.25;113
20250114 131100;20989.25;20989.25;20985;20988.25;95
20250114 131200;20988.25;20988.5;20979.5;20987.25;164
20250114 131300;20988;20990.5;20982.25;20984.75;204
20250114 131400;20984.25;20987;20980.5;20982.5;179
20250114 131500;20982.5;20984;20978.25;20980;181
20250114 131600;20979.5;20980;20968;20980;519
20250114 131700;20980;20984;20978.25;20980.5;157
20250114 131800;20981.25;20984.75;20976.25;20976.75;173
20250114 131900;20976;20986;20975;20984.75;358
20250114 132000;20984.5;20988;20979.75;20981.25;218
20250114 132100;20981;20982;20971.75;20973;242
20250114 132200;20973.5;20981.5;20973.5;20981.5;118
20250114 132300;20982;20982.5;20977;20977.75;158
20250114 132400;20977.5;20978.25;20967.5;20970;215
20250114 132500;20970.25;20970.75;20953.75;20956.75;1086
20250114 132600;20956;20959;20950.25;20950.5;392
20250114 132700;20950.5;20957.25;20947.75;20950.5;515
20250114 132800;20951.25;20953;20944;20948.25;367
20250114 132900;20948.25;20955.25;20948;20949.75;311
20250114 133000;20951;20962.25;20951;20958;420
20250114 133100;20962.25;21134;20957.75;21117;5002
20250114 133200;21117.5;21138.5;21114.25;21123.75;2128
20250114 133300;21125;21134.25;21108.25;21110.5;2182
20250114 133400;21112.25;21127.5;21103.5;21121.5;1543
20250114 133500;21121.25;21126;21101.75;21103.75;1134
20250114 133600;21105.25;21106.75;21075.75;21083;1867
20250114 133700;21083;21093.25;21062.75;21072.5;1308
20250114 133800;21072;21078;21059;21059.25;990
20250114 133900;21060.5;21070.75;21043.5;21061.25;1443
20250114 134000;21062.75;21082;21062;21078.75;1104
20250114 134100;21079.75;21080;21064.25;21067.5;818
20250114 134200;21067.25;21073.75;21056.75;21072;733
20250114 134300;21073;21078.25;21063.75;21066.5;684
20250114 134400;21066;21076.5;21056.75;21056.75;511
20250114 134500;21057.5;21068;21052;21061.25;702
20250114 134600;21061.25;21090.75;21059.5;21088.5;1312
20250114 134700;21089;21093.5;21076.5;21084.25;752
20250114 134800;21084.5;21092.5;21083.75;21090.75;436
20250114 134900;21091.5;21106;21088.25;21104.5;1094
20250114 135000;21105.5;21107.75;21101.25;21107;619
20250114 135100;21107.75;21120;21105.5;21111.5;932
20250114 135200;21111.25;21113.75;21099.25;21100.25;686
20250114 135300;21100.25;21102.25;21071.75;21077.5;1398
20250114 135400;21077;21077;21063.25;21069.5;1357
20250114 135500;21068.5;21083.5;21062.5;21081.25;673
20250114 135600;21081;21083.25;21071.5;21076.75;421
20250114 135700;21076.75;21083.75;21064;21064;560
20250114 135800;21064;21067;21050;21053.25;1280
20250114 135900;21054.25;21064.5;21047.75;21061;641
20250114 140000;21061.25;21067;21053;21056.5;657
20250114 140100;21057.75;21064;21052;21055;610
20250114 140200;21054.75;21059.5;21028.25;21035.5;1289
20250114 140300;21034;21041;21024.5;21035.25;1005
20250114 140400;21035;21043.5;21031.75;21036;695
20250114 140500;21036.5;21049.5;21035.75;21042.5;665
20250114 140600;21043.5;21059;21041.5;21052;590
20250114 140700;21053;21060.5;21048.75;21060.5;494
20250114 140800;21059;21060.5;21043.25;21046.25;431
20250114 140900;21046;21052.75;21040.25;21052.25;307
20250114 141000;21051.25;21053;21042;21047.75;286
20250114 141100;21047.25;21050.5;21034.25;21040.5;400
20250114 141200;21042;21042.5;21028.5;21037.25;616
20250114 141300;21036.75;21041.5;21032;21038.75;446
20250114 141400;21039;21044.5;21036;21038.5;367
20250114 141500;21039.5;21052.25;21038;21049.25;563
20250114 141600;21048.75;21050.75;21044.75;21050.25;434
20250114 141700;21050.75;21065.5;21047.5;21060.75;632
20250114 141800;21061.5;21071.75;21060.5;21064;652
20250114 141900;21063.25;21074.25;21053;21071;650
20250114 142000;21071.5;21080.5;21067.75;21071.75;564
20250114 142100;21071.75;21074.75;21065.25;21067;340
20250114 142200;21067.75;21070.75;21064.25;21070.75;328
20250114 142300;21070.75;21081.25;21067.25;21078.5;441
20250114 142400;21079;21082.25;21074;21075.75;347
20250114 142500;21075.75;21078;21062;21077.25;696
20250114 142600;21078.25;21084;21075;21078.25;575
20250114 142700;21077.75;21080;21071.25;21071.25;204
20250114 142800;21072.5;21087.5;21071.25;21086.5;580
20250114 142900;21087.5;21090.5;21076.5;21081;815
20250114 143000;21080.75;21082.25;21068;21071.25;1299
20250114 143100;21071.5;21083.5;21037.25;21046;4135
20250114 143200;21045.5;21053.5;21018.25;21023;3272
20250114 143300;21022.5;21050.75;21018.75;21028.25;2866
20250114 143400;21027.25;21057.5;21023;21056.5;2418
20250114 143500;21056;21077.75;21056;21072;2768
20250114 143600;21072.25;21088.75;21066.75;21087;2405
20250114 143700;21085.5;21100;21072.5;21092.25;2358
20250114 143800;21091.75;21111;21086.75;21100;1997
20250114 143900;21099.75;21119.5;21098.25;21113.5;1837
20250114 144000;21112.5;21123;21082.5;21111.75;2813
20250114 144100;21112.5;21117.5;21096;21099.75;1597
20250114 144200;21098.25;21113;21087.75;21108.25;1298
20250114 144300;21107.25;21129.75;21106.75;21119.5;1879
20250114 144400;21120;21124.25;21088;21094.75;1864
20250114 144500;21095.25;21119.5;21084.25;21110;1785
20250114 144600;21109.75;21115.5;21083.5;21092;2276
20250114 144700;21091.5;21099.5;21079;21081.5;1480
20250114 144800;21081.25;21081.75;21043.75;21056.5;3865
20250114 144900;21056.25;21076;21038.25;21071.25;2885
20250114 145000;21071;21078.5;21062.25;21075;1299
20250114 145100;21075.5;21079;21047.75;21058.25;1711
20250114 145200;21057.75;21071;21053;21063.5;1559
20250114 145300;21062.5;21067.5;21031;21038.75;2026
20250114 145400;21038.75;21048.25;21006;21009;2778
20250114 145500;21008.75;21013;20990.5;21006.75;2994
20250114 145600;21006.25;21027.75;20999.25;21024.25;2486
20250114 145700;21024.25;21030.25;21003.75;21019.75;2143
20250114 145800;21019.75;21020.25;20985.75;20989.5;1896
20250114 145900;20989.25;20994;20982.25;20987;1758
20250114 150000;20988.75;20989.5;20966.25;20981.25;2509
20250114 150100;20980.75;20986;20968;20982.25;2500
20250114 150200;20981.75;20998.75;20976.75;20992;2247
20250114 150300;20992.5;21015.75;20991.25;21008.75;2185
20250114 150400;21008.25;21026.75;21006.75;21023.5;1610
20250114 150500;21023.75;21030.25;21013.25;21015.25;1377
20250114 150600;21015;21027;21010.5;21025.5;1462
20250114 150700;21025;21046.5;21024.75;21044.75;2220
20250114 150800;21044;21053;21037.5;21046.75;1992
20250114 150900;21046.5;21072.75;21046.5;21061.25;2643
20250114 151000;21061.25;21072;21059.25;21065.75;1484
20250114 151100;21065.5;21068.5;21054.25;21067.25;1419
20250114 151200;21067;21093.75;21058.5;21091.5;2033
20250114 151300;21091;21097.25;21086.75;21095.75;1872
20250114 151400;21096.25;21106;21065;21075;3182
20250114 151500;21075.75;21081;21066;21080.5;1935
20250114 151600;21080;21091.5;21074.5;21091;1318
20250114 151700;21091.25;21109.75;21091.25;21105;1558
20250114 151800;21105.75;21111;21098;21103.75;1256
20250114 151900;21103.25;21104.5;21080.5;21094.5;1261
20250114 152000;21094.25;21098.75;21071.5;21073.5;1092
20250114 152100;21074;21079.75;21064;21077.25;1443
20250114 152200;21077;21082.25;21058.5;21067.25;1425
20250114 152300;21067;21074.25;21032.75;21035.75;2125
20250114 152400;21036.5;21055.5;21032.5;21053.5;2550
20250114 152500;21053;21059;21038.75;21040.75;1298
20250114 152600;21041;21064;21040.75;21055.25;1640
20250114 152700;21054.5;21066.25;21044.25;21047.5;1750
20250114 152800;21047.5;21048.25;21026.25;21033.5;2188
20250114 152900;21033.75;21036;21017;21022.25;2139
20250114 153000;21022.25;21022.25;21010;21016.5;1534
20250114 153100;21016.75;21028.5;21009.5;21016.75;1625
20250114 153200;21016.75;21027;21010;21023.5;1423
20250114 153300;21023.75;21028;21003.75;21006;1364
20250114 153400;21006;21015;20993.25;21013.75;2043
20250114 153500;21012.75;21013.25;20988;20992.75;1626
20250114 153600;20993.5;21002.75;20989.25;20999;1293
20250114 153700;20998.5;21007.75;20993.75;21001.75;1206
20250114 153800;21001.25;21002;20970.25;20975.75;2518
20250114 153900;20976;20980;20959;20973.25;2470
20250114 154000;20973.5;20974.25;20952.5;20955.5;1927
20250114 154100;20955;20983.25;20948.25;20981;2619
20250114 154200;20981;21002;20976;20997.75;2282
20250114 154300;20997;21002.75;20990.25;20995.25;1178
20250114 154400;20994.75;21013.25;20993;21012.5;1467
20250114 154500;21012;21020.5;21006;21015;1266
20250114 154600;21014;21014;20985;20988;1862
20250114 154700;20988.75;20992.75;20975.5;20982;1729
20250114 154800;20982;21003.5;20979.75;20997.25;1473
20250114 154900;20997;20997.75;20974.5;20979.75;1388
20250114 155000;20979.75;20982.25;20965;20967;1174
20250114 155100;20967;20969;20950;20963.75;2550
20250114 155200;20963.5;20972.75;20937.25;20969.75;3177
20250114 155300;20968.75;20977.5;20953.5;20957.75;1604
20250114 155400;20955.5;20978;20954.75;20973.5;1068
20250114 155500;20974;20987.75;20969.25;20986.5;1154
20250114 155600;20985.5;20986.5;20952.25;20955.75;1476
20250114 155700;20955;20957.75;20942;20956;1303
20250114 155800;20956;20959.75;20940.75;20942.75;1370
20250114 155900;20943.75;20949;20934.75;20945.75;1791
20250114 160000;20945.75;20952;20935.25;20936.25;1136
20250114 160100;20936.25;20943.25;20921.75;20930.75;3097
20250114 160200;20931;20934.75;20915.25;20928.5;2081
20250114 160300;20928.75;20933.75;20896.75;20901.75;2297
20250114 160400;20901.5;20905.75;20888.5;20896.5;2617
20250114 160500;20896.75;20897.25;20875.75;20886.75;2971
20250114 160600;20887.5;20895.5;20883;20894;1603
20250114 160700;20894;20913;20889.5;20913;2103
20250114 160800;20913;20915.75;20900.25;20906.75;1577
20250114 160900;20907.25;20916.75;20905.25;20913.75;1107
20250114 161000;20914;20927.25;20907.25;20915.75;1298
20250114 161100;20915.25;20925.25;20904.5;20916.25;1334
20250114 161200;20917;20924;20906.75;20907;944
20250114 161300;20907.25;20917.25;20889.25;20891;1803
20250114 161400;20892.25;20908.75;20889.25;20896.5;866
20250114 161500;20896.5;20910.75;20893.75;20908.25;904
20250114 161600;20909;20909.25;20890.25;20895;1035
20250114 161700;20895.25;20920.25;20894.5;20919;1282
20250114 161800;20919.5;20921.25;20905;20907;1230
20250114 161900;20907.75;20913.75;20891.5;20901;1457
20250114 162000;20900.5;20903.5;20894;20899.25;522
20250114 162100;20899.25;20909.25;20897.75;20908.5;739
20250114 162200;20908;20922;20907.75;20913;987
20250114 162300;20912.5;20934.75;20912.5;20927.5;1528
20250114 162400;20927.75;20938;20918.5;20922;980
20250114 162500;20921.75;20927;20912.5;20925;945
20250114 162600;20925.25;20934.25;20916.5;20932.75;816
20250114 162700;20933;20946.5;20929.25;20943.25;1695
20250114 162800;20944;20952.5;20937.5;20947;1398
20250114 162900;20947;20956.25;20922;20922.25;2205
20250114 163000;20922;20922.5;20902.75;20904;1909
20250114 163100;20903.25;20925;20902.25;20920.75;1579
20250114 163200;20919.75;20929;20911.5;20913.5;957
20250114 163300;20913.75;20918.5;20903.5;20916.75;963
20250114 163400;20917.75;20925.75;20911.25;20914.5;708
20250114 163500;20914.75;20924.5;20908.25;20918.25;672
20250114 163600;20917.75;20923.5;20910.25;20915.5;556
20250114 163700;20914.75;20914.75;20898.5;20912.5;1100
20250114 163800;20912.5;20916.5;20897.5;20903.75;785
20250114 163900;20904.25;20908.5;20878.5;20880.5;1925
20250114 164000;20881.25;20893.5;20880;20890.25;1029
20250114 164100;20891;20902;20881.5;20885.75;1109
20250114 164200;20885.25;20886.25;20855.5;20861;3054
20250114 164300;20861.75;20865.25;20853.75;20861.5;1259
20250114 164400;20861.25;20865.5;20845.25;20848;1497
20250114 164500;20846.75;20853.25;20842.75;20848.5;1165
20250114 164600;20849.25;20860;20843;20843.5;1509
20250114 164700;20843;20860;20842.5;20858.75;1317
20250114 164800;20858.25;20864.5;20849.5;20851;905
20250114 164900;20850.75;20859.25;20849;20851;528
20250114 165000;20851.75;20862.5;20849.25;20853.5;649
20250114 165100;20854.25;20863.25;20847.25;20853.75;981
20250114 165200;20853.25;20864.75;20850;20856.75;763
20250114 165300;20857;20864.5;20853.25;20858.75;530
20250114 165400;20858;20861;20850.5;20853.5;517
20250114 165500;20853.5;20855.5;20840;20850.25;1147
20250114 165600;20851;20864.25;20849.5;20855.5;1089
20250114 165700;20855.25;20858.25;20841.25;20845;937
20250114 165800;20845.25;20847.75;20822;20824.25;2418
20250114 165900;20824.75;20836.75;20819.5;20830.5;1398
20250114 170000;20830;20833.25;20822.75;20822.75;850
20250114 170100;20822.75;20822.75;20809.5;20811;1843
20250114 170200;20810.75;20821.5;20808.25;20821.5;1138
20250114 170300;20821.5;20827.5;20810.5;20812.5;1125
20250114 170400;20812.5;20821.75;20808.75;20811.25;1005
20250114 170500;20811.25;20834.5;20811.25;20828.75;1077
20250114 170600;20828;20830.5;20821.75;20825.25;916
20250114 170700;20825.75;20847.5;20821.5;20845.75;1739
20250114 170800;20847;20851.75;20840;20848.25;1133
20250114 170900;20848;20858.25;20847.25;20852;1128
20250114 171000;20853;20853.75;20846.5;20850.5;700
20250114 171100;20850.25;20861.75;20847.5;20855.75;1705
20250114 171200;20856;20872;20856;20869.5;1817
20250114 171300;20870;20872.25;20857.25;20859.5;836
20250114 171400;20859.5;20865.75;20853;20865.5;702
20250114 171500;20865.75;20867.5;20851;20853.25;903
20250114 171600;20852.75;20861;20848.75;20854.25;758
20250114 171700;20854.25;20869;20853.25;20867;822
20250114 171800;20867.5;20876.5;20864;20866.5;792
20250114 171900;20866.75;20877.5;20860;20869.5;1101
20250114 172000;20869.75;20869.75;20853.5;20857.5;970
20250114 172100;20856.75;20859;20844.25;20848;1152
20250114 172200;20846.25;20849.5;20831.25;20836;1512
20250114 172300;20836;20838.5;20827;20833.5;1052
20250114 172400;20833;20840.75;20832;20835.25;751
20250114 172500;20835.25;20843.75;20834.75;20842.5;453
20250114 172600;20842;20850;20842;20846.5;894
20250114 172700;20847;20848;20837.75;20840.75;471
20250114 172800;20841.25;20845.75;20836.75;20840.5;301
20250114 172900;20840.75;20856.75;20838.75;20856.5;698
20250114 173000;20857;20865.5;20852;20854;882
20250114 173100;20854.25;20854.25;20838.75;20840.5;816
20250114 173200;20840;20842.75;20832.25;20833.75;834
20250114 173300;20834;20837.25;20828.75;20831.25;654
20250114 173400;20831;20835.5;20821.5;20828;976
20250114 173500;20828;20830;20805;20810.25;1622
20250114 173600;20810.75;20811.75;20791.75;20804;2060
20250114 173700;20804;20827.25;20802.25;20824.5;1772
20250114 173800;20825.25;20833.5;20816.5;20824;1077
20250114 173900;20824;20833;20820.25;20820.25;867
20250114 174000;20820;20834.75;20819.25;20832.75;642
20250114 174100;20832.75;20835.5;20826.5;20831.25;582
20250114 174200;20830.25;20841;20829.25;20836.75;920
20250114 174300;20837.25;20861.25;20837.25;20857.5;1428
20250114 174400;20858.25;20875.75;20856.75;20871.75;1360
20250114 174500;20871.5;20875.25;20866;20869.25;1324
20250114 174600;20869;20873.25;20860;20863;985
20250114 174700;20863.25;20871.75;20860.75;20865.5;647
20250114 174800;20865.75;20870;20847.75;20850.5;918
20250114 174900;20850;20865.75;20848;20861.75;750
20250114 175000;20861.75;20863.75;20854.75;20860.25;500
20250114 175100;20859.5;20875.5;20858.25;20864.25;835
20250114 175200;20864.25;20876;20863;20866.75;664
20250114 175300;20867.25;20872.75;20865;20871;540
20250114 175400;20871.75;20884.25;20871.5;20878;1101
20250114 175500;20878;20880.5;20866;20868.75;632
20250114 175600;20868.75;20870;20858.25;20865.25;771
20250114 175700;20864.75;20865.25;20844;20847.75;1094
20250114 175800;20847.5;20859;20846.25;20859;820
20250114 175900;20858.25;20866;20853.75;20856.75;623
20250114 180000;20856.5;20868;20854.25;20863.75;511
20250114 180100;20862.75;20871.5;20856.25;20869;607
20250114 180200;20869.75;20872;20855.25;20867;692
20250114 180300;20866.75;20875.75;20866.5;20869.25;619
20250114 180400;20869;20881;20867.75;20880.25;571
20250114 180500;20879.5;20888;20877.25;20884.75;673
20250114 180600;20884.25;20889.5;20877.75;20880.75;759
20250114 180700;20881.25;20884.5;20876.25;20883;471
20250114 180800;20883.25;20890;20881.75;20887;642
20250114 180900;20886;20894.75;20881.25;20890.5;847
20250114 181000;20889.25;20892.75;20879;20884.25;522
20250114 181100;20884.25;20888.75;20873.5;20877.75;957
20250114 181200;20878.25;20884.5;20873.5;20876.75;597
20250114 181300;20876.75;20881.75;20873.25;20879.25;343
20250114 181400;20880.25;20880.5;20869.25;20879.5;366
20250114 181500;20879;20884;20875.5;20881;381
20250114 181600;20880.75;20885.25;20871.75;20884.75;513
20250114 181700;20885;20901.5;20880.75;20898.5;1133
20250114 181800;20898.75;20906.25;20898.5;20904;753
20250114 181900;20904.5;20911;20900.75;20904;977
20250114 182000;20903.75;20904.75;20892.25;20895.5;757
20250114 182100;20895.25;20900.5;20889;20898.5;489
20250114 182200;20898.5;20904.5;20891;20904;483
20250114 182300;20904.75;20907;20900;20907;471
20250114 182400;20906.75;20913.75;20902.25;20911;563
20250114 182500;20911.75;20918.5;20910.75;20918;596
20250114 182600;20918.25;20925.5;20915;20918.5;833
20250114 182700;20918.5;20924.75;20917.25;20923.5;542
20250114 182800;20923;20932.5;20919.75;20930.75;1051
20250114 182900;20930.5;20946;20928.75;20938;1594
20250114 183000;20938.25;20943;20933.75;20936.25;959
20250114 183100;20936;20938;20930.25;20932.5;814
20250114 183200;20932;20935.5;20926.75;20934.5;765
20250114 183300;20933.75;20941.75;20933.75;20938.75;823
20250114 183400;20938.25;20938.25;20927.5;20931.5;738
20250114 183500;20932;20935.75;20927.25;20935;579
20250114 183600;20935;20938;20932.75;20934.25;498
20250114 183700;20934;20951.5;20932.75;20949;1441
20250114 183800;20949.5;20955;20949.25;20950.25;649
20250114 183900;20950.75;20953.5;20946;20948;675
20250114 184000;20947.25;20955.75;20943;20954.75;801
20250114 184100;20954;20967;20950.25;20966.75;1230
20250114 184200;20966.75;20968;20960.5;20963.5;794
20250114 184300;20964.25;20969.25;20961.5;20964;697
20250114 184400;20964;20984.5;20964;20980;1473
20250114 184500;20980.25;20981;20973.75;20977;990
20250114 184600;20977.25;20977.75;20970.5;20974.5;767
20250114 184700;20974.25;20989.25;20972;20986.25;1298
20250114 184800;20986.25;20991.25;20982.75;20987.25;1132
20250114 184900;20987.25;20994.25;20983.5;20994;758
20250114 185000;20993.75;20995;20985.75;20991.5;857
20250114 185100;20991.75;20996.5;20989.5;20996;770
20250114 185200;20996;20999.5;20993;20995.25;850
20250114 185300;20995.5;21004.5;20993.25;20993.75;892
20250114 185400;20993.75;20997;20987.5;20992;1064
20250114 185500;20992;21003;20990.75;21001.5;931
20250114 185600;21001.5;21003.5;20998;21003;701
20250114 185700;21003;21010;21001.25;21003.75;1288
20250114 185800;21004;21007.5;20996.5;20996.75;751
20250114 185900;20997.25;20997.5;20990.5;20992.25;848
20250114 190000;20992.5;20999.5;20992.25;20997.25;735
20250114 190100;20997.5;20998;20984.5;20992.25;1224
20250114 190200;20992.5;20994;20981.25;20991.5;1467
20250114 190300;20991;21002;20988.75;20995.5;985
20250114 190400;20996;20999.25;20984.25;20984.75;785
20250114 190500;20984.75;20993.5;20981.5;20990.25;887
20250114 190600;20990;20992.75;20984;20984.75;346
20250114 190700;20984.25;21001.25;20983.75;20998;900
20250114 190800;20998.25;21003.25;20990.75;21002;666
20250114 190900;21000.75;21009;21000.75;21003.5;820
20250114 191000;21002.75;21004;20989.5;20994.25;877
20250114 191100;20994.5;20996.5;20986.5;20990.25;455
20250114 191200;20989.75;20992.25;20983.75;20989;439
20250114 191300;20988.5;20991;20975.5;20977;1388
20250114 191400;20976.75;20985.5;20972.75;20983;801
20250114 191500;20983.75;20991.5;20982;20990;603
20250114 191600;20989.75;20995;20988.5;20993;633
20250114 191700;20992.5;20997;20989.75;20991.5;477
20250114 191800;20992;20998.75;20989.5;20998.25;505
20250114 191900;20998.5;21013.25;20997.75;21010.75;1302
20250114 192000;21010.5;21011.75;20998;21003.25;985
20250114 192100;21003.25;21005;20993;20994;712
20250114 192200;20993.5;21003;20992.5;20999.75;545
20250114 192300;20999.75;21005.5;20998.75;21000.75;476
20250114 192400;21001;21003;20996.5;21000.5;357
20250114 192500;21001;21006.75;20998.75;21004;585
20250114 192600;21004.25;21011;20998.75;21003.5;741
20250114 192700;21002.5;21007.25;20997.25;21002.5;730
20250114 192800;21002.75;21003.5;20989.75;20993.25;746
20250114 192900;20992.5;20994;20985.75;20989.25;576
20250114 193000;20989.25;20989.75;20980;20982;732
20250114 193100;20981.75;20983.75;20975.75;20979.75;859
20250114 193200;20980.5;20984.25;20974.25;20982.25;811
20250114 193300;20982.5;20988.75;20982.25;20987.75;668
20250114 193400;20987.75;20995;20985;20994.75;776
20250114 193500;20994.5;21002;20988.25;20991.25;826
20250114 193600;20991.75;20998.75;20989.75;20997.75;546
20250114 193700;20997.75;21006;20997.75;21001.5;646
20250114 193800;21001;21002.25;20996.5;21001.5;390
20250114 193900;21001.25;21005;20997.5;21003;285
20250114 194000;21004.25;21006;20996.5;21000;442
20250114 194100;20999.5;20999.75;20992.5;20995.5;547
20250114 194200;20995;21002.5;20993;21000.75;415
20250114 194300;21000.75;21002.5;20991.75;20994;418
20250114 194400;20994.5;20995.25;20988.25;20989;413
20250114 194500;20989.25;20990.5;20980;20983.25;760
20250114 194600;20983.5;20984.75;20974.5;20977.5;755
20250114 194700;20976.75;20978;20971.75;20973.25;709
20250114 194800;20973.5;20979.5;20972;20975;558
20250114 194900;20975.5;20981.25;20973;20976.25;538
20250114 195000;20976.75;20979.75;20967;20970.25;830
20250114 195100;20970.25;20972.25;20962.5;20964.75;980
20250114 195200;20964.5;20965.5;20941.5;20943.25;1656
20250114 195300;20943.5;20948.75;20935.75;20937;1245
20250114 195400;20937.5;20939.5;20922.75;20927;1646
20250114 195500;20927.25;20930.25;20914.5;20919.75;1307
20250114 195600;20920.25;20922.5;20913.25;20914.75;1043
20250114 195700;20914.5;20914.5;20887.5;20889.75;2033
20250114 195800;20890.25;20891.75;20875.25;20878;1865
20250114 195900;20877.75;20881.5;20869;20871;1579
20250114 200000;20871.25;20875;20855.75;20860.5;2026
20250114 200100;20861.25;20875.75;20845;20848;2243
20250114 200200;20848;20850.25;20835.5;20837.75;1859
20250114 200300;20838;20845;20810;20815.5;2351
20250114 200400;20815.5;20827.5;20806.75;20822.75;2215
20250114 200500;20823;20823.25;20779;20790;3237
20250114 200600;20790;20808.5;20782;20804.25;2405
20250114 200700;20804;20811.5;20790.5;20792.25;1650
20250114 200800;20792;20798.75;20773.5;20796.25;2271
20250114 200900;20795.5;20811;20792.25;20807;2190
20250114 201000;20806.5;20813.75;20795;20803.25;1520
20250114 201100;20803;20803;20779.75;20786;1559
20250114 201200;20785.25;20798;20776.75;20782.25;1628
20250114 201300;20781.75;20796.25;20781.5;20794.5;924
20250114 201400;20794.5;20800;20786;20790.25;954
20250114 201500;20790;20800.5;20786.5;20788;928
20250114 201600;20788.25;20816;20788.25;20813;2035
20250114 201700;20813;20814;20795.25;20803;1294
20250114 201800;20802.75;20826.5;20798.75;20810;1669
20250114 201900;20809;20815.5;20799;20807.25;770
20250114 202000;20805.75;20812;20800.5;20809.75;569
20250114 202100;20810.5;20818;20800;20801.5;844
20250114 202200;20802.25;20808.75;20797;20801.5;834
20250114 202300;20802;20803.75;20789;20793.5;812
20250114 202400;20794.5;20808;20792.5;20808;831
20250114 202500;20808;20836.5;20808;20831.25;1943
20250114 202600;20831.5;20836.25;20824.25;20830.5;885
20250114 202700;20830.75;20831.5;20809.5;20815.75;927
20250114 202800;20816;20822.5;20812.5;20821.25;695
20250114 202900;20821.25;20832.25;20816.25;20826.5;882
20250114 203000;20827;20839.5;20826.75;20834.25;923
20250114 203100;20835.25;20855;20831.75;20835.75;2037
20250114 203200;20835.5;20838.25;20822.75;20824;1264
20250114 203300;20823.5;20829.75;20818.5;20825.25;945
20250114 203400;20825.75;20826;20814.75;20818.5;750
20250114 203500;20818;20824.25;20815;20821.5;584
20250114 203600;20822;20828.75;20816.25;20827.25;762
20250114 203700;20827;20843.75;20819.5;20829.75;1376
20250114 203800;20830;20837.25;20825.75;20829.5;812
20250114 203900;20829.25;20835.75;20810.5;20814.75;1223
20250114 204000;20814.75;20817.5;20800;20802;1222
20250114 204100;20801.75;20810.75;20799.25;20809.25;1107
20250114 204200;20808.75;20822.5;20808;20818.25;1026
20250114 204300;20818.25;20819.75;20805;20806.25;1054
20250114 204400;20807;20820.75;20798.75;20817;1213
20250114 204500;20817;20834.75;20816.75;20830.5;1163
20250114 204600;20831;20846.75;20830;20836.75;1383
20250114 204700;20837.5;20852.5;20836.75;20841.25;1169
20250114 204800;20842;20850.75;20834.25;20845;1104
20250114 204900;20845.75;20861.5;20845.5;20852.25;1655
20250114 205000;20851.75;20853.25;20843.75;20844.75;942
20250114 205100;20844.75;20877;20841.25;20876.25;2232
20250114 205200;20876;20894.75;20872;20885;2494
20250114 205300;20885.75;20894.5;20875.5;20880;1336
20250114 205400;20880.75;20895.5;20879.25;20890;1733
20250114 205500;20890;20898.75;20879.75;20894;2717
20250114 205600;20893;20905.75;20884.5;20893.25;2651
20250114 205700;20893.5;20909.25;20892.75;20904.75;1893
20250114 205800;20904.25;20913.25;20901.5;20906.5;1798
20250114 205900;20905;20907;20893;20893.25;1927
20250114 210000;20893;20929.25;20889.5;20922.25;8132
20250114 210100;20922.5;20948.25;20920.5;20947.75;3925
20250114 210200;20948;20959;20942.75;20956.5;1768
20250114 210300;20957;20962.5;20952.75;20959.25;1002
20250114 210400;20960.25;20964.25;20955;20963.75;780
20250114 210500;20964;20972;20963;20969.25;760
20250114 210600;20968.75;20974.5;20966;20970.5;661
20250114 210700;20971.5;20978.75;20968.75;20971.75;536
20250114 210800;20971.75;20979.5;20970.75;20975.75;497
20250114 210900;20976;20980.5;20972.75;20978.25;725
20250114 211000;20978.75;20982.75;20976;20978.75;601
20250114 211100;20977.75;20979.25;20974.25;20976.5;403
20250114 211200;20976.5;20979.25;20969;20977;554
20250114 211300;20978;20986.25;20977;20982.75;547
20250114 211400;20983.25;20983.25;20977.5;20978.5;302
20250114 211500;20978.25;20979;20969.25;20975.5;550
20250114 211600;20976;20982;20976;20981.75;250
20250114 211700;20982.75;20984.5;20979.25;20979.5;205
20250114 211800;20980.25;20983.75;20977.75;20982.5;136
20250114 211900;20982.25;20985.75;20980.25;20984.25;171
20250114 212000;20984.25;20992.25;20980.75;20988.25;436
20250114 212100;20987.75;20993;20984.5;20985;226
20250114 212200;20984.5;20988.5;20983.25;20987.75;152
20250114 212300;20987.25;20989;20983;20983.75;130
20250114 212400;20983.25;20983.75;20979.25;20980.5;146
20250114 212500;20981.25;20981.5;20977;20978.25;116
20250114 212600;20979.5;20982.75;20979.25;20982;106
20250114 212700;20982.5;20986.25;20982;20983.25;140
20250114 212800;20983;20983.25;20979.25;20980.5;100
20250114 212900;20980.25;20985.25;20978;20984;240
20250114 213000;20984;20986;20984;20984.5;75
20250114 213100;20984.5;20986.5;20980.25;20980.25;101
20250114 213200;20980.5;20982.25;20978.75;20982;85
20250114 213300;20982;20982;20979;20981;73
20250114 213400;20981;20984;20980.5;20980.75;80
20250114 213500;20980.75;20984.5;20980.75;20983;113
20250114 213600;20983.25;20990.5;20983.25;20990.5;249
20250114 213700;20989.5;20990.25;20984.5;20986.25;91
20250114 213800;20986;20987.75;20985.25;20986.75;56
20250114 213900;20986.5;20993;20986;20990.75;153
20250114 214000;20990.5;20991.5;20984.75;20985.5;117
20250114 214100;20985.25;20988.5;20982.75;20987.5;131
20250114 214200;20987;20987.5;20986;20986.5;33
20250114 214300;20986.5;20987;20985;20986;69
20250114 214400;20986;20987;20984.25;20984.25;82
20250114 214500;20984.25;20993.75;20982.75;20991;240
20250114 214600;20990.75;20991;20980;20981;209
20250114 214700;20982.25;20984;20980.75;20982.5;72
20250114 214800;20983.25;20983.25;20977;20977;119
20250114 214900;20977.25;20977.75;20972.5;20972.5;127
20250114 215000;20972.75;20974.75;20971.25;20974.25;184
20250114 215100;20974.5;20977.25;20974;20976.25;83
20250114 215200;20975.25;20979.25;20974.75;20979.25;53
20250114 215300;20979.25;20980.75;20978.25;20978.25;67
20250114 215400;20978;20979.5;20977.75;20979.25;33
20250114 215500;20979.25;20979.25;20972.25;20972.75;96
20250114 215600;20973.25;20975;20973;20974;57
20250114 215700;20975;20978.25;20974.75;20978;39
20250114 215800;20978.25;20979.25;20977;20977.5;26
20250114 215900;20977.25;20978;20976;20978;49
20250114 220000;20977.5;20978.25;20975;20977.5;115
20250114 230100;20977;20977;20965.5;20969.75;377
20250114 230200;20969.75;20969.75;20959.75;20967.5;153
20250114 230300;20967.25;20970.75;20964;20965.25;108
20250114 230400;20966.5;20966.75;20960.25;20962.25;72
20250114 230500;20963.25;20965;20957.75;20960.25;93
20250114 230600;20959.5;20959.5;20952.5;20954.25;136
20250114 230700;20955.5;20958;20954.75;20954.75;41
20250114 230800;20956.25;20960;20956.25;20957.5;71
20250114 230900;20957;20957;20953.5;20953.5;68
20250114 231000;20953.25;20955.25;20952.75;20953.25;41
20250114 231100;20953.5;20963;20953.5;20958.25;233
20250114 231200;20958.75;20959.25;20957;20958.25;33
20250114 231300;20959;20960.5;20956.25;20956.75;68
20250114 231400;20957.5;20959.75;20957;20959;19
20250114 231500;20958.25;20959.25;20954.5;20954.5;54
20250114 231600;20954.5;20955.5;20949.25;20953.5;226
20250114 231700;20955;20955.25;20951;20951;42
20250114 231800;20952;20952.5;20950.25;20950.25;29
20250114 231900;20950;20950.25;20948;20949.5;35
20250114 232000;20949.25;20954.25;20949.25;20952.75;82
20250114 232100;20951;20951.25;20947;20947.25;62
20250114 232200;20947.5;20950.75;20946;20947;84
20250114 232300;20946.75;20949.5;20946.25;20948;36
20250114 232400;20948.75;20954;20948;20954;87
20250114 232500;20954.25;20955.75;20952.5;20954.75;78
20250114 232600;20954.75;20955;20952.75;20953.5;33
20250114 232700;20953.5;20954.25;20953.25;20953.5;27
20250114 232800;20953.5;20953.5;20951;20953.25;31
20250114 232900;20952.25;20954;20950.75;20952.5;100
20250114 233000;20951.75;20953;20949.25;20953;78
20250114 233100;20952.5;20955.75;20950.75;20951.5;89
20250114 233200;20952;20952;20949.5;20951.25;25
20250114 233300;20951;20952.5;20949.5;20949.75;25
20250114 233400;20949.75;20950.5;20947.5;20948;60
20250114 233500;20948.75;20948.75;20945.25;20946.25;31
20250114 233600;20947;20947;20939.75;20943;171
20250114 233700;20942.25;20944.25;20941;20941.25;30
20250114 233800;20941.5;20953;20941.5;20950.75;141
20250114 233900;20951.25;20951.25;20948.75;20949;23
20250114 234000;20949.75;20951.25;20949.25;20951;42
20250114 234100;20950.5;20951;20949;20949.5;32
20250114 234200;20949.25;20950;20948.5;20949;37
20250114 234300;20948.25;20948.25;20942;20942.75;72
20250114 234400;20942;20945.25;20940.5;20944.75;59
20250114 234500;20944.5;20944.5;20941.25;20942;28
20250114 234600;20941.25;20942.75;20940.25;20942.25;34
20250114 234700;20943;20944.75;20940.5;20940.5;30
20250114 234800;20940;20943.5;20940;20942;28
20250114 234900;20942.75;20944;20942;20942;33
20250114 235000;20942.75;20943.5;20939.5;20940.5;59
20250114 235100;20941.75;20943.75;20938.5;20943;56
20250114 235200;20943;20945;20942.5;20944.75;29
20250114 235300;20945;20946.75;20944;20946.5;31
20250114 235400;20945.75;20948.75;20944.75;20947.5;38
20250114 235500;20947.25;20949;20946;20946.75;57
20250114 235600;20946.5;20947.5;20945.75;20947.5;22
20250114 235700;20948.25;20948.75;20947.25;20948.75;12
20250114 235800;20949;20949;20947.25;20948.25;20
20250114 235900;20947.75;20948.25;20946.25;20947.75;36
20250115 000000;20947;20948;20946;20948;25
20250115 000100;20947.75;20949.25;20946.75;20947;35
20250115 000200;20946.25;20948.75;20945;20946.25;45
20250115 000300;20946.25;20947.5;20943.25;20946.75;72
20250115 000400;20946;20947;20945;20945.5;47
20250115 000500;20945.75;20946;20944;20944.75;24
20250115 000600;20945;20946.75;20942.5;20945.5;46
20250115 000700;20944;20944.75;20943;20943;28
20250115 000800;20943.5;20944.25;20940.5;20944.25;76
20250115 000900;20943.75;20944.25;20941.5;20943;65
20250115 001000;20942.75;20944.25;20941.25;20943.5;53
20250115 001100;20943.5;20943.75;20941;20942.25;27
20250115 001200;20942;20942.25;20939;20940;69
20250115 001300;20940.75;20940.75;20938.5;20939.5;42
20250115 001400;20939;20939.25;20937.25;20938.75;42
20250115 001500;20939;20941.25;20939;20940.5;23
20250115 001600;20941;20944;20940.75;20943.25;83
20250115 001700;20943.25;20943.25;20941.25;20942.25;26
20250115 001800;20943.25;20944.25;20942.25;20942.25;14
20250115 001900;20943;20945.75;20943;20944.5;41
20250115 002000;20944.25;20948.5;20943.75;20946.75;81
20250115 002100;20946.25;20950.75;20946;20950.25;101
20250115 002200;20950.75;20950.75;20947.25;20947.25;46
20250115 002300;20947.25;20948.5;20945.5;20946.75;66
20250115 002400;20947.5;20948.75;20944.5;20945;76
20250115 002500;20944.75;20945.5;20944.5;20945;8
20250115 002600;20944.5;20945.5;20944.25;20945;21
20250115 002700;20945.5;20947;20943.5;20946.5;48
20250115 002800;20946;20946;20944;20945;18
20250115 002900;20945.25;20947.25;20945.25;20946;19
20250115 003000;20945.75;20945.75;20941.5;20941.5;78
20250115 003100;20941.5;20942.75;20940.75;20942;40
20250115 003200;20942;20944.5;20941.75;20944;51
20250115 003300;20943.75;20944.5;20943;20943;32
20250115 003400;20942.75;20943.25;20941;20943.25;27
20250115 003500;20943.75;20945;20943;20944;17
20250115 003600;20944.5;20944.75;20942.75;20943.25;24
20250115 003700;20943.25;20945.25;20943.25;20945.25;22
20250115 003800;20945.5;20948;20945.25;20946.75;56
20250115 003900;20946.75;20947.5;20945.25;20946;37
20250115 004000;20946.25;20947.75;20945;20946.75;25
20250115 004100;20947.75;20949.5;20947.75;20948.25;49
20250115 004200;20949;20951.25;20948.5;20951;89
20250115 004300;20951;20951.75;20948.25;20948.5;105
20250115 004400;20948.25;20949;20946;20947.25;52
20250115 004500;20946.75;20948.75;20946.75;20948.5;27
20250115 004600;20948.25;20949.25;20944.25;20944.25;39
20250115 004700;20944.75;20945.5;20944;20945.25;18
20250115 004800;20945.75;20946.25;20944;20944.5;24
20250115 004900;20944.75;20945;20943.75;20943.75;17
20250115 005000;20944;20948.75;20944;20948.75;53
20250115 005100;20949;20949.75;20948.25;20948.75;30
20250115 005200;20948.75;20949.75;20946.5;20949.5;42
20250115 005300;20949.5;20949.75;20948.25;20948.25;22
20250115 005400;20949;20949;20945.5;20947;35
20250115 005500;20947.25;20947.75;20946.5;20946.5;23
20250115 005600;20946;20947.5;20945.75;20947.25;21
20250115 005700;20947;20949;20947;20948.75;18
20250115 005800;20948.5;20949.25;20948;20948.75;13
20250115 005900;20949.5;20957;20949.5;20956.5;188
20250115 010000;20956.25;20958.25;20955;20955;73
20250115 010100;20955.5;20960.75;20955;20959;145
20250115 010200;20959.25;20962.75;20959.25;20961.75;167
20250115 010300;20961.5;20962.25;20955.25;20959;123
20250115 010400;20959.25;20960.75;20956.5;20958.75;63
20250115 010500;20958.75;20960.75;20958.5;20959.75;36
20250115 010600;20959.5;20963.5;20958;20961.75;65
20250115 010700;20961.5;20962.5;20960.25;20961.25;39
20250115 010800;20960.75;20961;20958.25;20960.25;34
20250115 010900;20961.25;20963.5;20960;20961;50
20250115 011000;20961;20961;20959;20959.75;25
20250115 011100;20960;20961.75;20959.75;20960.5;23
20250115 011200;20961.5;20961.5;20957.75;20958.75;33
20250115 011300;20958;20958.25;20952.5;20953.25;99
20250115 011400;20952.5;20954.75;20950.25;20954.75;127
20250115 011500;20955.25;20955.75;20954;20954;27
20250115 011600;20954.5;20957;20953.25;20956;49
20250115 011700;20956.25;20958.25;20954;20957;56
20250115 011800;20957.25;20958.5;20956.5;20956.75;39
20250115 011900;20956.75;20956.75;20954.75;20956.5;22
20250115 012000;20956.25;20958;20955.75;20957.25;11
20250115 012100;20957;20958;20956;20956;23
20250115 012200;20956.5;20956.5;20954;20955.5;25
20250115 012300;20955.25;20957.75;20955;20956.75;23
20250115 012400;20956.5;20956.75;20956;20956.5;14
20250115 012500;20956.75;20956.75;20955.5;20956;12
20250115 012600;20955.5;20956.75;20952.25;20952.25;53
20250115 012700;20951.75;20955.75;20951.75;20955.25;18
20250115 012800;20955.25;20957.5;20954.5;20956.75;37
20250115 012900;20957.5;20958;20956.5;20958;25
20250115 013000;20957.75;20958.25;20955.5;20956;43
20250115 013100;20955.5;20955.5;20952.75;20953.75;37
20250115 013200;20954.5;20954.5;20949.5;20951;83
20250115 013300;20951;20954;20950.25;20950.75;52
20250115 013400;20952;20952.25;20946.5;20947;63
20250115 013500;20947.25;20947.25;20941;20944.25;164
20250115 013600;20945;20946.5;20944;20944.75;33
20250115 013700;20944.5;20947.5;20944;20945;35
20250115 013800;20945;20948.5;20943;20948.5;77
20250115 013900;20948;20953;20947.75;20951;83
20250115 014000;20951.25;20952;20948.5;20948.5;41
20250115 014100;20948.5;20950.5;20946.75;20950.5;42
20250115 014200;20949.5;20950;20947.25;20949.75;26
20250115 014300;20949.75;20949.75;20949;20949.5;5
20250115 014400;20950;20952.5;20950;20950.75;43
20250115 014500;20950.5;20950.5;20947.25;20947.25;19
20250115 014600;20949.25;20949.5;20946.75;20947.75;29
20250115 014700;20947.25;20951.5;20947.25;20951.5;31
20250115 014800;20950.25;20951;20949.5;20950.75;19
20250115 014900;20949.5;20949.75;20948.25;20949.75;15
20250115 015000;20949.5;20952;20949.5;20951.75;18
20250115 015100;20951.5;20952.5;20950.75;20951.25;15
20250115 015200;20952;20952;20948.75;20948.75;25
20250115 015300;20950.25;20951.25;20950;20951.25;11
20250115 015400;20950.5;20955.25;20949.5;20955;48
20250115 015500;20954;20955.75;20952.75;20955.25;62
20250115 015600;20955.25;20956.5;20954;20956;49
20250115 015700;20954.75;20954.75;20952.75;20953.75;29
20250115 015800;20953;20953.5;20950.75;20952.5;24
20250115 015900;20954;20955.5;20954;20954.5;17
20250115 020000;20954;20954.75;20953;20953;15
20250115 020100;20953;20955.25;20952.25;20954.75;43
20250115 020200;20954.5;20956.5;20954;20955.5;54
20250115 020300;20955;20955;20952.25;20953.5;24
20250115 020400;20953.75;20954;20950.75;20953;34
20250115 020500;20953.5;20953.75;20953;20953.75;8
20250115 020600;20952.75;20952.75;20950;20952;59
20250115 020700;20952.25;20952.75;20950.25;20951;26
20250115 020800;20950;20952.75;20949.5;20951;38
20250115 020900;20950.5;20950.5;20947.75;20948.75;35
20250115 021000;20949.25;20950.25;20946.75;20949.5;44
20250115 021100;20949.25;20950.5;20948;20948.75;51
20250115 021200;20950;20950;20947;20947;35
20250115 021300;20946.5;20949;20946;20948;62
20250115 021400;20948.25;20948.25;20946.75;20946.75;14
20250115 021500;20946.5;20947;20944.25;20946.75;64
20250115 021600;20947.25;20947.75;20944.75;20945.25;54
20250115 021700;20944.75;20948.75;20944.75;20948.25;40
20250115 021800;20948.5;20950.25;20948;20949.5;28
20250115 021900;20949.25;20949.5;20948;20948.75;15
20250115 022000;20948.75;20948.75;20947.75;20948;10
20250115 022100;20948;20950.5;20948;20950.5;29
20250115 022200;20950;20950;20949;20949.75;7
20250115 022300;20950.5;20951.5;20949.5;20950.25;51
20250115 022400;20949.75;20949.75;20948.75;20949.5;38
20250115 022500;20949.75;20950;20947.75;20947.75;13
20250115 022600;20947.75;20950.25;20946.75;20950.25;13
20250115 022700;20950.25;20951.25;20950.25;20951.25;37
20250115 022800;20951.25;20951.25;20950;20951;28
20250115 022900;20951.75;20952.25;20951.5;20951.75;18
20250115 023000;20952.5;20952.75;20950.75;20950.75;23
20250115 023100;20951.25;20951.25;20948.75;20948.75;13
20250115 023200;20948.25;20948.25;20946.5;20946.75;24
20250115 023300;20947;20947;20945;20945.25;19
20250115 023400;20945.5;20946;20942.75;20946;59
20250115 023500;20945.5;20945.5;20942;20943.75;46
20250115 023600;20944.25;20944.25;20940.25;20940.25;103
20250115 023700;20940.25;20943.25;20940;20942.75;22
20250115 023800;20942;20942.25;20941.5;20941.75;11
20250115 023900;20942.25;20942.25;20939.25;20940.5;38
20250115 024000;20940;20940.5;20933.5;20936;352
20250115 024100;20935.5;20940;20935.5;20939.25;133
20250115 024200;20938.25;20940.5;20938;20938.75;50
20250115 024300;20939;20940.5;20938.75;20940.5;8
20250115 024400;20940.5;20941.25;20939.75;20940.5;33
20250115 024500;20941.25;20941.5;20940.5;20941.25;17
20250115 024600;20940;20940;20937.75;20938.75;38
20250115 024700;20939.5;20939.5;20937;20939.25;72
20250115 024800;20939.25;20940.75;20938;20938.75;32
20250115 024900;20938.75;20939.25;20933.5;20933.75;75
20250115 025000;20933.25;20934.25;20931.5;20933.5;71
20250115 025100;20934.75;20936.75;20934;20935.5;53
20250115 025200;20936.5;20938.5;20935;20937.75;24
20250115 025300;20938;20938;20933.25;20935;56
20250115 025400;20935;20935.25;20933.25;20934;14
20250115 025500;20934.25;20936.25;20934;20934.5;22
20250115 025600;20934.75;20935.25;20934.75;20935.25;14
20250115 025700;20936;20936.5;20934.5;20935.25;17
20250115 025800;20936;20937.25;20935.5;20937;27
20250115 025900;20936.75;20938.5;20936.5;20937.5;31
20250115 030000;20937.5;20937.75;20937.25;20937.75;9
20250115 030100;20936.75;20937;20933.5;20933.5;46
20250115 030200;20934;20934.25;20933.25;20934.25;8
20250115 030300;20934.25;20934.75;20934.25;20934.75;9
20250115 030400;20935;20935.5;20933.75;20934.75;31
20250115 030500;20935.25;20935.75;20934.25;20934.5;10
20250115 030600;20934;20935;20933.25;20933.25;18
20250115 030700;20934.75;20934.75;20934.75;20934.75;1
20250115 030800;20933.25;20934.5;20932;20932;33
20250115 030900;20932.25;20934.75;20932.25;20933;50
20250115 031000;20933;20933;20932;20932.25;27
20250115 031100;20933;20937;20933;20936.25;47
20250115 031200;20936.75;20936.75;20935.25;20936.25;22
20250115 031300;20936.5;20937.25;20936.25;20936.75;20
20250115 031400;20936;20937.25;20935.25;20936.75;26
20250115 031500;20937;20938.75;20936.25;20938.5;34
20250115 031600;20938.75;20941.25;20938;20940.5;150
20250115 031700;20940.75;20944;20940.75;20943.5;105
20250115 031800;20943;20944.25;20942;20942.75;62
20250115 031900;20942;20943.25;20940.75;20941.25;44
20250115 032000;20942;20942;20938.5;20940;65
20250115 032100;20939.5;20940.5;20937.75;20938.5;39
20250115 032200;20938.75;20940.25;20937.25;20939.75;28
20250115 032300;20940.25;20940.75;20938.25;20940.75;31
20250115 032400;20940.75;20941.5;20940.75;20941.25;11
20250115 032500;20940;20940.25;20938.25;20939;14
20250115 032600;20938.75;20941.75;20938.75;20940.25;42
20250115 032700;20940.25;20941.75;20939.75;20941.75;16
20250115 032800;20941;20941.25;20939.75;20940;13
20250115 032900;20940.75;20940.75;20939.25;20940.25;15
20250115 033000;20939.75;20940;20937.5;20937.5;27
20250115 033100;20938.75;20939.75;20934.5;20934.5;56
20250115 033200;20934.5;20934.5;20931.25;20933.5;111
20250115 033300;20934;20934.5;20933.25;20934.5;22
20250115 033400;20935.25;20936;20935.25;20936;4
20250115 033500;20935.25;20935.25;20934;20934.5;15
20250115 033600;20935;20936.75;20935;20936.75;28
20250115 033700;20936.75;20942;20936;20941.25;80
20250115 033800;20941;20941.25;20939;20939;22
20250115 033900;20939;20940.25;20939;20940.25;5
20250115 034000;20940.25;20942.25;20940.25;20941.5;32
20250115 034100;20941.75;20942.25;20939;20939.25;20
20250115 034200;20939.25;20939.75;20938.5;20938.5;13
20250115 034300;20939;20939.25;20937.5;20938.5;10
20250115 034400;20938;20938;20936.75;20937.25;13
20250115 034500;20936.75;20937.25;20935;20935;28
20250115 034600;20935;20936.75;20935;20935.75;18
20250115 034700;20936.25;20936.75;20935.75;20935.75;11
20250115 034800;20936.25;20937.5;20936;20937.5;19
20250115 034900;20936.25;20937.25;20936.25;20936.75;18
20250115 035000;20936.75;20937.5;20936;20936.75;14
20250115 035100;20936.25;20937;20934.25;20935.5;40
20250115 035200;20935.5;20936.5;20934.5;20936.5;17
20250115 035300;20935.75;20936;20934.5;20935.25;15
20250115 035400;20935;20937;20935;20937;16
20250115 035500;20937.25;20938;20936;20938;21
20250115 035600;20937.75;20938;20934.75;20935.25;33
20250115 035700;20935.5;20936;20932.75;20934.75;74
20250115 035800;20935;20936.25;20934.75;20935.25;19
20250115 035900;20935.25;20936;20935.25;20936;9
20250115 040000;20935.75;20936.5;20935;20935.25;13
20250115 040100;20936;20936.25;20933;20933.25;44
20250115 040200;20933;20934;20932.75;20933.5;17
20250115 040300;20933.5;20933.75;20932.5;20933;20
20250115 040400;20933;20933;20930;20931;102
20250115 040500;20931;20931.75;20930.75;20931.25;18
20250115 040600;20931.75;20932;20930;20930.5;34
20250115 040700;20930.5;20930.75;20928.5;20930.75;58
20250115 040800;20930.25;20930.25;20927.5;20928;67
20250115 040900;20928.25;20929.5;20927;20928.75;75
20250115 041000;20928;20928.25;20927.25;20927.75;23
20250115 041100;20928;20930;20927.5;20928.5;34
20250115 041200;20928.5;20929.25;20928.25;20928.75;27
20250115 041300;20929.25;20930;20928;20928.75;31
20250115 041400;20928.5;20929.75;20928.25;20929.25;24
20250115 041500;20929.5;20930.75;20929.25;20930.5;14
20250115 041600;20930;20931.25;20930;20931.25;35
20250115 041700;20931.5;20933;20931.25;20932;53
20250115 041800;20932.5;20933.25;20931.5;20933;37
20250115 041900;20932.75;20934.25;20930.75;20931.5;72
20250115 042000;20932.25;20932.25;20931.5;20931.5;8
20250115 042100;20931.75;20932.75;20931.75;20932;30
20250115 042200;20932;20933;20932;20932.75;24
20250115 042300;20932.75;20935.5;20932.75;20935;40
20250115 042400;20934.5;20935.25;20934;20934.5;42
20250115 042500;20934.5;20934.75;20932;20934;56
20250115 042600;20934.5;20934.75;20934;20934;15
20250115 042700;20934.25;20935;20933.5;20934;24
20250115 042800;20933.5;20933.5;20930.75;20931.75;44
20250115 042900;20931.25;20931.75;20930.75;20931.75;12
20250115 043000;20932.25;20932.5;20930.25;20930.75;17
20250115 043100;20930.75;20938.25;20930.75;20938;77
20250115 043200;20937.5;20939.75;20936.75;20939.25;70
20250115 043300;20939.75;20940.25;20939.25;20940;19
20250115 043400;20940.25;20941.75;20938.25;20939.75;51
20250115 043500;20939.5;20940.75;20939.5;20940;17
20250115 043600;20940.25;20941.25;20939.25;20939.5;29
20250115 043700;20939.75;20940.25;20939.25;20939.25;10
20250115 043800;20940;20940;20938.25;20938.25;36
20250115 043900;20938;20938.5;20937;20938;20
20250115 044000;20938.75;20939.25;20938.5;20938.5;8
20250115 044100;20939.5;20941.25;20939.5;20940.5;22
20250115 044200;20940.5;20941;20939.5;20940;15
20250115 044300;20940;20940;20938.5;20938.5;25
20250115 044400;20939.25;20939.25;20938.25;20938.5;7
20250115 044500;20939;20939.25;20938.5;20939;8
20250115 044600;20939.25;20939.25;20937.75;20938.75;25
20250115 044700;20938.75;20939.5;20938.75;20938.75;8
20250115 044800;20939;20940.75;20939;20940;14
20250115 044900;20940;20940.75;20939.5;20940.75;19
20250115 045000;20941.25;20943.75;20941.25;20942.75;45
20250115 045100;20943.25;20945.75;20943.25;20945.25;73
20250115 045200;20945.75;20945.75;20944.5;20945.5;13
20250115 045300;20945.25;20946.25;20944.25;20946.25;38
20250115 045400;20946.25;20947.25;20945;20945;36
20250115 045500;20945;20945.75;20944.75;20945.5;14
20250115 045600;20945.5;20946;20944.25;20945.75;31
20250115 045700;20945;20945.75;20943.5;20944;30
20250115 045800;20944.5;20944.5;20943.25;20944;17
20250115 045900;20943.75;20944.25;20943.5;20943.5;14
20250115 050000;20944;20945;20943.5;20945;14
20250115 050100;20944.5;20945;20942.25;20942.25;47
20250115 050200;20941.75;20942;20934;20935.75;188
20250115 050300;20935.25;20939.5;20934;20938;66
20250115 050400;20938.75;20939.25;20936.25;20939.25;58
20250115 050500;20938;20940.25;20937.5;20940.25;29
20250115 050600;20939.5;20941.5;20939.5;20941.5;26
20250115 050700;20942.75;20944;20941.5;20941.5;42
20250115 050800;20942;20944.5;20941.75;20944;34
20250115 050900;20944;20945.25;20944;20944.75;29
20250115 051000;20945;20945;20942.25;20944.25;39
20250115 051100;20943.75;20945;20943;20943;26
20250115 051200;20943.75;20944;20942.5;20943.25;12
20250115 051300;20943.25;20944;20940.75;20941.75;21
20250115 051400;20941.75;20943.75;20941.75;20942.75;19
20250115 051500;20942;20944;20942;20943.75;21
20250115 051600;20943.75;20945;20943.75;20944;20
20250115 051700;20944;20946.25;20944;20946;45
20250115 051800;20946.5;20947;20945;20945.75;38
20250115 051900;20946;20946;20941.5;20942.25;192
20250115 052000;20942.25;20942.25;20939.75;20941.25;56
20250115 052100;20941.5;20943.25;20941;20941;27
20250115 052200;20940.5;20940.5;20939.25;20939.5;16
20250115 052300;20940.25;20941;20939.5;20940.75;11
20250115 052400;20940.25;20943.5;20940.25;20943.5;21
20250115 052500;20943.5;20946.5;20943.5;20943.5;62
20250115 052600;20943.25;20943.5;20941.25;20941.25;13
20250115 052700;20942.75;20942.75;20941.5;20941.75;4
20250115 052800;20941;20941.75;20940.75;20941.25;17
20250115 052900;20942.5;20943.75;20941.5;20943.75;13
20250115 053000;20944;20945;20943.5;20944.75;28
20250115 053100;20944.5;20948.5;20944.25;20946.75;41
20250115 053200;20948;20951;20948;20949.25;128
20250115 053300;20948.5;20949.25;20948;20949;25
20250115 053400;20948.5;20949;20947.25;20947.25;37
20250115 053500;20947.5;20948.5;20941.75;20943;84
20250115 053600;20943;20945;20942.75;20943.5;39
20250115 053700;20944.75;20945.25;20943.5;20944.25;11
20250115 053800;20944;20944.5;20943;20944.5;18
20250115 053900;20944.75;20944.75;20943.25;20944;8
20250115 054000;20944.25;20945;20943.25;20943.5;17
20250115 054100;20943.5;20944.25;20942.25;20942.25;18
20250115 054200;20942.5;20942.5;20941;20942;46
20250115 054300;20942;20942.75;20940.5;20942.5;22
20250115 054400;20942.5;20945.25;20942.25;20945.25;29
20250115 054500;20944.75;20944.75;20943.5;20944.5;11
20250115 054600;20945;20946.75;20944.75;20946.75;16
20250115 054700;20947.25;20947.25;20946.5;20946.5;11
20250115 054800;20946.75;20947;20945.75;20945.75;11
20250115 054900;20946.5;20946.75;20945.25;20946.75;12
20250115 055000;20945.75;20946.25;20945.25;20945.25;5
20250115 055100;20945.5;20945.75;20944.75;20944.75;11
20250115 055200;20944.5;20944.5;20943.5;20944;7
20250115 055300;20944.5;20945.75;20944.25;20945.75;8
20250115 055400;20945.75;20947.75;20945.75;20946.25;25
20250115 055500;20946.75;20946.75;20945;20945.5;11
20250115 055600;20945;20946.5;20945;20945.75;13
20250115 055700;20946;20946;20944.75;20944.75;13
20250115 055800;20944.5;20944.5;20942.75;20942.75;10
20250115 055900;20943;20944;20942.5;20944;12
20250115 060000;20943;20943.5;20942.75;20943;8
20250115 060100;20943.25;20946.25;20942.75;20945;43
20250115 060200;20945.75;20946.75;20943.75;20944.75;23
20250115 060300;20944.25;20945;20942.75;20942.75;23
20250115 060400;20944.75;20945;20944.25;20944.75;11
20250115 060500;20945;20945.75;20945;20945.5;10
20250115 060600;20946.5;20947.5;20945.5;20945.5;12
20250115 060700;20944.75;20945.25;20943.25;20943.25;9
20250115 060800;20943.25;20944.25;20943.25;20943.25;5
20250115 060900;20943;20943;20941.25;20942;35
20250115 061000;20941.5;20942.75;20941.5;20942;13
20250115 061100;20941;20942.5;20941;20941.75;32
20250115 061200;20941;20943.5;20940.75;20943.5;20
20250115 061300;20942.5;20943.75;20941.25;20943.25;18
20250115 061400;20942.25;20943.5;20941;20941;22
20250115 061500;20940.25;20941.25;20939.25;20940.75;29
20250115 061600;20940;20943;20940;20941.75;23
20250115 061700;20942.75;20944.75;20942.75;20944.75;33
20250115 061800;20944;20945.25;20943.75;20945.25;13
20250115 061900;20944.5;20944.5;20944;20944;6
20250115 062000;20943.5;20943.5;20942.75;20942.75;13
20250115 062100;20944;20946;20943.75;20945;17
20250115 062200;20945.5;20945.5;20945;20945.5;4
20250115 062300;20945.5;20945.75;20945.5;20945.75;10
20250115 062400;20945.5;20947.75;20945;20945.75;24
20250115 062500;20946;20946.75;20945.75;20946;16
20250115 062600;20946.25;20949;20946.25;20947.75;51
20250115 062700;20948;20948.25;20947.25;20948;16
20250115 062800;20948;20948;20948;20948;3
20250115 062900;20947.75;20948;20947.5;20948;11
20250115 063000;20948.5;20948.5;20947.5;20948;14
20250115 063100;20947.25;20949.75;20947;20949.25;50
20250115 063200;20949.25;20950.25;20947.25;20948;35
20250115 063300;20947.5;20948;20946.75;20946.75;11
20250115 063400;20946.75;20947.75;20945.75;20946.5;11
20250115 063500;20947.75;20950;20946.25;20948.75;60
20250115 063600;20949;20950;20948;20950;18
20250115 063700;20949.5;20953.5;20949;20953.5;113
20250115 063800;20953;20956.5;20953;20956.5;73
20250115 063900;20956.5;20956.75;20953.25;20953.25;25
20250115 064000;20953.75;20953.75;20952.5;20953;13
20250115 064100;20952.25;20952.5;20950.25;20950.75;35
20250115 064200;20950.75;20955.25;20950.75;20954;79
20250115 064300;20954.5;20955.75;20954.25;20955.75;11
20250115 064400;20955.5;20956.75;20955.5;20955.5;29
20250115 064500;20955.75;20955.75;20954.5;20955;26
20250115 064600;20955.75;20956;20955.25;20955.25;7
20250115 064700;20955.25;20955.25;20953.75;20954;22
20250115 064800;20953.5;20953.5;20951.25;20951.5;27
20250115 064900;20952;20952;20950.25;20951.25;42
20250115 065000;20952;20952;20950;20950;14
20250115 065100;20950.25;20952.25;20950.25;20952.25;16
20250115 065200;20951.25;20951.75;20950.75;20951.5;27
20250115 065300;20951;20953.25;20950.25;20953;26
20250115 065400;20952.75;20952.75;20950;20951.5;20
20250115 065500;20950.25;20950.25;20948.5;20948.5;9
20250115 065600;20949;20950.25;20947.5;20947.5;32
20250115 065700;20948.25;20948.25;20946.5;20946.75;68
20250115 065800;20947;20947;20945;20946;25
20250115 065900;20946;20946.25;20945;20946;24
20250115 070000;20946.5;20948.25;20946.25;20948.25;37
20250115 070100;20947.5;20957.5;20947.25;20956.25;200
20250115 070200;20956;20957;20952;20952.25;53
20250115 070300;20952;20957.75;20952;20955.25;56
20250115 070400;20954.75;20955;20953;20953;19
20250115 070500;20953;20955.25;20952.5;20954.5;38
20250115 070600;20955.25;20955.5;20953.25;20955;23
20250115 070700;20955.25;20955.25;20954.25;20954.25;9
20250115 070800;20954.25;20956.75;20952.75;20956.25;82
20250115 070900;20956.75;20958.5;20954;20954.5;143
20250115 071000;20955.25;20955.75;20953.5;20955.75;30
20250115 071100;20956;20958.25;20955.75;20958.25;38
20250115 071200;20957.5;20958.75;20954.75;20958;68
20250115 071300;20958;20958.5;20957;20958;15
20250115 071400;20957.5;20959.25;20957;20958.5;28
20250115 071500;20958.5;20959.25;20958.5;20959;19
20250115 071600;20958.75;20959.25;20957.5;20957.5;17
20250115 071700;20957.5;20959;20955;20956;74
20250115 071800;20956.75;20958.75;20956.25;20958.75;23
20250115 071900;20958.25;20958.25;20957.25;20957.5;20
20250115 072000;20956;20957;20955.5;20956.5;22
20250115 072100;20956.25;20956.25;20952.5;20953.5;44
20250115 072200;20953;20953;20949.75;20952.75;65
20250115 072300;20952.5;20955;20952.25;20954.75;46
20250115 072400;20954.75;20954.75;20952.5;20952.5;18
20250115 072500;20952.25;20952.75;20951;20951.25;15
20250115 072600;20951.5;20952.75;20950;20951;30
20250115 072700;20951.5;20953.25;20951.5;20952.25;35
20250115 072800;20953.25;20953.5;20950.25;20951;51
20250115 072900;20951.75;20952.75;20950;20952.75;25
20250115 073000;20952.75;20954.5;20952.25;20954;13
20250115 073100;20954.5;20957.25;20954.5;20954.75;46
20250115 073200;20954.25;20954.25;20952.5;20952.5;31
20250115 073300;20952;20953;20951.75;20952.25;22
20250115 073400;20952;20953.75;20951.25;20952.5;23
20250115 073500;20953;20953;20950.25;20950.25;18
20250115 073600;20950.75;20952.25;20950;20952;14
20250115 073700;20950.75;20950.75;20949;20949;18
20250115 073800;20948.5;20949.75;20946.5;20947;70
20250115 073900;20947;20948;20945.25;20946.25;39
20250115 074000;20946.25;20947.5;20943.25;20945.5;63
20250115 074100;20945;20945.5;20942.25;20944.5;62
20250115 074200;20945;20945.5;20941.75;20941.75;39
20250115 074300;20941.75;20941.75;20930.75;20933.5;263
20250115 074400;20934.25;20937.75;20930.25;20937.75;144
20250115 074500;20938;20939.25;20932.75;20934.75;95
20250115 074600;20933.75;20935.5;20932.25;20935;74
20250115 074700;20935.75;20936;20934.75;20935.5;21
20250115 074800;20935.5;20937.25;20935.25;20935.5;36
20250115 074900;20934.25;20935.5;20931;20935;41
20250115 075000;20935;20935.5;20932;20932.5;42
20250115 075100;20932.75;20933.25;20932;20933.25;26
20250115 075200;20932;20933.75;20931.75;20932.5;27
20250115 075300;20932.75;20934;20932.5;20933.25;19
20250115 075400;20933.75;20937;20933;20933.5;62
20250115 075500;20933;20935.25;20932.5;20935.25;25
20250115 075600;20934.5;20935.75;20933.75;20934.5;32
20250115 075700;20934.75;20938.25;20934.25;20934.75;60
20250115 075800;20934.75;20938.75;20934.75;20937.75;33
20250115 075900;20938;20938;20934.5;20934.5;44
20250115 080000;20935;20936.5;20933.5;20934.75;54
20250115 080100;20935.25;20937.75;20920.25;20922.75;487
20250115 080200;20921.75;20922.25;20913.75;20914.25;322
20250115 080300;20914;20918.5;20909;20911.25;363
20250115 080400;20912.25;20922;20909.25;20921;188
20250115 080500;20921.25;20926;20919.5;20925.5;103
20250115 080600;20925;20927.5;20924;20927;105
20250115 080700;20927.75;20927.75;20923;20924.5;62
20250115 080800;20924.5;20930.5;20924.25;20930.5;108
20250115 080900;20930.5;20932.5;20927;20929.25;105
20250115 081000;20930;20935.5;20930;20933;117
20250115 081100;20934.25;20940.5;20932.5;20932.5;184
20250115 081200;20933.25;20938;20933.25;20936.75;44
20250115 081300;20937.25;20937.25;20924.75;20928.5;90
20250115 081400;20929.5;20933.5;20928;20928.75;67
20250115 081500;20928.5;20930;20925;20928.5;103
20250115 081600;20928.5;20928.5;20921.75;20922.5;116
20250115 081700;20923.25;20927.25;20921.5;20925;106
20250115 081800;20924.25;20927;20915.5;20918.25;167
20250115 081900;20918;20923.25;20917.25;20922.75;74
20250115 082000;20923.5;20926.25;20921;20926;56
20250115 082100;20925.25;20935.75;20921.5;20933.75;174
20250115 082200;20933.25;20934.5;20923.5;20926.5;131
20250115 082300;20926.5;20930.5;20925;20930.25;51
20250115 082400;20929.5;20934.5;20929.5;20933.75;38
20250115 082500;20934;20934;20929.25;20933;39
20250115 082600;20933;20947.75;20933;20946;246
20250115 082700;20946.5;20947.75;20944.25;20944.5;78
20250115 082800;20946;20950.25;20946;20949.5;90
20250115 082900;20949.75;20950.25;20945.5;20947.25;78
20250115 083000;20947.25;20947.75;20944.75;20945.25;57
20250115 083100;20945.25;20946.75;20940;20940.75;89
20250115 083200;20940.75;20943.75;20940.75;20941.5;39
20250115 083300;20942.75;20945.75;20942.75;20945.25;32
20250115 083400;20946.25;20948.5;20945;20947.5;34
20250115 083500;20948.25;20951.75;20945.5;20946.75;61
20250115 083600;20946.5;20950.5;20946;20948.75;36
20250115 083700;20948;20948.75;20944.75;20946;35
20250115 083800;20946;20947.5;20945.75;20946.5;31
20250115 083900;20946;20947.5;20945;20945.75;18
20250115 084000;20946;20946;20943;20943.75;63
20250115 084100;20943.75;20946;20940.25;20941;44
20250115 084200;20941.75;20944.75;20941.75;20944.75;29
20250115 084300;20946;20948;20945;20945.75;38
20250115 084400;20946.5;20948;20943.25;20944.75;47
20250115 084500;20944.75;20949.5;20944.75;20948;47
20250115 084600;20947.75;20947.75;20945.75;20946.75;15
20250115 084700;20948;20949;20946.5;20948;21
20250115 084800;20949;20951.75;20947.5;20950.75;68
20250115 084900;20951.5;20951.5;20948;20948.25;36
20250115 085000;20947.5;20947.75;20943.5;20945.75;39
20250115 085100;20946.25;20946.75;20942.5;20944;42
20250115 085200;20943.5;20944.5;20938.75;20939.75;44
20250115 085300;20939;20939;20934.75;20935;62
20250115 085400;20934.5;20937.5;20931.5;20933;79
20250115 085500;20932.75;20937.5;20932.5;20933.5;72
20250115 085600;20932.75;20938.5;20931.5;20938;46
20250115 085700;20938;20938;20934.5;20934.75;38
20250115 085800;20935.5;20937.75;20934.5;20936.5;58
20250115 085900;20935.5;20936;20931.5;20931.5;28
20250115 090000;20931;20934;20929;20932;92
20250115 090100;20932.5;20938.5;20926.25;20937.25;195
20250115 090200;20936.5;20941.5;20934;20940.5;100
20250115 090300;20941;20941.5;20935;20939.25;119
20250115 090400;20938.75;20941.75;20938.5;20941.75;53
20250115 090500;20941.5;20945;20939.75;20940.5;70
20250115 090600;20940.75;20941.75;20937.5;20939.25;68
20250115 090700;20939;20940.5;20938.25;20940.5;37
20250115 090800;20940.5;20943.5;20939.5;20943;36
20250115 090900;20943.75;20945;20939.75;20942.25;66
20250115 091000;20942;20944;20941.25;20944;26
20250115 091100;20943.5;20946.5;20941.75;20944.5;68
20250115 091200;20944.25;20947.75;20944.25;20947;43
20250115 091300;20947.75;20948.5;20944.5;20948.25;46
20250115 091400;20947;20947;20942.75;20944.75;32
20250115 091500;20945.25;20945.5;20940.75;20941.5;53
20250115 091600;20941.5;20943.5;20938.75;20940.25;56
20250115 091700;20940.75;20945.5;20940.25;20944.75;40
20250115 091800;20944.5;20945.25;20942.75;20945.25;25
20250115 091900;20945.5;20947.25;20940.5;20943.25;63
20250115 092000;20942.75;20944;20940.5;20942.25;38
20250115 092100;20943.25;20945;20940.75;20941;22
20250115 092200;20941;20941.75;20936.5;20937;138
20250115 092300;20937.25;20942.75;20935.75;20942.5;141
20250115 092400;20942;20945;20941.25;20944.75;35
20250115 092500;20945;20945;20940.75;20942.5;52
20250115 092600;20943;20944.5;20940.25;20941.5;22
20250115 092700;20942;20943.5;20939;20941;60
20250115 092800;20939.5;20945;20938.5;20944;69
20250115 092900;20944.75;20947;20944.25;20946.75;38
20250115 093000;20946.5;20949.25;20945.75;20949;57
20250115 093100;20948.25;20952.5;20946.75;20946.75;151
20250115 093200;20947.25;20949.25;20944.25;20947;44
20250115 093300;20947;20948.25;20946.5;20948;15
20250115 093400;20947.5;20948.75;20947.25;20948.25;14
20250115 093500;20948.75;20950.25;20946.5;20946.75;38
20250115 093600;20946;20947.5;20944.75;20947.5;29
20250115 093700;20947;20953.5;20947;20951.75;121
20250115 093800;20951.75;20953.25;20949.75;20951.5;82
20250115 093900;20951.5;20953.25;20951.25;20952.75;79
20250115 094000;20953;20960.75;20951.5;20957;223
20250115 094100;20957;20957.25;20951.5;20953.5;97
20250115 094200;20954;20957.25;20952.75;20956;67
20250115 094300;20955.5;20960.75;20954.75;20960.75;73
20250115 094400;20960;20964.75;20959.75;20963;250
20250115 094500;20962.5;20968.75;20962.5;20966.25;136
20250115 094600;20966;20969.5;20964.75;20968.75;107
20250115 094700;20968.5;20968.5;20961.75;20961.75;69
20250115 094800;20961.5;20966;20960.5;20964.25;101
20250115 094900;20964.75;20972;20964.25;20967.75;168
20250115 095000;20967;20967;20961.25;20962.75;114
20250115 095100;20962;20962;20954;20955.25;158
20250115 095200;20955.5;20955.5;20950.5;20953;103
20250115 095300;20953;20954.25;20948.5;20953.5;80
20250115 095400;20953.5;20955.5;20953;20954.25;31
20250115 095500;20955;20957;20954;20956.25;45
20250115 095600;20957;20965.5;20956.75;20961.25;164
20250115 095700;20961.5;20963;20958.75;20960.75;117
20250115 095800;20961;20962;20960.25;20961;9
20250115 095900;20960.75;20961.5;20956.5;20957.25;64
20250115 100000;20958.25;20960.75;20957;20960.25;38
20250115 100100;20960.75;20961.5;20956.5;20959.25;105
20250115 100200;20960;20960.5;20956.75;20956.75;52
20250115 100300;20956.25;20958;20955.25;20958;45
20250115 100400;20956.25;20957.75;20955.5;20957;30
20250115 100500;20956.75;20958.75;20956.5;20957.75;32
20250115 100600;20958;20961.25;20958;20959;21
20250115 100700;20960;20960.25;20957;20959;36
20250115 100800;20958.75;20959.75;20954;20957;105
20250115 100900;20957.75;20957.75;20955.25;20956.25;37
20250115 101000;20956.5;20956.75;20955.25;20955.25;33
20250115 101100;20956;20957;20955.5;20955.75;30
20250115 101200;20956.5;20960;20956.25;20958.5;72
20250115 101300;20959.5;20961.25;20952.25;20952.25;96
20250115 101400;20952.75;20954.5;20951.5;20952;55
20250115 101500;20952.5;20953.25;20949.75;20950.75;68
20250115 101600;20951;20952.25;20948.75;20950;83
20250115 101700;20949.25;20950.25;20941.75;20942.5;163
20250115 101800;20942;20942;20935;20938.25;203
20250115 101900;20937.5;20941;20936.5;20940.25;69
20250115 102000;20940.5;20941.5;20936.75;20939.25;76
20250115 102100;20938;20940;20936.75;20938;53
20250115 102200;20938.5;20939;20935.5;20937.75;42
20250115 102300;20937.75;20939;20932.75;20939;87
20250115 102400;20939.25;20950;20938.75;20947.25;202
20250115 102500;20948.5;20951;20946.75;20950;109
20250115 102600;20949;20955.75;20949;20953.25;181
20250115 102700;20953.5;20956;20953;20955.75;89
20250115 102800;20956;20958;20955.5;20956.75;74
20250115 102900;20957.5;20960.5;20956.75;20959.25;69
20250115 103000;20959.75;20960.75;20954.5;20955.75;120
20250115 103100;20955;20957;20954;20956.5;45
20250115 103200;20956;20959;20955.5;20957.5;66
20250115 103300;20958;20962.75;20957;20961.75;96
20250115 103400;20961;20961.5;20958.5;20960.5;98
20250115 103500;20959.75;20962;20959;20959;28
20250115 103600;20958.75;20959.25;20957;20957.25;40
20250115 103700;20957.75;20966;20957.75;20965;114
20250115 103800;20964.5;20965.25;20963;20964.25;64
20250115 103900;20964.25;20964.75;20961.25;20961.25;39
20250115 104000;20961.75;20962.25;20960.5;20961;35
20250115 104100;20960.25;20965.5;20960;20963.75;45
20250115 104200;20963.5;20966.5;20962;20966.5;59
20250115 104300;20966.25;20966.5;20964.75;20965.25;29
20250115 104400;20966;20968.75;20965.25;20966.75;90
20250115 104500;20966.75;20967.25;20963.75;20965.25;56
20250115 104600;20964.25;20966.25;20964.25;20965;39
20250115 104700;20965.5;20965.5;20962.5;20963.25;62
20250115 104800;20963;20971;20963;20969;145
20250115 104900;20968;20968;20964;20964.75;51
20250115 105000;20964.5;20966.25;20963.75;20965;28
20250115 105100;20965.5;20967.5;20964;20964.5;32
20250115 105200;20964.25;20964.5;20962.75;20963.5;34
20250115 105300;20963.5;20966;20963.5;20966;24
20250115 105400;20966.5;20967;20965.5;20966.5;33
20250115 105500;20966.75;20967.5;20963.5;20964.25;26
20250115 105600;20964.5;20966.25;20960.25;20960.25;53
20250115 105700;20961.25;20964;20960.25;20961;74
20250115 105800;20961.75;20962;20959.25;20961.25;55
20250115 105900;20961.5;20965;20961.25;20964.75;34
20250115 110000;20964.5;20967.25;20964.5;20965;54
20250115 110100;20965.25;20967;20964.5;20965.5;45
20250115 110200;20966;20968;20966;20966.25;42
20250115 110300;20966.75;20967.75;20965.25;20965.25;34
20250115 110400;20965.5;20967.25;20963.5;20966.5;81
20250115 110500;20966;20969;20965.75;20968;45
20250115 110600;20968.25;20970.25;20967.75;20970;49
20250115 110700;20969.75;20970.25;20965.25;20967.25;79
20250115 110800;20966.5;20968.5;20964;20968.5;52
20250115 110900;20968.5;20973.25;20968.5;20972.25;120
20250115 111000;20972.5;20972.5;20969.25;20971;87
20250115 111100;20971.5;20971.5;20967.75;20968;49
20250115 111200;20968.5;20970.75;20967.5;20969;40
20250115 111300;20968.75;20971;20967;20971;67
20250115 111400;20970.75;20973.75;20970.25;20972.5;77
20250115 111500;20972.25;20973.5;20971.75;20971.75;50
20250115 111600;20972.25;20973.25;20968.5;20971.5;70
20250115 111700;20971.75;20972.5;20968.5;20969.5;65
20250115 111800;20969.5;20971.5;20969.5;20971;21
20250115 111900;20970.25;20970.25;20969;20970;27
20250115 112000;20970.25;20972;20970.25;20970.25;25
20250115 112100;20969.25;20969.25;20967;20967.25;73
20250115 112200;20967.5;20968;20965.5;20967.25;52
20250115 112300;20967.5;20968.5;20965.75;20967.75;34
20250115 112400;20968.5;20969;20968;20968.25;24
20250115 112500;20968.25;20970.5;20968.25;20969;41
20250115 112600;20968.5;20969;20967.25;20968.25;29
20250115 112700;20969;20974.75;20967;20974.5;147
20250115 112800;20975;20975.5;20970.5;20970.75;144
20250115 112900;20970.25;20970.25;20965;20966.75;77
20250115 113000;20966.75;20968.75;20966.75;20968.75;24
20250115 113100;20969.5;20976;20968.25;20973;199
20250115 113200;20972.5;20975;20971;20975;55
20250115 113300;20975.25;20978.25;20975;20976.5;137
20250115 113400;20977;20977.5;20975.25;20977;71
20250115 113500;20977.5;20979.75;20976;20979.25;97
20250115 113600;20979.5;20980.5;20978.25;20978.25;78
20250115 113700;20979;20984.25;20979;20981.75;143
20250115 113800;20982;20982.5;20980.5;20981.25;48
20250115 113900;20981;20985;20980.25;20984;122
20250115 114000;20984;20989.75;20982.5;20989;171
20250115 114100;20989.75;20991.75;20988.25;20989.75;115
20250115 114200;20989.75;20991.75;20989.75;20990.25;64
20250115 114300;20991;20994.25;20990.25;20994;87
20250115 114400;20994.25;20997.5;20994.25;20997;140
20250115 114500;20997.25;20997.25;20995.75;20996.5;55
20250115 114600;20996;20996.25;20991;20992.5;134
20250115 114700;20992.5;21010.25;20992;21005;556
20250115 114800;21005.5;21006.25;20999.75;21001.75;215
20250115 114900;21001.5;21001.5;20996.75;20998.75;124
20250115 115000;20998.5;21001.25;20995.5;20997.5;174
20250115 115100;20997.5;21002.25;20994;20995.75;343
20250115 115200;20995.5;20997.5;20988.75;20992.75;140
20250115 115300;20993.75;20996.75;20992.5;20995.5;117
20250115 115400;20996;20999.75;20996;20996.75;159
20250115 115500;20996;21002.5;20995.5;20999.25;144
20250115 115600;20999.5;21008.75;20999.25;21007.5;182
20250115 115700;21008.5;21014.5;21006.5;21009;311
20250115 115800;21009.25;21012.5;21006.75;21008;131
20250115 115900;21007.5;21008.25;21001;21002;198
20250115 120000;21002;21002.5;20995.75;20997.5;137
20250115 120100;20996.75;21004.5;20991.75;21001;206
20250115 120200;21002.25;21007.5;21002;21006;132
20250115 120300;21007;21008.25;21003.25;21006.75;86
20250115 120400;21005;21005;20995.75;20996.5;137
20250115 120500;20997;21000;20996;20997;100
20250115 120600;20997.75;21008.5;20997.5;21007.75;81
20250115 120700;21008;21011.25;21007;21009.5;97
20250115 120800;21009.5;21009.5;21004.5;21004.5;63
20250115 120900;21005.25;21008;21000.75;21006.25;179
20250115 121000;21005.75;21016;21005.5;21013.25;261
20250115 121100;21013.25;21015.75;21010.25;21013;103
20250115 121200;21013.5;21014.25;21010;21011.75;124
20250115 121300;21012.75;21014;21010.75;21011.5;53
20250115 121400;21011.25;21012.25;21004.5;21005;140
20250115 121500;21005;21008;21003.25;21007.75;107
20250115 121600;21007;21008;21005.75;21006.25;38
20250115 121700;21006.5;21009.25;21005;21007.25;54
20250115 121800;21007.75;21010;21003.25;21008.5;68
20250115 121900;21008.5;21011.25;21007;21008.25;68
20250115 122000;21008.75;21011;21008.25;21009.25;62
20250115 122100;21010.5;21011.25;21001.5;21002;93
20250115 122200;21002;21007;21002;21004.25;89
20250115 122300;21004.5;21004.5;20994.25;20997;206
20250115 122400;20996.75;20997.5;20990;20990;171
20250115 122500;20990;20994;20986;20989.25;605
20250115 122600;20989.25;20990.75;20981.25;20989;344
20250115 122700;20989.5;20991.25;20985.25;20990.75;167
20250115 122800;20991;20993.5;20989;20991;125
20250115 122900;20990.75;20990.75;20984;20986;127
20250115 123000;20986;20987;20983.75;20985.5;80
20250115 123100;20985.25;20989.5;20982.5;20983.25;273
20250115 123200;20983.25;20987.75;20979;20984;233
20250115 123300;20983.25;20984.25;20978.25;20979.75;160
20250115 123400;20979.5;20986.75;20977.5;20985.5;288
20250115 123500;20985.75;20989.25;20985.75;20987.25;89
20250115 123600;20987.75;20994;20987.25;20991.75;110
20250115 123700;20991.25;20995.25;20990.25;20990.25;97
20250115 123800;20989.5;20996.75;20987;20996;198
20250115 123900;20995.5;21000;20995;20999.75;166
20250115 124000;20999.25;21001.5;20997.25;21000.75;73
20250115 124100;21001.25;21002.5;20999;21001;96
20250115 124200;21001.75;21002.5;21000.25;21001.5;45
20250115 124300;21001;21004.25;20998.75;21000.25;112
20250115 124400;20999.75;20999.75;20996;20996.75;97
20250115 124500;20996.5;21003.5;20996;21002.25;124
20250115 124600;21002.5;21009;21000.75;21008;149
20250115 124700;21007.25;21011.75;21005;21008.5;232
20250115 124800;21008;21010;21003.5;21004.5;91
20250115 124900;21004.5;21006.5;21002.5;21005.75;127
20250115 125000;21005.75;21006.75;20999.25;21000;64
20250115 125100;21000.5;21004.75;21000.5;21002.25;45
20250115 125200;21002.75;21003.25;20995.5;20996.5;121
20250115 125300;20997.5;20999.75;20993.25;20997;117
20250115 125400;20997;20998;20994.5;20997;43
20250115 125500;20997.75;20998.25;20994.5;20995.5;56
20250115 125600;20994.25;20994.25;20984;20986;148
20250115 125700;20986;20991;20984;20987;92
20250115 125800;20987;20990.75;20984.75;20990;73
20250115 125900;20990.25;20992;20988.75;20990.25;65
20250115 130000;20990.25;20997.75;20990.25;20997.75;99
20250115 130100;20997;21002.25;20994;20997.75;260
20250115 130200;20998.25;21004.75;20997.75;21000.75;173
20250115 130300;21000;21001.75;20998.5;21000;65
20250115 130400;20999.5;21000.25;20997;20999.25;91
20250115 130500;20998.5;21003.25;20998;21001.75;73
20250115 130600;21002;21003.25;20998.75;21002.5;66
20250115 130700;21002.75;21005.5;21000.75;21004.25;152
20250115 130800;21004.5;21004.5;20995;20998.5;97
20250115 130900;20997.5;20998;20991.25;20994;155
20250115 131000;20994.25;20997.5;20992.25;20996.5;71
20250115 131100;20994.75;20999.5;20993;20997.75;120
20250115 131200;20998;20998;20989;20991.75;198
20250115 131300;20991.5;20992;20987.75;20989.5;90
20250115 131400;20989.75;20991.25;20987.75;20989;79
20250115 131500;20989.25;20991;20986;20991;100
20250115 131600;20991;20991;20984.5;20985.25;211
20250115 131700;20985.5;20990;20984;20989;137
20250115 131800;20989.25;20990.5;20984.75;20988.25;106
20250115 131900;20989.75;20989.75;20981;20982.5;105
20250115 132000;20982.25;20985.25;20980.25;20985.25;214
20250115 132100;20985.75;20986.5;20980.75;20986;183
20250115 132200;20986;20992.75;20984.5;20991.5;138
20250115 132300;20992;20996.25;20990.5;20993;166
20250115 132400;20993.5;20999.75;20991.75;20999;138
20250115 132500;20999;21001;20996.25;20998.75;193
20250115 132600;20998.75;21001;20996.75;20998.75;127
20250115 132700;20998;20998.5;20991.5;20994.5;187
20250115 132800;20994.25;20997;20991.5;20994.5;229
20250115 132900;20994.75;21000.75;20985.5;20995;330
20250115 133000;20997;21010.5;20990;20994;358
20250115 133100;20998.75;21218.75;20994.25;21181.5;5202
20250115 133200;21183.25;21218;21164.25;21193;2961
20250115 133300;21194.75;21223.75;21187.25;21221.75;2394
20250115 133400;21222.25;21263;21221;21249.75;2378
20250115 133500;21251;21286;21236.75;21285;2495
20250115 133600;21283.5;21296;21266;21276;2612
20250115 133700;21275.25;21292.25;21270;21283.25;2097
20250115 133800;21282.25;21283;21262.5;21279.5;1446
20250115 133900;21280.75;21281.75;21260;21266;1965
20250115 134000;21265.25;21292;21252.75;21289.5;1589
20250115 134100;21290.5;21313.25;21288;21299.25;2313
20250115 134200;21298.5;21300.75;21280.5;21282.25;1238
20250115 134300;21282;21292.5;21280.5;21282;1229
20250115 134400;21282;21298.75;21281;21285.5;1028
20250115 134500;21287.25;21293;21277.5;21289.25;1126
20250115 134600;21288.75;21318.5;21288.25;21298.25;1628
20250115 134700;21298.75;21319.25;21293.75;21312;1245
20250115 134800;21311.5;21317.5;21305.25;21314.75;827
20250115 134900;21314;21329;21307.5;21317;1459
20250115 135000;21316.5;21319;21302;21302;818
20250115 135100;21302.5;21309.25;21299.5;21302.5;802
20250115 135200;21302.25;21304.5;21287.5;21292.25;1079
20250115 135300;21291.5;21299;21288.25;21295.25;544
20250115 135400;21296;21297.5;21287;21288.25;578
20250115 135500;21288.25;21291.75;21275.5;21278;1000
20250115 135600;21278;21284.25;21272.5;21273.75;834
20250115 135700;21274;21286.25;21272.5;21280.5;839
20250115 135800;21281.25;21294.5;21280.25;21293.75;601
20250115 135900;21293;21296.25;21282;21292.5;657
20250115 140000;21291.75;21291.75;21280.5;21281.25;505
20250115 140100;21281.5;21300.75;21278.25;21296.25;946
20250115 140200;21297.25;21302.25;21286;21288.25;846
20250115 140300;21288.25;21299.5;21288;21297.25;359
20250115 140400;21297;21304.25;21295;21299.25;583
20250115 140500;21299.25;21305.5;21296.75;21301.5;427
20250115 140600;21301.5;21302;21288;21290;610
20250115 140700;21290.75;21293.75;21276.5;21277;637
20250115 140800;21277.75;21282.75;21274.75;21282.75;531
20250115 140900;21282.25;21290.25;21281.75;21284;624
20250115 141000;21284.75;21286.75;21268;21273;1172
20250115 141100;21272.5;21273;21255.5;21257.75;1256
20250115 141200;21259.25;21260.75;21249;21249.75;815
20250115 141300;21250.75;21267;21249;21260.5;830
20250115 141400;21260.75;21265.5;21256;21260.75;565
20250115 141500;21262;21268.75;21258.75;21263.5;567
20250115 141600;21263;21264.5;21253;21256.75;475
20250115 141700;21256.75;21259;21252.5;21257;365
20250115 141800;21256.25;21261;21254.25;21260;364
20250115 141900;21260;21261.75;21253;21256.5;308
20250115 142000;21256.25;21257.25;21247.25;21250.25;421
20250115 142100;21250;21256.25;21244;21251.75;600
20250115 142200;21251.75;21261.25;21246.25;21247.5;651
20250115 142300;21247.5;21256.75;21245.75;21254.5;382
20250115 142400;21256;21261;21251.75;21254.5;366
20250115 142500;21254.25;21259.25;21247;21255.75;627
20250115 142600;21255.75;21273;21251.25;21271;1263
20250115 142700;21271;21272;21252;21262.75;763
20250115 142800;21261.75;21266.75;21258;21262.75;577
20250115 142900;21262.5;21263.5;21248.75;21250.5;856
20250115 143000;21251;21256.5;21244.5;21252;1142
20250115 143100;21251.25;21260;21221;21237;4434
20250115 143200;21236.25;21265.75;21225.75;21260;2839
20250115 143300;21260.75;21284.75;21260.75;21264.75;2992
20250115 143400;21264;21276.25;21252.25;21268.75;1931
20250115 143500;21269;21283.5;21254.25;21263.25;1865
20250115 143600;21264.75;21273.5;21238.75;21244;2325
20250115 143700;21244.25;21256.5;21232.5;21241.75;2326
20250115 143800;21241;21244.25;21204;21205.5;3601
20250115 143900;21205;21228.25;21186.75;21226.5;3546
20250115 144000;21226.25;21260.5;21222.75;21251.75;3309
20250115 144100;21252.25;21285.25;21252.25;21283.25;2949
20250115 144200;21284;21292.5;21275.25;21282.5;2415
20250115 144300;21282;21291.75;21274;21279;1961
20250115 144400;21279.5;21304;21276;21302.5;2046
20250115 144500;21303;21308;21290;21298;2030
20250115 144600;21297.5;21305.25;21287.25;21298.75;1898
20250115 144700;21299.5;21311;21295;21308;1713
20250115 144800;21307;21327.75;21306.75;21324.75;2565
20250115 144900;21324.25;21339;21320.5;21327.75;3685
20250115 145000;21327.5;21345;21325.5;21344.5;2262
20250115 145100;21344.25;21345;21322;21334;2092
20250115 145200;21333.5;21340;21326.25;21338;1402
20250115 145300;21337.25;21341.75;21326;21327.75;1276
20250115 145400;21327.5;21331;21308.25;21323.5;2898
20250115 145500;21322.5;21334.75;21311.5;21316;1759
20250115 145600;21317;21317.5;21288.25;21299.5;2552
20250115 145700;21299.5;21323.75;21299.5;21322.75;1765
20250115 145800;21323;21329.25;21314;21328;1685
20250115 145900;21328;21333.25;21321.5;21332.75;1088
20250115 150000;21331.75;21339.5;21322.25;21327.25;1908
20250115 150100;21328;21360.25;21326.75;21355.25;3920
20250115 150200;21355.5;21368;21354.5;21362;2232
20250115 150300;21361.75;21372;21361.25;21368.5;1922
20250115 150400;21368.5;21375.5;21364.5;21372.75;1989
20250115 150500;21372.75;21375;21357.5;21363.75;1774
20250115 150600;21364;21369.5;21351.25;21353.5;2113
20250115 150700;21353.75;21366.75;21348.75;21363.75;1651
20250115 150800;21363.25;21371;21343.75;21354.75;2518
20250115 150900;21355.25;21389;21352.5;21387.5;3410
20250115 151000;21387.25;21391.25;21369;21370.5;2197
20250115 151100;21371;21375.5;21359.75;21367;1745
20250115 151200;21367.25;21375.75;21364.75;21372.5;953
20250115 151300;21373.75;21386.75;21367.75;21374.5;1767
20250115 151400;21375.25;21388;21369.5;21381.75;1111
20250115 151500;21381.5;21382.75;21360.75;21363.5;1149
20250115 151600;21364;21379.25;21357;21377.5;1648
20250115 151700;21378;21389;21374.25;21383;1084
20250115 151800;21383.75;21403;21380.25;21398;2748
20250115 151900;21398.25;21408;21396.75;21402.75;1630
20250115 152000;21402.75;21407.25;21399;21406.25;1302
20250115 152100;21406.25;21407.5;21387.75;21391.5;2210
20250115 152200;21392;21403.5;21386.75;21402.25;1432
20250115 152300;21402.75;21407;21393.75;21398.75;1378
20250115 152400;21399;21401.75;21388.25;21395.5;1043
20250115 152500;21395.25;21403.25;21387;21398.75;955
20250115 152600;21399;21400.5;21377.75;21383.25;1823
20250115 152700;21383.75;21396;21379.25;21388.5;1002
20250115 152800;21389;21393.75;21384.5;21390;885
20250115 152900;21390.75;21391.75;21379;21388.5;889
20250115 153000;21388.75;21399.25;21385.5;21392;1044
20250115 153100;21391.5;21400.75;21387;21391.75;959
20250115 153200;21391.75;21396.5;21382.25;21383.5;980
20250115 153300;21384.25;21388.25;21368.5;21384;1605
20250115 153400;21384.5;21386.25;21364.25;21367;1272
20250115 153500;21366.75;21383;21364.25;21380.25;1159
20250115 153600;21380;21389.5;21365.5;21365.5;1465
20250115 153700;21366;21367.5;21348;21355;2427
20250115 153800;21354.5;21373.25;21351.5;21368.5;1661
20250115 153900;21368.25;21395.25;21366.5;21394.25;1789
20250115 154000;21394.25;21397.25;21379.5;21382.25;1133
20250115 154100;21382.25;21385.25;21369.5;21378.75;1048
20250115 154200;21378.5;21386;21369.75;21385.5;998
20250115 154300;21385.75;21391.25;21378.75;21380.5;932
20250115 154400;21381;21386;21374.25;21375.5;788
20250115 154500;21375;21375;21363.25;21368.75;1132
20250115 154600;21369.5;21377;21361.75;21371.5;958
20250115 154700;21371.25;21374.75;21361.25;21369;1060
20250115 154800;21369;21369.25;21353.25;21357;1513
20250115 154900;21356.75;21360.5;21350.25;21351.5;1043
20250115 155000;21352.25;21358.5;21340;21352;2142
20250115 155100;21352.75;21358.75;21343.25;21356;1307
20250115 155200;21356.75;21357;21336.5;21347;1667
20250115 155300;21346.5;21371;21343.25;21370.75;1619
20250115 155400;21371.25;21376;21358.75;21371.75;1537
20250115 155500;21371.75;21376;21360.5;21366.5;1219
20250115 155600;21366.75;21374.75;21362.75;21368;787
20250115 155700;21368.75;21372.25;21350.25;21354;1134
20250115 155800;21354;21355.25;21346.75;21347.75;1120
20250115 155900;21347.75;21348.25;21322;21329.25;1843
20250115 160000;21329.5;21333.25;21318.5;21319.75;1402
20250115 160100;21319.75;21362.75;21319;21350.5;2886
20250115 160200;21350.5;21352;21331.75;21348.5;1521
20250115 160300;21348;21362.25;21345.75;21356.5;825
20250115 160400;21356.75;21360.5;21346.75;21350.5;827
20250115 160500;21350.25;21357;21346;21355.25;480
20250115 160600;21355.75;21364.75;21355;21361.25;1020
20250115 160700;21361.75;21370.75;21350.25;21350.5;1290
20250115 160800;21350.5;21351.25;21338;21340.75;1032
20250115 160900;21340.75;21341.25;21324.5;21332.5;1341
20250115 161000;21331.5;21334.75;21325.25;21333.25;800
20250115 161100;21332.5;21336.25;21319.5;21333.75;1273
20250115 161200;21333.25;21342.75;21328.5;21341.5;887
20250115 161300;21342;21355.75;21337.25;21355.25;1289
20250115 161400;21355.5;21360.25;21352.25;21358;762
20250115 161500;21357.5;21359.75;21351.25;21355.5;650
20250115 161600;21355;21359;21350.5;21353;610
20250115 161700;21351.75;21353.5;21332.25;21338.25;1080
20250115 161800;21337;21345;21324;21335;1465
20250115 161900;21334.75;21339;21328.5;21338;636
20250115 162000;21337.5;21347.5;21333;21347;850
20250115 162100;21347.25;21348;21328.75;21332.5;721
20250115 162200;21333;21337;21321.75;21327.5;870
20250115 162300;21326.5;21360;21326.25;21360;1093
20250115 162400;21359.25;21369.5;21358.25;21363.5;1437
20250115 162500;21363.5;21365;21342.25;21343.5;990
20250115 162600;21343.25;21344;21329.75;21330.5;904
20250115 162700;21329.25;21340.5;21326.25;21338.25;888
20250115 162800;21338.25;21348.5;21335.5;21339.75;680
20250115 162900;21340;21343;21330.75;21334.75;568
20250115 163000;21333.75;21337;21327;21331.5;496
20250115 163100;21331.25;21332.75;21313.75;21315.75;1499
20250115 163200;21315.25;21319.5;21292;21296;2464
20250115 163300;21296.25;21296.5;21272.5;21280;3479
20250115 163400;21280.75;21301;21273.5;21296;2202
20250115 163500;21297;21302.25;21280;21283.5;1703
20250115 163600;21283.75;21295.25;21281.5;21293;1018
20250115 163700;21292;21303.75;21284.75;21297.75;1222
20250115 163800;21297.75;21302;21287.25;21293.75;851
20250115 163900;21293.5;21316.5;21293;21297;1919
20250115 164000;21297.5;21302.75;21291.75;21298.25;796
20250115 164100;21297.75;21308;21297.25;21303.5;628
20250115 164200;21303.75;21306.75;21298.5;21301;674
20250115 164300;21301;21301;21287.25;21291.5;786
20250115 164400;21290.75;21292.25;21281.25;21283.25;748
20250115 164500;21283.5;21289;21268.5;21269.75;1306
20250115 164600;21270.25;21286.75;21268.75;21282;1474
20250115 164700;21280;21284;21273;21275.75;803
20250115 164800;21276;21287.75;21273;21282.75;855
20250115 164900;21281.75;21288.25;21274.5;21276.75;681
20250115 165000;21277.5;21283.75;21273.25;21282.75;554
20250115 165100;21283.25;21284.25;21270;21271.25;797
20250115 165200;21271.5;21284.25;21266.25;21284.25;1102
20250115 165300;21284.5;21287;21256.25;21266.5;2084
20250115 165400;21266.5;21269.75;21246.25;21251;1933
20250115 165500;21251.25;21274;21251.25;21272;1147
20250115 165600;21272.25;21276;21261;21273;942
20250115 165700;21272.5;21274.25;21261.75;21269;1105
20250115 165800;21268.75;21269.5;21257;21267;800
20250115 165900;21267.25;21277.25;21264.25;21275;1054
20250115 170000;21275;21281.5;21268.25;21273.25;1177
20250115 170100;21273.25;21274.5;21262.25;21266.75;1645
20250115 170200;21266.25;21273.5;21262.25;21273;713
20250115 170300;21272;21296.25;21271.5;21288.75;1685
20250115 170400;21289;21290.75;21274;21283.25;1289
20250115 170500;21283;21293.75;21281;21289.5;1236
20250115 170600;21289.25;21294.25;21283.75;21291;1047
20250115 170700;21291.25;21310;21291;21306;1553
20250115 170800;21306.25;21313.5;21302;21312;1335
20250115 170900;21312.5;21312.75;21297.75;21307.5;1049
20250115 171000;21307.5;21311.75;21303.75;21311;767
20250115 171100;21311.25;21314.25;21308.25;21313.25;521
20250115 171200;21312.75;21313.75;21302.75;21304.25;511
20250115 171300;21306;21320.25;21306;21315.75;993
20250115 171400;21315.5;21320;21312.5;21315.75;582
20250115 171500;21315.25;21321.5;21310.5;21311;508
20250115 171600;21311.75;21317.25;21306.75;21310;620
20250115 171700;21310.5;21326;21309.25;21322.25;748
20250115 171800;21322.5;21328;21318.5;21321.5;696
20250115 171900;21321.5;21324.25;21313.5;21316.5;559
20250115 172000;21317.25;21317.25;21302;21306.5;1262
20250115 172100;21306.5;21318.25;21301.5;21314.5;731
20250115 172200;21315.25;21320.25;21312.75;21320.25;565
20250115 172300;21320.5;21321.75;21295;21308.5;1546
20250115 172400;21309;21310.25;21300;21303.75;491
20250115 172500;21305;21318.25;21304.25;21305.25;761
20250115 172600;21306.75;21311;21305.25;21307.5;374
20250115 172700;21307;21313.75;21303.25;21312.25;485
20250115 172800;21312;21323.75;21312;21323.25;741
20250115 172900;21323.25;21324.75;21316.5;21323.25;451
20250115 173000;21323.25;21327.25;21316;21326.25;519
20250115 173100;21325.75;21335;21324.5;21331.25;1336
20250115 173200;21332.5;21341.25;21331.25;21339.75;1163
20250115 173300;21340;21342.25;21336.75;21338;549
20250115 173400;21337.5;21343;21335.75;21339.5;632
20250115 173500;21339.25;21343.5;21336.25;21338.25;655
20250115 173600;21337.75;21342.25;21333.75;21338.75;623
20250115 173700;21340.75;21352.5;21340.5;21350.5;963
20250115 173800;21350;21350.5;21343.75;21346.25;496
20250115 173900;21346.25;21356.25;21346;21356;665
20250115 174000;21356.25;21359.75;21351.75;21357;754
20250115 174100;21356.75;21358.5;21353.25;21354;632
20250115 174200;21353.5;21363;21350.75;21358;953
20250115 174300;21358.25;21360.25;21354.25;21357;535
20250115 174400;21357;21360.5;21355.75;21358;435
20250115 174500;21357.75;21360.25;21354.5;21356.5;468
20250115 174600;21356.75;21358;21350;21356;866
20250115 174700;21356.5;21357.5;21350.5;21351.75;404
20250115 174800;21351.75;21357;21349.75;21355.5;355
20250115 174900;21355.25;21365;21353.25;21363.25;713
20250115 175000;21363.75;21365;21359;21360.25;520
20250115 175100;21360.75;21361.75;21345.25;21349.25;1016
20250115 175200;21349;21353.75;21348;21349.25;432
20250115 175300;21349;21350.75;21338;21338;1103
20250115 175400;21338.5;21345;21336;21343;720
20250115 175500;21342.75;21348.25;21338.5;21345.5;478
20250115 175600;21345.25;21345.5;21329;21330;1119
20250115 175700;21331;21341;21329.5;21340;654
20250115 175800;21339.75;21345.5;21338.75;21342.25;618
20250115 175900;21341.75;21347;21332;21332.5;599
20250115 180000;21333.75;21333.75;21319;21322;1006
20250115 180100;21322.5;21332.25;21321.25;21331.25;683
20250115 180200;21331.5;21349;21331.5;21347.75;1137
20250115 180300;21348;21355.75;21343;21355.75;676
20250115 180400;21355.25;21356.25;21352.5;21354;486
20250115 180500;21354.25;21355.5;21345.5;21353.75;732
20250115 180600;21353.5;21363.5;21351.75;21359.25;901
20250115 180700;21358.75;21361.25;21355.25;21358.75;381
20250115 180800;21358;21358;21346.75;21348.25;649
20250115 180900;21348;21354;21343.5;21345.75;513
20250115 181000;21345.75;21348.25;21342;21344.5;459
20250115 181100;21345;21349;21344;21345.5;305
20250115 181200;21346;21350;21342;21344.5;361
20250115 181300;21344.75;21357.25;21343.5;21355;579
20250115 181400;21354.75;21358;21351;21351.5;480
20250115 181500;21352;21356.75;21352;21355;242
20250115 181600;21355;21359.5;21353.75;21358.75;432
20250115 181700;21358.75;21362.25;21354.5;21360.5;602
20250115 181800;21360.75;21363;21357;21362.5;435
20250115 181900;21362;21367.75;21358.5;21364;622
20250115 182000;21364.25;21374.5;21361;21369.5;1366
20250115 182100;21369.25;21373.5;21368.25;21371;659
20250115 182200;21371.25;21373;21366;21367;422
20250115 182300;21366.75;21370.5;21364.5;21366.5;332
20250115 182400;21366.75;21372.5;21364.75;21371.5;293
20250115 182500;21372.25;21375.5;21368.5;21370.25;517
20250115 182600;21371;21372;21366.25;21370.5;419
20250115 182700;21370;21372.75;21368.25;21370.75;267
20250115 182800;21370.75;21376.25;21368.5;21376.25;466
20250115 182900;21376;21382;21372.25;21381.25;759
20250115 183000;21381.25;21387.25;21380.5;21385.25;772
20250115 183100;21385.75;21395.25;21384;21392.5;1232
20250115 183200;21392.75;21394;21387.75;21391.25;1033
20250115 183300;21391;21395.75;21389.75;21391;548
20250115 183400;21390.75;21392.5;21379.75;21381.75;870
20250115 183500;21382.25;21388;21380.5;21382;548
20250115 183600;21381.75;21382.75;21366.25;21370.25;1721
20250115 183700;21370.75;21375.25;21365.75;21371.5;590
20250115 183800;21371.75;21373.5;21367;21368.75;538
20250115 183900;21368.5;21376.75;21366;21376.25;419
20250115 184000;21376;21377.25;21371.25;21373.5;275
20250115 184100;21374;21377.25;21367.25;21376;465
20250115 184200;21375.75;21379.25;21372.5;21378.75;587
20250115 184300;21378.75;21385.5;21377.75;21384.75;518
20250115 184400;21385.25;21388;21381.5;21382.75;525
20250115 184500;21383.75;21386.25;21381.25;21382.25;370
20250115 184600;21381.75;21387;21381.25;21386;326
20250115 184700;21386;21387.5;21383.75;21387;376
20250115 184800;21386.75;21388;21376.75;21376.75;392
20250115 184900;21377.25;21382;21376.5;21378.75;416
20250115 185000;21378.25;21380;21371.75;21377.75;414
20250115 185100;21378.25;21383.75;21378;21379.75;421
20250115 185200;21379.5;21384.75;21379;21382.25;297
20250115 185300;21380.75;21387;21380.75;21383.75;238
20250115 185400;21384.25;21389.25;21384.25;21384.5;421
20250115 185500;21384.25;21388.25;21381.75;21388;419
20250115 185600;21387.75;21389;21383.75;21384.75;583
20250115 185700;21384.75;21387.75;21383.25;21386.5;221
20250115 185800;21386.5;21387.5;21381.25;21383.75;260
20250115 185900;21383.5;21386.75;21382;21385;382
20250115 190000;21385.25;21385.25;21375.5;21380.25;821
20250115 190100;21380.75;21385.5;21379.25;21380.25;613
20250115 190200;21380.25;21390.75;21377.25;21388;569
20250115 190300;21387.75;21393.25;21385.75;21390.5;492
20250115 190400;21390.25;21396.75;21387.5;21395.25;476
20250115 190500;21395.5;21396;21391.75;21393.75;312
20250115 190600;21393.5;21395.75;21390.75;21392.75;401
20250115 190700;21393;21397;21388.75;21392;687
20250115 190800;21392;21397;21391;21392.5;280
20250115 190900;21392.5;21392.5;21387.25;21390.5;304
20250115 191000;21391.25;21391.25;21386.5;21388.75;338
20250115 191100;21388.75;21393;21387.75;21392.75;310
20250115 191200;21392.75;21394;21387.25;21387.5;225
20250115 191300;21387.25;21393.75;21385.5;21392.5;336
20250115 191400;21392.75;21401;21390.5;21400.5;763
20250115 191500;21400.25;21403;21399.5;21400.75;613
20250115 191600;21401;21403.5;21397.25;21402;676
20250115 191700;21401.75;21403.25;21399.25;21400.75;522
20250115 191800;21400.5;21400.5;21394;21398.75;524
20250115 191900;21399.5;21401;21395.75;21397.25;299
20250115 192000;21397;21400;21395;21396.5;314
20250115 192100;21396.25;21403.5;21396.25;21401.75;430
20250115 192200;21401.5;21401.5;21393;21394.75;544
20250115 192300;21394.75;21395.25;21390.25;21391;446
20250115 192400;21390.75;21393;21385.5;21391.25;783
20250115 192500;21390.75;21393.5;21389.5;21390.5;477
20250115 192600;21390.5;21398;21389.5;21397.75;430
20250115 192700;21397.5;21404.5;21395.5;21402;595
20250115 192800;21402.75;21405.5;21402.25;21404;357
20250115 192900;21404.25;21422.25;21403.5;21417;2397
20250115 193000;21416.75;21418.5;21413.75;21416.75;575
20250115 193100;21417.25;21423.25;21414.25;21420;1015
20250115 193200;21420.25;21421.75;21416;21419;532
20250115 193300;21419;21423.5;21417.5;21420;549
20250115 193400;21419.75;21427.5;21419.5;21422.5;763
20250115 193500;21422.25;21422.5;21417.25;21418;487
20250115 193600;21418.25;21427.25;21417.25;21426.25;595
20250115 193700;21425.75;21433.25;21421.5;21430;1136
20250115 193800;21429.75;21431.25;21428.25;21430;486
20250115 193900;21429.75;21431.25;21427.5;21429.5;495
20250115 194000;21429.5;21435.25;21429;21432;820
20250115 194100;21432;21435.5;21428.75;21428.75;693
20250115 194200;21428.5;21429.25;21422.25;21423.25;874
20250115 194300;21423.75;21424.25;21412;21414;1220
20250115 194400;21413.75;21418;21409;21414.75;782
20250115 194500;21414.75;21416.75;21411;21412;570
20250115 194600;21412.25;21414.5;21406;21411.25;751
20250115 194700;21411.5;21417;21410.5;21416.5;632
20250115 194800;21416;21418.25;21413.5;21417.5;343
20250115 194900;21417.25;21419.5;21416;21418.25;409
20250115 195000;21418;21418.25;21407.5;21413.75;736
20250115 195100;21413.5;21414;21403.5;21407.25;832
20250115 195200;21407;21413;21403.25;21412.5;738
20250115 195300;21412.5;21420;21411;21419.75;542
20250115 195400;21419.75;21421;21416;21419.25;460
20250115 195500;21418.75;21422.5;21418.25;21422.25;337
20250115 195600;21422.5;21422.75;21414;21414.5;595
20250115 195700;21415;21417;21412.5;21415.25;469
20250115 195800;21414.75;21421;21413.25;21419;348
20250115 195900;21419;21419;21414;21415.25;275
20250115 200000;21415.25;21419.5;21413.5;21419.5;318
20250115 200100;21419.25;21425.75;21418;21424.25;786
20250115 200200;21423.25;21427.5;21422.75;21426.25;548
20250115 200300;21426.75;21428.75;21416.75;21417.5;849
20250115 200400;21418;21420.75;21415.25;21420;463
20250115 200500;21419.75;21421.25;21416.5;21417.75;399
20250115 200600;21417.75;21421.5;21415.5;21420.75;401
20250115 200700;21420.25;21423.5;21417.5;21420.5;439
20250115 200800;21421;21421.25;21415.75;21419.75;290
20250115 200900;21419.25;21420.75;21414;21417.25;490
20250115 201000;21417.5;21423.25;21415.75;21423.25;431
20250115 201100;21423.25;21431.75;21422.5;21431.5;946
20250115 201200;21431.5;21438.25;21428;21436.25;932
20250115 201300;21436;21437;21431.5;21435;771
20250115 201400;21435.5;21439;21434.5;21436.5;636
20250115 201500;21436.25;21438.25;21434.25;21437;503
20250115 201600;21437;21439.25;21433.5;21435;470
20250115 201700;21435;21437;21431;21436.5;394
20250115 201800;21436.25;21438.25;21432.75;21436.5;380
20250115 201900;21436.75;21443.75;21435.75;21440;707
20250115 202000;21440.5;21441.5;21437.25;21441.25;286
20250115 202100;21441.25;21443.25;21438.25;21442.25;566
20250115 202200;21442.5;21446.5;21442;21445.75;817
20250115 202300;21445.5;21445.75;21441.75;21442.25;384
20250115 202400;21442.25;21446.25;21442.25;21444.5;494
20250115 202500;21445;21449.5;21442.75;21445.25;1231
20250115 202600;21445;21450;21441;21449.5;748
20250115 202700;21449.75;21452.75;21447.5;21451;737
20250115 202800;21451.25;21451.25;21441;21441.5;886
20250115 202900;21442;21444.75;21437.75;21441.25;563
20250115 203000;21441.75;21443.5;21439.75;21440.25;350
20250115 203100;21440.25;21440.25;21435;21436.75;801
20250115 203200;21436.75;21438.25;21431.5;21436;948
20250115 203300;21436.75;21444.25;21436.75;21439.75;791
20250115 203400;21440.25;21443.75;21439.5;21443.5;410
20250115 203500;21443;21446.5;21442;21443.5;498
20250115 203600;21443.25;21444.25;21435.75;21435.75;719
20250115 203700;21435.25;21437;21427.25;21431;1249
20250115 203800;21431.25;21432.5;21426;21426;663
20250115 203900;21426;21426.25;21421.25;21424.25;955
20250115 204000;21424.25;21427.75;21418;21426.25;1159
20250115 204100;21426;21428;21423.5;21425.75;603
20250115 204200;21426;21427.25;21418.75;21419.75;733
20250115 204300;21419.75;21421.75;21414;21416.5;940
20250115 204400;21416.25;21430.5;21413.25;21427.25;1224
20250115 204500;21427.25;21432.5;21424.25;21425.25;911
20250115 204600;21425.5;21431;21425.25;21430.25;583
20250115 204700;21430.5;21434.5;21428;21428.25;680
20250115 204800;21428;21428.25;21415;21417;1397
20250115 204900;21416.75;21425.75;21415.75;21418.25;938
20250115 205000;21418;21423.75;21415.75;21423;707
20250115 205100;21423;21423;21398.25;21400.75;3044
20250115 205200;21400.75;21413;21396.75;21411;1300
20250115 205300;21410.5;21416.5;21407.25;21413.25;1023
20250115 205400;21412.75;21423;21411.25;21422.25;960
20250115 205500;21422;21422;21401.5;21404.25;2164
20250115 205600;21404.5;21421;21398.75;21401.75;2540
20250115 205700;21402.25;21405.75;21397.75;21399.75;1334
20250115 205800;21399.5;21407;21398.25;21403.5;1821
20250115 205900;21404;21406.25;21396.75;21402;1997
20250115 210000;21402;21407.25;21387.75;21395.75;11063
20250115 210100;21395.75;21400.75;21385;21398.5;3696
20250115 210200;21398.75;21406;21396;21405.5;1155
20250115 210300;21405;21405;21386.75;21390.25;963
20250115 210400;21390.25;21392;21384.25;21385.25;834
20250115 210500;21384.75;21387.25;21378;21379.5;796
20250115 210600;21379.25;21387.25;21379;21382.25;509
20250115 210700;21382.25;21383;21373.75;21375.75;585
20250115 210800;21376.25;21380.25;21370.75;21371.5;507
20250115 210900;21371.25;21375.75;21370.5;21371;391
20250115 211000;21371.25;21376.25;21370.75;21372.25;365
20250115 211100;21372.75;21378;21370.5;21374;476
20250115 211200;21374.25;21378.75;21373.75;21376.25;220
20250115 211300;21376.75;21377.75;21374.75;21377.75;232
20250115 211400;21377.75;21381;21376;21379.25;262
20250115 211500;21379;21381;21373;21374.25;306
20250115 211600;21375.5;21380.5;21373.5;21380.25;258
20250115 211700;21380.25;21384;21377.75;21384;184
20250115 211800;21384;21385.5;21378.5;21379.25;212
20250115 211900;21379.25;21379.5;21377;21378.75;158
20250115 212000;21379;21380.25;21376.75;21378;89
20250115 212100;21378.5;21381.25;21377.25;21380.25;117
20250115 212200;21379.75;21381.75;21378;21380.5;102
20250115 212300;21380.5;21381.5;21378.75;21380;74
20250115 212400;21379.5;21382.75;21379.25;21381.75;67
20250115 212500;21381.5;21384.5;21381.25;21382.5;130
20250115 212600;21382;21383.25;21380.5;21380.75;81
20250115 212700;21381.25;21383.5;21380.25;21382.25;77
20250115 212800;21382;21385.25;21381.25;21384;106
20250115 212900;21383.5;21385.25;21382.5;21383;94
20250115 213000;21383.5;21384.25;21382.75;21383;57
20250115 213100;21383.25;21383.25;21377.5;21378;203
20250115 213200;21377.5;21378.25;21377;21378;62
20250115 213300;21378;21382;21377.75;21380.75;57
20250115 213400;21380.25;21383;21380.25;21383;33
20250115 213500;21383;21385.25;21382.75;21383.5;81
20250115 213600;21382.75;21382.75;21373;21373.5;215
20250115 213700;21373.5;21376.25;21371.5;21375.5;159
20250115 213800;21374.75;21381.5;21374.75;21378.25;104
20250115 213900;21378.5;21382.5;21377.75;21381;62
20250115 214000;21381;21382;21379.75;21380;31
20250115 214100;21379.75;21379.75;21377.25;21379.75;89
20250115 214200;21379.5;21381;21378.25;21380.75;40
20250115 214300;21380.25;21380.25;21379.25;21379.75;28
20250115 214400;21380;21381;21377.25;21378;65
20250115 214500;21378;21378;21375.75;21376.5;83
20250115 214600;21376;21376;21369.75;21371.75;400
20250115 214700;21372;21374.25;21371.5;21372.75;39
20250115 214800;21373.25;21374.5;21372;21373.25;26
20250115 214900;21373.5;21374;21371;21374;129
20250115 215000;21374.5;21377.75;21372;21377.75;66
20250115 215100;21377.75;21378.25;21374.75;21374.75;91
20250115 215200;21374.5;21376.75;21374.5;21374.75;64
20250115 215300;21376;21377.25;21375;21375.75;48
20250115 215400;21377.25;21380.75;21377.25;21378.75;60
20250115 215500;21378.25;21378.5;21376;21376;20
20250115 215600;21376;21376.25;21374;21375;99
20250115 215700;21375.75;21376.5;21374.25;21375.75;34
20250115 215800;21375;21376.5;21374;21375;62
20250115 215900;21375.5;21376.75;21375;21376.25;61
20250115 220000;21376.5;21377;21375;21376.75;111
20250115 230100;21389;21392;21378.25;21385;273
20250115 230200;21386.5;21387.5;21382;21385.75;111
20250115 230300;21387.25;21394;21387;21393.5;110
20250115 230400;21394;21394.25;21388.25;21389.5;114
20250115 230500;21389.25;21391.5;21389;21391.5;36
20250115 230600;21391.25;21393.75;21388.5;21392;74
20250115 230700;21392;21396;21392;21396;50
20250115 230800;21396.25;21397.5;21393.75;21397.5;80
20250115 230900;21396.75;21401.5;21396.5;21401;129
20250115 231000;21400;21403.5;21398;21400;128
20250115 231100;21400;21402.5;21398;21400.25;117
20250115 231200;21401;21402.5;21400;21400.5;54
20250115 231300;21400.25;21400.25;21395.5;21397.25;124
20250115 231400;21397;21397.75;21396;21397;33
20250115 231500;21397.5;21398.25;21396.75;21396.75;24
20250115 231600;21397.75;21397.75;21393.75;21395.5;85
20250115 231700;21395.75;21404.5;21395.75;21403;210
20250115 231800;21403.25;21403.5;21402;21403;28
20250115 231900;21402.75;21404;21402.5;21403.25;18
20250115 232000;21403.5;21405;21402;21402.5;73
20250115 232100;21402.75;21405;21402.25;21404.5;27
20250115 232200;21404;21404.25;21402.5;21403.25;24
20250115 232300;21403.5;21404.25;21401.25;21401.5;33
20250115 232400;21402;21406.5;21402;21405.5;97
20250115 232500;21406;21407.75;21405.75;21406.25;57
20250115 232600;21406.25;21407.5;21404.5;21407;52
20250115 232700;21406.5;21407;21404.5;21405;50
20250115 232800;21405.25;21406.25;21404.75;21405.5;30
20250115 232900;21404.5;21404.75;21403.5;21404.75;25
20250115 233000;21404.75;21407;21404.75;21405.75;67
20250115 233100;21405.25;21410;21405;21409;144
20250115 233200;21409.5;21418;21409.5;21417;199
20250115 233300;21417.25;21417.25;21413.25;21414.25;62
20250115 233400;21414.25;21415.25;21411;21413;95
20250115 233500;21412;21413;21411.25;21412.5;43
20250115 233600;21413;21415.75;21413;21414.5;54
20250115 233700;21414.25;21414.25;21411.5;21411.5;38
20250115 233800;21412.25;21414.75;21412.25;21413.5;46
20250115 233900;21413;21414.25;21412.5;21414.25;14
20250115 234000;21413;21418;21413;21418;60
20250115 234100;21416.75;21417.25;21414.5;21415.25;60
20250115 234200;21416.25;21417;21415;21416;25
20250115 234300;21416;21416.75;21415.25;21416;20
20250115 234400;21417;21419;21416;21417.75;83
20250115 234500;21417.75;21421;21417.75;21418.5;68
20250115 234600;21418.25;21419.25;21416.75;21419.25;34
20250115 234700;21419;21419;21414;21414.25;79
20250115 234800;21414;21414.75;21413.5;21414.5;39
20250115 234900;21413.75;21414.5;21412.25;21414.25;49
20250115 235000;21413.75;21416.25;21413.25;21416.25;49
20250115 235100;21415.25;21415.25;21410;21410.5;70
20250115 235200;21410.5;21413;21407.25;21410.25;131
20250115 235300;21410;21410.5;21406.25;21408;59
20250115 235400;21408;21410.75;21407;21410.75;28
20250115 235500;21410;21410.75;21410;21410.5;8
20250115 235600;21410.5;21412.75;21410.5;21412.25;23
20250115 235700;21412.25;21412.25;21407.75;21409.25;24
20250115 235800;21408.75;21410.5;21408;21409;18
20250115 235900;21410.25;21414.25;21409.75;21414.25;28
20250116 000000;21413;21415.25;21412.75;21415.25;26
20250116 000100;21415.25;21421.5;21412.25;21412.25;223
20250116 000200;21412.75;21415.5;21408;21412;107
20250116 000300;21412;21418;21412;21415.25;71
20250116 000400;21414.25;21416;21412.25;21412.25;37
20250116 000500;21412.25;21413.25;21410.25;21412;19
20250116 000600;21412;21413;21411.25;21412.5;11
20250116 000700;21413.25;21414.75;21411.25;21411.25;34
20250116 000800;21412.25;21412.5;21410.5;21411.75;32
20250116 000900;21412;21415.5;21411.75;21414.5;27
20250116 001000;21414;21416.25;21412.75;21415.5;29
20250116 001100;21416.25;21420;21416.25;21418.5;102
20250116 001200;21420.25;21423.25;21420.25;21422;96
20250116 001300;21422.25;21424.25;21420.5;21421;58
20250116 001400;21422.5;21423;21420.75;21423;24
20250116 001500;21422.25;21425;21420.25;21421.75;85
20250116 001600;21423;21426.25;21421.75;21425.5;143
20250116 001700;21425.25;21427;21423.25;21426.25;90
20250116 001800;21427;21427.75;21425.5;21426;28
20250116 001900;21426;21426.5;21424.5;21425.75;45
20250116 002000;21425.5;21426.25;21424.5;21425.75;24
20250116 002100;21425.75;21426;21423;21425.5;19
20250116 002200;21425.5;21426.25;21424.75;21426.25;19
20250116 002300;21426.25;21428.75;21426.25;21428.5;59
20250116 002400;21428;21431;21428;21430.75;106
20250116 002500;21430.5;21433.25;21429.75;21432.25;75
20250116 002600;21432.75;21434.25;21431.5;21432.75;71
20250116 002700;21433;21435.75;21433;21435;71
20250116 002800;21435.75;21439.75;21435.75;21438.75;165
20250116 002900;21439;21447.75;21433.25;21434;384
20250116 003000;21434;21434.75;21431;21434.75;102
20250116 003100;21434.5;21435.5;21428.5;21435;130
20250116 003200;21435.25;21436.75;21434.5;21436.75;86
20250116 003300;21436;21436;21433.5;21435.25;70
20250116 003400;21434.75;21441;21433.5;21438.75;94
20250116 003500;21437.75;21439.5;21435;21436;58
20250116 003600;21436.5;21436.5;21432;21435.5;66
20250116 003700;21435.25;21435.75;21433;21435.75;28
20250116 003800;21436;21436.25;21434.5;21435;26
20250116 003900;21436.75;21437;21433.5;21434;42
20250116 004000;21434.25;21435;21433.5;21434.25;21
20250116 004100;21434.25;21437;21434;21436.75;31
20250116 004200;21436.5;21438.75;21435.5;21437.75;54
20250116 004300;21438.5;21440;21438;21439.5;54
20250116 004400;21438.5;21438.5;21434.75;21434.75;49
20250116 004500;21434.75;21435.5;21432.75;21434.25;61
20250116 004600;21434.5;21434.5;21430.25;21432.75;73
20250116 004700;21432.5;21435.25;21432.5;21434.5;26
20250116 004800;21434.75;21434.75;21432.5;21433.5;22
20250116 004900;21432.5;21433;21430.25;21430.25;47
20250116 005000;21430.25;21430.25;21426.5;21426.5;107
20250116 005100;21427;21427.75;21424;21426;127
20250116 005200;21426;21429.5;21425.75;21429;62
20250116 005300;21428.25;21430.25;21425.5;21426;43
20250116 005400;21425.5;21426.25;21423.5;21424.25;73
20250116 005500;21424.25;21424.75;21417.25;21421.5;163
20250116 005600;21421.5;21424.5;21421;21421.25;57
20250116 005700;21421.75;21424.25;21421.25;21424;49
20250116 005800;21423.75;21426.5;21423.75;21426;76
20250116 005900;21425.5;21430;21425;21427.25;68
20250116 010000;21427.5;21428;21425;21425.5;87
20250116 010100;21426;21426;21419.25;21420;83
20250116 010200;21419;21419;21411;21416;223
20250116 010300;21415.75;21418;21412.5;21417.5;140
20250116 010400;21417;21422;21417;21420.25;102
20250116 010500;21420;21420;21416.5;21418.5;53
20250116 010600;21419;21421.5;21417.5;21419;35
20250116 010700;21420.25;21422;21417.75;21419;26
20250116 010800;21418;21421;21418;21419;44
20250116 010900;21419.5;21421;21416.75;21420.25;64
20250116 011000;21419.5;21423.75;21418.5;21422.75;66
20250116 011100;21422.5;21423.75;21420.75;21421.25;31
20250116 011200;21420.75;21420.75;21413.5;21414.75;88
20250116 011300;21414.75;21415.25;21412;21413;70
20250116 011400;21412.75;21413;21409.5;21413;98
20250116 011500;21413;21413.75;21410.25;21413;39
20250116 011600;21413;21413;21410.75;21412;42
20250116 011700;21410.75;21411;21406.5;21408.5;90
20250116 011800;21408.25;21412.25;21407.25;21412;98
20250116 011900;21412;21413.75;21408.25;21408.75;59
20250116 012000;21409;21411.5;21408.5;21411;30
20250116 012100;21410.75;21414.5;21410.5;21412.25;57
20250116 012200;21412.75;21413.5;21412.25;21413.25;12
20250116 012300;21413;21413.25;21408.75;21410;21
20250116 012400;21409.5;21409.5;21405.5;21407.5;97
20250116 012500;21407.75;21409;21407.75;21408;24
20250116 012600;21409;21412.75;21408.25;21411.75;67
20250116 012700;21411.25;21411.25;21409;21410.25;26
20250116 012800;21409.75;21411.5;21409.75;21411.25;29
20250116 012900;21411;21414;21411;21412.25;39
20250116 013000;21412.25;21412.25;21410.25;21411.75;52
20250116 013100;21412.25;21413.75;21410.75;21412.75;40
20250116 013200;21411.75;21418;21411;21416.5;105
20250116 013300;21417;21423;21416;21422.5;129
20250116 013400;21422.5;21425.75;21420.5;21422;110
20250116 013500;21422.25;21422.25;21419.5;21420.75;39
20250116 013600;21421;21421;21412;21415;133
20250116 013700;21415.75;21419;21415.75;21418.5;58
20250116 013800;21418.5;21423;21418.5;21421.75;109
20250116 013900;21421.5;21427.25;21421.5;21425.25;98
20250116 014000;21425.25;21427.5;21424.25;21424.5;70
20250116 014100;21424.25;21425.25;21420.25;21422.25;50
20250116 014200;21421.75;21425.5;21421.75;21424.25;44
20250116 014300;21424.75;21427.75;21424;21426.75;31
20250116 014400;21427;21428.5;21424.5;21428.25;34
20250116 014500;21427.5;21428.25;21426;21426;37
20250116 014600;21427;21428.5;21425.5;21427.25;21
20250116 014700;21427.5;21427.5;21422.5;21424.25;70
20250116 014800;21424.25;21424.25;21422.25;21423.5;38
20250116 014900;21424;21424;21421;21423;36
20250116 015000;21423.75;21423.75;21422.75;21423.25;10
20250116 015100;21423;21423.25;21419.25;21419.25;66
20250116 015200;21419.5;21420;21412.75;21413;140
20250116 015300;21414;21416.5;21414;21414;46
20250116 015400;21415;21415.5;21413.25;21413.75;30
20250116 015500;21413;21413.5;21406.5;21407;109
20250116 015600;21407;21408.5;21406.25;21406.5;54
20250116 015700;21406.75;21409.25;21403;21403.75;131
20250116 015800;21404;21405;21400.75;21405;193
20250116 015900;21405.25;21405.25;21403.5;21404.25;53
20250116 020000;21404.25;21404.5;21397.5;21401;196
20250116 020100;21401.5;21403.5;21400.5;21401.5;60
20250116 020200;21401.75;21405;21399.5;21403;138
20250116 020300;21402.5;21402.5;21396.5;21400.25;131
20250116 020400;21400.25;21402.75;21399.25;21399.5;78
20250116 020500;21399.25;21401;21396.5;21399;112
20250116 020600;21399.25;21399.5;21395.25;21397.25;104
20250116 020700;21396;21398.75;21395.75;21397.25;34
20250116 020800;21397;21397.25;21395;21396.75;50
20250116 020900;21396.75;21401.75;21396.5;21400.25;92
20250116 021000;21399.5;21400.25;21397.25;21400;54
20250116 021100;21400.75;21403.75;21400;21403.25;69
20250116 021200;21403.25;21406.5;21401.75;21402.5;169
20250116 021300;21401.75;21402.5;21400.5;21402.5;27
20250116 021400;21402.75;21402.75;21401.5;21402.25;26
20250116 021500;21402;21404.5;21401.25;21401.25;29
20250116 021600;21402;21402.5;21399.5;21402.5;49
20250116 021700;21401.75;21401.75;21399;21400.5;40
20250116 021800;21400.5;21401;21396.5;21396.75;50
20250116 021900;21396.5;21398.75;21395.75;21398;48
20250116 022000;21397.5;21399;21395;21398.25;40
20250116 022100;21398.5;21399.75;21396.5;21399;27
20250116 022200;21399.25;21399.25;21396;21396;41
20250116 022300;21395.75;21398;21385.25;21386.5;309
20250116 022400;21386.5;21391.25;21386;21388.25;94
20250116 022500;21389.5;21393.5;21389;21392.75;39
20250116 022600;21390.75;21392;21389.5;21390;36
20250116 022700;21390;21390.25;21384.5;21388;116
20250116 022800;21388.75;21389.5;21387.25;21389.25;43
20250116 022900;21388.75;21392.75;21388.75;21391.5;47
20250116 023000;21391;21391;21388;21389.25;42
20250116 023100;21389.25;21390;21385.25;21389;64
20250116 023200;21389;21394.25;21389;21393.5;75
20250116 023300;21393.25;21396;21392.5;21395.75;95
20250116 023400;21396;21398.5;21393.25;21394;126
20250116 023500;21393.25;21395;21393;21395;30
20250116 023600;21394.75;21395.25;21393.75;21394.5;21
20250116 023700;21395.25;21397.25;21395.25;21396.75;26
20250116 023800;21397;21397.5;21395.25;21397.5;20
20250116 023900;21396.25;21397.75;21395.75;21397;16
20250116 024000;21398;21400.25;21397.5;21398.5;74
20250116 024100;21398.75;21403;21398.75;21403;82
20250116 024200;21402.75;21402.75;21399.25;21400;48
20250116 024300;21399;21400.25;21398.75;21400.25;18
20250116 024400;21400.25;21400.25;21398.5;21398.5;13
20250116 024500;21398.5;21401;21397;21401;40
20250116 024600;21401.25;21401.25;21398;21401;31
20250116 024700;21399;21403.5;21398.25;21401.75;113
20250116 024800;21402.25;21403.25;21401.75;21401.75;19
20250116 024900;21401;21401;21399.5;21400;37
20250116 025000;21399.75;21400.75;21398.75;21399.5;40
20250116 025100;21399.75;21400;21397;21399;23
20250116 025200;21398.25;21400;21397.75;21399.75;32
20250116 025300;21400;21402;21399.75;21401;25
20250116 025400;21402;21402;21401;21401.25;13
20250116 025500;21402;21402.5;21401;21401;23
20250116 025600;21400;21400.5;21398;21398;30
20250116 025700;21398.5;21398.5;21393.25;21393.5;86
20250116 025800;21394;21397.5;21393.5;21396.5;42
20250116 025900;21397.5;21398.75;21397.25;21398.5;29
20250116 030000;21397.25;21398.5;21397.25;21398.5;3
20250116 030100;21397.75;21397.75;21393.75;21394.25;75
20250116 030200;21393.25;21397;21393;21396.25;22
20250116 030300;21395.5;21397;21394.25;21396.5;21
20250116 030400;21396.5;21396.5;21394.75;21395.25;25
20250116 030500;21394.75;21398.25;21393;21398.25;28
20250116 030600;21398.25;21404.75;21398.25;21403.75;105
20250116 030700;21403.75;21404.25;21402.25;21404;34
20250116 030800;21404.25;21409;21402.5;21406.75;161
20250116 030900;21407.75;21408.25;21405.75;21407;42
20250116 031000;21407.25;21408.25;21406;21406.75;33
20250116 031100;21407.25;21407.5;21406.5;21407;17
20250116 031200;21406.5;21409.5;21404.5;21408.75;66
20250116 031300;21409.25;21411.75;21408.75;21411;80
20250116 031400;21411;21412.25;21409.5;21412;54
20250116 031500;21411.5;21411.5;21409;21410.25;26
20250116 031600;21409.75;21410;21408;21409;34
20250116 031700;21409.25;21409.5;21407.75;21408.5;14
20250116 031800;21408;21409;21408;21408.25;24
20250116 031900;21408;21408.5;21406;21407.25;39
20250116 032000;21406.75;21406.75;21400.25;21403.75;147
20250116 032100;21403.25;21409.5;21402;21409.25;120
20250116 032200;21408;21408.5;21406.75;21407.5;16
20250116 032300;21407.5;21409;21407.5;21408.25;19
20250116 032400;21408.75;21410.5;21406.5;21406.75;48
20250116 032500;21406.25;21406.25;21398.25;21400.25;127
20250116 032600;21399.5;21402;21398.75;21400.25;52
20250116 032700;21400;21400.25;21395.25;21397.5;117
20250116 032800;21397.5;21398.25;21396.25;21396.25;12
20250116 032900;21396;21396.5;21395.5;21396.5;7
20250116 033000;21396;21397.25;21395;21397.25;30
20250116 033100;21396.5;21403.25;21395.75;21400.5;110
20250116 033200;21400.25;21400.25;21398;21399.75;13
20250116 033300;21400.75;21400.75;21399.5;21399.5;3
20250116 033400;21398;21400;21397.5;21400;10
20250116 033500;21399.75;21400.75;21399.25;21399.25;10
20250116 033600;21401;21401.75;21399.25;21399.5;25
20250116 033700;21399.75;21400;21398;21398;24
20250116 033800;21397.5;21397.5;21394.75;21396.25;36
20250116 033900;21396.25;21397;21395;21395;29
20250116 034000;21395.25;21398.25;21395.25;21397.25;16
20250116 034100;21398.25;21398.25;21394;21394;42
20250116 034200;21393.75;21394.75;21392.25;21394.75;35
20250116 034300;21394.25;21396.25;21393.5;21396.25;14
20250116 034400;21396.25;21397.5;21396;21397.25;10
20250116 034500;21397.5;21397.5;21396.5;21396.75;12
20250116 034600;21396.25;21398.25;21393.5;21393.5;39
20250116 034700;21393.5;21393.5;21389;21390.5;115
20250116 034800;21391;21391;21387.75;21389.5;83
20250116 034900;21390.25;21391;21386.5;21388.25;65
20250116 035000;21388.25;21388.25;21386.25;21388;47
20250116 035100;21387.5;21387.75;21385.25;21385.25;60
20250116 035200;21385;21389;21384.75;21387.25;86
20250116 035300;21388;21392;21388;21391.75;49
20250116 035400;21391.5;21392.75;21391.5;21392;21
20250116 035500;21392.5;21394;21392;21393.5;27
20250116 035600;21393;21393;21391.75;21391.75;30
20250116 035700;21391.75;21392.25;21391;21391.25;27
20250116 035800;21392;21395.5;21392;21393.25;65
20250116 035900;21393.5;21394.75;21393.25;21394;32
20250116 040000;21394.25;21394.25;21390.75;21393.25;42
20250116 040100;21392.5;21393.5;21388.5;21390.5;69
20250116 040200;21391;21393.25;21390.5;21393.25;14
20250116 040300;21393;21395;21389;21390.75;74
20250116 040400;21391.75;21393;21390.5;21391.75;18
20250116 040500;21392.75;21394.5;21391.25;21392;30
20250116 040600;21392;21392.75;21390.5;21392.75;23
20250116 040700;21392.25;21394;21392;21394;8
20250116 040800;21394.25;21398;21394.25;21396.25;85
20250116 040900;21395.5;21397;21394.75;21394.75;14
20250116 041000;21395.25;21395.5;21394.25;21394.75;10
20250116 041100;21395.75;21395.75;21395.25;21395.25;3
20250116 041200;21395.25;21397.25;21395.25;21397;12
20250116 041300;21397;21399.5;21397;21398.5;35
20250116 041400;21398.5;21398.75;21397;21398.75;21
20250116 041500;21398;21398;21396.5;21397;12
20250116 041600;21396;21396;21392.5;21393;36
20250116 041700;21393.75;21397;21393.75;21395.75;40
20250116 041800;21395;21395.25;21394.5;21395;9
20250116 041900;21395.25;21396.5;21395.25;21396;17
20250116 042000;21395.25;21395.25;21394.5;21394.5;5
20250116 042100;21395;21395.5;21393;21394.25;29
20250116 042200;21394;21395;21392.75;21395;16
20250116 042300;21394.75;21394.75;21394;21394.75;15
20250116 042400;21394.75;21395.25;21393.25;21393.25;12
20250116 042500;21394.25;21395;21394.25;21394.75;6
20250116 042600;21395.5;21395.75;21395.25;21395.25;4
20250116 042700;21394.75;21395.5;21393;21393.25;23
20250116 042800;21393;21393.5;21391.5;21393;27
20250116 042900;21392.25;21392.75;21392;21392.25;14
20250116 043000;21392.25;21393;21390.75;21393;14
20250116 043100;21393.5;21394;21393;21394;6
20250116 043200;21393.25;21393.25;21389.25;21389.25;30
20250116 043300;21389.5;21389.5;21386.75;21387.5;35
20250116 043400;21387.75;21387.75;21386;21386.5;11
20250116 043500;21387.25;21389.25;21387;21389.25;12
20250116 043600;21389.5;21390;21388.5;21389.75;17
20250116 043700;21390.25;21391.25;21388.5;21390.25;31
20250116 043800;21390.25;21390.5;21390;21390.5;9
20250116 043900;21389.75;21390.25;21385.5;21385.5;39
20250116 044000;21386.5;21386.5;21385;21385.5;18
20250116 044100;21385.75;21387;21385.25;21385.5;14
20250116 044200;21387.25;21388.5;21386.5;21387.25;15
20250116 044300;21387.25;21390.25;21387.25;21390.25;10
20250116 044400;21389.25;21390;21389.25;21390;7
20250116 044500;21388.75;21389.5;21388.5;21388.5;7
20250116 044600;21389;21390;21387;21387;18
20250116 044700;21387.5;21387.5;21382;21384.5;69
20250116 044800;21384.25;21384.5;21382;21383;36
20250116 044900;21382.75;21388.25;21382.75;21388.25;92
20250116 045000;21388;21388;21385;21386.5;96
20250116 045100;21385.75;21385.75;21383.5;21384.5;14
20250116 045200;21385.25;21391.25;21385.25;21391.25;102
20250116 045300;21390.5;21392.5;21388.25;21388.25;81
20250116 045400;21388.5;21389.75;21388;21389.75;13
20250116 045500;21388.75;21390.75;21388;21390.25;63
20250116 045600;21390.5;21391.5;21389.25;21390;29
20250116 045700;21390.25;21390.25;21388.5;21389;21
20250116 045800;21388.75;21389;21388;21389;6
20250116 045900;21388.75;21389.75;21388.75;21388.75;4
20250116 050000;21389.75;21390.75;21389;21389.25;18
20250116 050100;21390;21390.75;21388.75;21390;29
20250116 050200;21390.25;21390.5;21387.5;21389;27
20250116 050300;21389.75;21390;21388.75;21389.75;11
20250116 050400;21389;21389;21382.5;21383.75;80
20250116 050500;21382.75;21386.5;21382.75;21385.25;18
20250116 050600;21384.5;21384.5;21377.75;21382.25;186
20250116 050700;21382.75;21383.75;21379.5;21379.5;41
20250116 050800;21379.25;21384.25;21379;21381.5;88
20250116 050900;21381.75;21384;21380.75;21382.75;29
20250116 051000;21383.5;21388;21381.25;21385.75;165
20250116 051100;21386.25;21386.5;21384.5;21385.5;18
20250116 051200;21386.25;21387;21385.25;21386.75;16
20250116 051300;21386;21386;21381.75;21383;73
20250116 051400;21382.25;21384;21382;21384;15
20250116 051500;21384.75;21385;21379.75;21380.5;64
20250116 051600;21380.25;21380.25;21375;21377.5;160
20250116 051700;21378.25;21379.5;21373.5;21373.5;129
20250116 051800;21373.25;21377;21373.25;21375.75;171
20250116 051900;21375.75;21379.5;21375;21379.5;51
20250116 052000;21379;21382.75;21378.25;21382.25;122
20250116 052100;21380.25;21381.5;21378.25;21381.5;53
20250116 052200;21381.75;21382;21378.75;21380.5;29
20250116 052300;21381.25;21383.75;21378.75;21378.75;108
20250116 052400;21379.5;21379.5;21377.5;21378.25;24
20250116 052500;21378.5;21379.75;21378.25;21379;15
20250116 052600;21378.5;21379.5;21377;21378.25;25
20250116 052700;21378;21382.75;21378;21380.5;157
20250116 052800;21380.25;21380.75;21380;21380.25;10
20250116 052900;21380.25;21381.25;21376.5;21377;60
20250116 053000;21377;21379;21376.25;21378.25;21
20250116 053100;21378.75;21382.75;21377;21378.75;184
20250116 053200;21378.75;21384.75;21372.25;21383.5;504
20250116 053300;21383.25;21384.75;21382.75;21384.25;44
20250116 053400;21384.75;21388.5;21382;21388.25;91
20250116 053500;21388.75;21390;21386.5;21389.75;68
20250116 053600;21388.75;21389;21377;21377.5;255
20250116 053700;21378.25;21380.75;21374;21379.5;129
20250116 053800;21379.75;21379.75;21374;21374;52
20250116 053900;21373.75;21373.75;21360.25;21363;445
20250116 054000;21363;21365.75;21354.5;21364;372
20250116 054100;21363.75;21364.75;21360.25;21364.75;54
20250116 054200;21365;21371.75;21365;21371.5;128
20250116 054300;21372;21376.75;21370.5;21371.5;242
20250116 054400;21371.25;21373.75;21369.25;21373.75;80
20250116 054500;21373.75;21374;21370.5;21371.25;19
20250116 054600;21371.5;21372;21365.75;21367;40
20250116 054700;21366;21370.25;21364.75;21370.25;46
20250116 054800;21369.5;21371.75;21369.5;21371.25;23
20250116 054900;21370.5;21374.75;21370.25;21374.75;41
20250116 055000;21374.5;21377;21373.5;21373.5;51
20250116 055100;21374.25;21376.25;21373.5;21375.75;38
20250116 055200;21374.5;21378;21374.5;21375.25;40
20250116 055300;21374.5;21374.5;21371.25;21373.5;40
20250116 055400;21373.25;21375.25;21371.75;21372;23
20250116 055500;21371;21371;21368.25;21368.5;29
20250116 055600;21368;21369;21364.25;21364.25;55
20250116 055700;21365;21368.25;21364.5;21368.25;18
20250116 055800;21369;21371.5;21368.5;21371.25;28
20250116 055900;21370.5;21372.5;21370.5;21372.5;11
20250116 060000;21372.25;21372.5;21365.75;21366.75;26
20250116 060100;21366.25;21371.25;21366;21370;73
20250116 060200;21369;21371.75;21367.5;21367.5;82
20250116 060300;21367.25;21368.5;21365.25;21368.5;34
20250116 060400;21367.5;21369.5;21365.25;21367.25;54
20250116 060500;21366.75;21372.25;21366.5;21372;50
20250116 060600;21372;21372;21369.75;21371.25;19
20250116 060700;21372;21374.25;21371;21372.5;35
20250116 060800;21372.5;21372.75;21370.25;21370.25;14
20250116 060900;21372;21376.25;21370.5;21372;89
20250116 061000;21372.5;21373.5;21353;21368.75;667
20250116 061100;21369.25;21381.25;21368.5;21377.75;370
20250116 061200;21377;21382;21372.5;21380.75;322
20250116 061300;21380;21383.5;21378.5;21380.75;115
20250116 061400;21380;21399.75;21378.5;21397.5;483
20250116 061500;21398.25;21399.25;21391.75;21398.25;331
20250116 061600;21396.75;21399.5;21393.5;21395.5;118
20250116 061700;21396.5;21400.25;21390;21390.25;201
20250116 061800;21391.25;21395.75;21388.5;21393.75;158
20250116 061900;21393.25;21404.5;21392.75;21404.5;350
20250116 062000;21403.25;21406.25;21400;21406.25;235
20250116 062100;21405.25;21414;21403.25;21414;409
20250116 062200;21413.25;21417.5;21410.25;21410.75;266
20250116 062300;21410.5;21416;21408.5;21414;156
20250116 062400;21414;21415.5;21411.5;21414.5;109
20250116 062500;21413.25;21418;21413.25;21415;80
20250116 062600;21415;21418.75;21414;21417.75;108
20250116 062700;21416.5;21430.75;21416.25;21424;497
20250116 062800;21424.25;21433.25;21424.25;21430.5;426
20250116 062900;21430;21432.75;21428.5;21430.5;116
20250116 063000;21430.5;21430.5;21426.25;21426.25;125
20250116 063100;21426.75;21432.75;21425;21430;210
20250116 063200;21430;21433.5;21428.25;21429.75;126
20250116 063300;21430;21430;21424.5;21428.75;79
20250116 063400;21427.5;21430;21427;21429;63
20250116 063500;21429.75;21436.5;21428.25;21431;310
20250116 063600;21431;21433;21427.5;21432.25;92
20250116 063700;21432.75;21434.5;21430;21432.75;90
20250116 063800;21432.75;21436.25;21431.5;21431.5;134
20250116 063900;21432;21439;21432;21438.5;106
20250116 064000;21438.5;21443;21436.75;21441.5;202
20250116 064100;21442.25;21454.25;21437.75;21441.25;787
20250116 064200;21441.5;21447;21440.5;21441;144
20250116 064300;21441;21441.75;21435;21436.75;133
20250116 064400;21436.75;21440;21436.75;21438.5;44
20250116 064500;21438;21441.75;21437.75;21437.75;58
20250116 064600;21437.25;21439.25;21433.75;21436;153
20250116 064700;21436.25;21438;21433.75;21433.75;99
20250116 064800;21433.75;21434;21427.25;21432;207
20250116 064900;21431.5;21434;21428;21432.25;85
20250116 065000;21431.5;21437;21430.5;21433;158
20250116 065100;21433.75;21437.75;21432;21437.75;241
20250116 065200;21437.75;21441.75;21436.25;21436.25;156
20250116 065300;21436.75;21436.75;21430;21430.75;48
20250116 065400;21430.75;21435.5;21430.25;21434.5;100
20250116 065500;21435;21438.75;21433;21434.25;117
20250116 065600;21434.25;21437.25;21434;21436.5;52
20250116 065700;21436;21438.75;21436;21437.5;46
20250116 065800;21437.75;21447.5;21437.75;21445.75;131
20250116 065900;21446.5;21448.5;21445;21448.5;108
20250116 070000;21447;21456.75;21440.75;21440.75;525
20250116 070100;21440.5;21444.5;21432.5;21439.75;226
20250116 070200;21440;21446.75;21437.25;21442;241
20250116 070300;21442;21452;21442;21451.5;119
20250116 070400;21451.5;21455.25;21450;21454;134
20250116 070500;21454.5;21465.25;21453;21460.25;455
20250116 070600;21460;21467;21453;21453.5;393
20250116 070700;21453.5;21466;21453;21462.75;238
20250116 070800;21462.25;21462.75;21456.75;21456.75;152
20250116 070900;21456.5;21460;21453.25;21459.75;149
20250116 071000;21461;21466;21460.75;21464.5;149
20250116 071100;21465.25;21485;21465.25;21481;676
20250116 071200;21482;21485.75;21476.75;21478.25;219
20250116 071300;21479.25;21479.25;21473.75;21477;155
20250116 071400;21477.5;21492;21476.75;21487.5;402
20250116 071500;21487.25;21490;21485.25;21489;199
20250116 071600;21489.5;21489.5;21481.25;21483.5;217
20250116 071700;21482.75;21486;21480.5;21485.25;129
20250116 071800;21485.75;21489;21482.5;21485.75;208
20250116 071900;21485.75;21486.25;21483.25;21486;100
20250116 072000;21486;21487.5;21483.25;21486;83
20250116 072100;21486.5;21486.75;21481.5;21484.5;136
20250116 072200;21484.25;21489.25;21484.25;21489.25;70
20250116 072300;21489.25;21489.75;21486;21489;127
20250116 072400;21488.5;21489.25;21485.5;21489.25;66
20250116 072500;21489.5;21489.5;21482.75;21486.25;95
20250116 072600;21484.75;21489;21480;21486.25;238
20250116 072700;21486;21489.25;21486;21487.25;68
20250116 072800;21487.75;21496.25;21487.75;21496;324
20250116 072900;21495.75;21499.5;21493;21497.5;202
20250116 073000;21498;21509.5;21496.5;21508;394
20250116 073100;21508;21514.75;21507.75;21513;335
20250116 073200;21511.75;21512.5;21503.5;21506.75;362
20250116 073300;21507;21515.5;21505.5;21512.25;220
20250116 073400;21513.25;21517.5;21511.75;21514.75;211
20250116 073500;21514.25;21521.75;21512.25;21521.75;213
20250116 073600;21522;21524;21517;21522;267
20250116 073700;21521.75;21523;21515;21519;175
20250116 073800;21519;21529.5;21517.75;21529.5;254
20250116 073900;21529;21530;21526.75;21528.25;131
20250116 074000;21529;21533.25;21528.25;21529.25;155
20250116 074100;21530.25;21532.5;21526.25;21532.5;159
20250116 074200;21532.75;21537.75;21530.5;21534;230
20250116 074300;21533.25;21537.5;21530;21537;162
20250116 074400;21537.25;21539.25;21531.75;21537.75;216
20250116 074500;21537.25;21545;21535.5;21544.25;391
20250116 074600;21543.5;21544;21530.5;21539.5;408
20250116 074700;21538;21538;21533.5;21534.5;246
20250116 074800;21535.5;21540.5;21530.5;21539.5;234
20250116 074900;21539;21547.5;21539;21545.5;274
20250116 075000;21545.75;21550;21544.5;21549.5;206
20250116 075100;21548.5;21550;21539.5;21543.75;201
20250116 075200;21543.5;21547;21541.5;21544.75;125
20250116 075300;21545;21547.5;21543.75;21547;77
20250116 075400;21547.25;21548.5;21545;21548;74
20250116 075500;21548.5;21550.5;21545;21547.5;173
20250116 075600;21547.25;21549;21543;21545.75;129
20250116 075700;21545.5;21548.5;21537.25;21548.5;204
20250116 075800;21549;21555.25;21544.5;21552.75;428
20250116 075900;21553;21560;21552.5;21556;369
20250116 080000;21555.25;21559.5;21552;21555.5;193
20250116 080100;21555.25;21567.25;21555;21565.5;583
20250116 080200;21565.75;21565.75;21554;21554.75;380
20250116 080300;21555.25;21557.75;21545.25;21550.25;377
20250116 080400;21549.5;21550.5;21540.25;21543;302
20250116 080500;21542.75;21545;21537.5;21540.5;214
20250116 080600;21539.5;21541.25;21532.75;21535;274
20250116 080700;21535.25;21539.25;21530.5;21535.75;226
20250116 080800;21536.75;21539.25;21527;21533.5;282
20250116 080900;21533.5;21533.5;21523;21523.5;322
20250116 081000;21523.5;21523.75;21518;21519.75;347
20250116 081100;21519.75;21528.5;21519;21521.75;243
20250116 081200;21521.25;21529;21521;21525.75;128
20250116 081300;21525.5;21534.5;21525.5;21533.25;220
20250116 081400;21532.25;21533.25;21516;21516.25;222
20250116 081500;21516.5;21518;21509.25;21511;348
20250116 081600;21511.25;21517;21504;21508.75;276
20250116 081700;21508;21519.75;21508;21518.25;253
20250116 081800;21516.5;21523;21513;21517;219
20250116 081900;21517.25;21525.25;21517.25;21524;208
20250116 082000;21523.75;21529.75;21521.25;21526.25;162
20250116 082100;21527.5;21529.5;21518.25;21523.75;233
20250116 082200;21524.25;21533;21523;21529.25;187
20250116 082300;21530.25;21531.75;21525;21527.25;129
20250116 082400;21527.25;21527.25;21514.25;21516;213
20250116 082500;21515.5;21519.25;21510.5;21512.25;169
20250116 082600;21512.75;21522.25;21512.5;21522;138
20250116 082700;21522.25;21526;21513.75;21514.5;165
20250116 082800;21515.5;21522.5;21512.75;21521.5;125
20250116 082900;21520.75;21526.25;21520.25;21522.75;131
20250116 083000;21524;21529;21517.5;21520.5;191
20250116 083100;21520.25;21520.5;21510.25;21517.25;268
20250116 083200;21516.25;21517.5;21505.5;21514;285
20250116 083300;21514.5;21521;21511;21517;178
20250116 083400;21517.75;21522;21515.25;21521.25;139
20250116 083500;21521;21532.25;21521;21526.25;313
20250116 083600;21526.25;21530.5;21517;21520.75;263
20250116 083700;21521.25;21530.5;21521;21530;116
20250116 083800;21530.5;21531.25;21526.5;21526.5;155
20250116 083900;21526.75;21540;21526.75;21539;236
20250116 084000;21539.25;21544.25;21537;21544;260
20250116 084100;21542.75;21543;21526.25;21527.25;272
20250116 084200;21527.25;21536;21524.5;21533.75;140
20250116 084300;21534.5;21538.75;21533.5;21533.75;119
20250116 084400;21534.5;21535.25;21526;21531.75;184
20250116 084500;21532.25;21536.25;21532;21535;85
20250116 084600;21534.25;21540;21532.75;21537;166
20250116 084700;21537.25;21547.25;21536.5;21544.75;179
20250116 084800;21545;21547.75;21541;21542.75;173
20250116 084900;21542;21542.75;21536;21541;154
20250116 085000;21540.75;21540.75;21530.75;21533.25;224
20250116 085100;21533.5;21537.75;21531.25;21534.5;113
20250116 085200;21534;21536.25;21531.25;21534.25;106
20250116 085300;21533.5;21535.75;21530.25;21535.75;91
20250116 085400;21535.75;21546.25;21535.5;21543.5;174
20250116 085500;21544.5;21548.75;21540.75;21541.5;234
20250116 085600;21541.5;21547.5;21540;21547.5;88
20250116 085700;21546.25;21549;21543.75;21543.75;180
20250116 085800;21543.25;21545;21538.25;21540.5;139
20250116 085900;21539.75;21543.25;21538.25;21542.25;82
20250116 090000;21542.25;21545;21539;21539.5;96
20250116 090100;21539;21547.5;21535.75;21540.5;342
20250116 090200;21540.5;21542;21520.75;21528;550
20250116 090300;21527.75;21532.5;21520.25;21523.75;271
20250116 090400;21525.5;21529.75;21507.5;21508.5;388
20250116 090500;21510.75;21517.75;21510.25;21514;169
20250116 090600;21515.5;21522.75;21510;21511.5;317
20250116 090700;21512.5;21514.25;21502;21505.5;423
20250116 090800;21504.75;21508.25;21497.25;21500.75;393
20250116 090900;21500.75;21515;21500.75;21513;261
20250116 091000;21514.75;21521.25;21512;21519.75;187
20250116 091100;21521.25;21522.25;21514;21518.75;123
20250116 091200;21519;21520;21513.25;21514.75;120
20250116 091300;21513.75;21514.75;21507;21510;152
20250116 091400;21510.5;21515.25;21508.5;21511;299
20250116 091500;21511;21519.5;21510.5;21518.75;144
20250116 091600;21518.5;21521;21513.25;21518.25;136
20250116 091700;21518.5;21520.25;21512.75;21516;101
20250116 091800;21516.25;21518;21507;21511;230
20250116 091900;21511;21511.75;21502.5;21507;182
20250116 092000;21506.75;21509;21505;21506;77
20250116 092100;21505.5;21506.75;21503.25;21505;82
20250116 092200;21505.75;21511.5;21504.75;21506.25;149
20250116 092300;21506.5;21508.75;21505;21506.25;60
20250116 092400;21507;21511.75;21505.5;21508.25;87
20250116 092500;21508.75;21508.75;21501.5;21503;126
20250116 092600;21503.25;21512.25;21503.25;21510.75;145
20250116 092700;21510.5;21512.25;21503.5;21506.75;184
20250116 092800;21506.75;21508.25;21499;21501.75;237
20250116 092900;21501.5;21503;21495.75;21497.75;187
20250116 093000;21498.25;21498.5;21488.5;21491.75;378
20250116 093100;21492.5;21495;21488.25;21492;158
20250116 093200;21491.75;21492.5;21477.25;21478.5;389
20250116 093300;21479;21481.5;21470;21473.75;405
20250116 093400;21473.75;21474.5;21464.5;21467.75;353
20250116 093500;21468.25;21476.25;21468.25;21472.25;206
20250116 093600;21473;21473;21465.5;21466.5;144
20250116 093700;21466;21466;21457.75;21463;288
20250116 093800;21463.5;21472;21461.25;21471;197
20250116 093900;21471;21479;21467.5;21478.75;246
20250116 094000;21478.5;21479;21472.5;21472.5;141
20250116 094100;21473.25;21474.25;21456.5;21460;658
20250116 094200;21460.5;21461;21454.5;21456;229
20250116 094300;21456;21461;21455.5;21459;156
20250116 094400;21460;21465;21459.25;21464.5;147
20250116 094500;21464.5;21467.75;21463.25;21464;112
20250116 094600;21464.75;21472.75;21464.25;21470;107
20250116 094700;21470.25;21475;21470;21473.75;128
20250116 094800;21474.25;21477;21471.25;21472.5;84
20250116 094900;21473.25;21475.25;21470.75;21473;89
20250116 095000;21472.75;21476;21472;21474;36
20250116 095100;21474.5;21481.25;21466.5;21467.5;290
20250116 095200;21468;21480;21468;21478.75;159
20250116 095300;21478.5;21481.25;21476.75;21478.5;128
20250116 095400;21478;21483.5;21477.25;21481.25;143
20250116 095500;21482.25;21482.25;21477.75;21478.5;74
20250116 095600;21478.75;21482.75;21477.5;21482.5;93
20250116 095700;21482.25;21483.5;21479;21481;77
20250116 095800;21481.75;21485;21478.25;21478.25;139
20250116 095900;21478;21479.75;21476.5;21477.5;117
20250116 100000;21477.5;21480.75;21473.25;21474;292
20250116 100100;21474.5;21476.75;21466;21466.75;225
20250116 100200;21466.5;21469.5;21463.5;21466.5;167
20250116 100300;21466.25;21466.25;21460.25;21462.5;154
20250116 100400;21462;21467.25;21460.25;21467.25;123
20250116 100500;21467.25;21467.5;21462.75;21466;118
20250116 100600;21466.25;21466.25;21457.5;21459;127
20250116 100700;21459.5;21460;21451.25;21452.75;176
20250116 100800;21452.25;21452.25;21445;21451.75;329
20250116 100900;21453;21457.75;21451;21457;99
20250116 101000;21457.25;21459;21452;21459;106
20250116 101100;21459;21468.5;21457.5;21468.5;181
20250116 101200;21468;21469.25;21461.75;21467.25;174
20250116 101300;21467.25;21468;21463.25;21467.75;124
20250116 101400;21468.75;21477;21467;21476;171
20250116 101500;21475.75;21476.75;21471.25;21472.75;99
20250116 101600;21473.25;21475;21467.5;21469.75;98
20250116 101700;21469.75;21471.5;21462.25;21471.25;150
20250116 101800;21471;21475.25;21471;21474;112
20250116 101900;21472.75;21479.75;21472.5;21479.75;200
20250116 102000;21479.75;21488;21478.25;21485.5;229
20250116 102100;21486.25;21489;21484.75;21488;131
20250116 102200;21489;21490.5;21486.25;21490.25;140
20250116 102300;21490.25;21494.75;21488.75;21494;184
20250116 102400;21493.5;21499;21493.5;21497.5;175
20250116 102500;21497.25;21500.25;21495.75;21497.25;160
20250116 102600;21497.25;21500.5;21495.25;21499.5;168
20250116 102700;21498.5;21498.75;21493.25;21495.5;98
20250116 102800;21496.25;21505.25;21496;21502.5;247
20250116 102900;21503.25;21507;21503.25;21506.25;69
20250116 103000;21506.25;21506.5;21503;21503;86
20250116 103100;21504.25;21505.75;21500.25;21502.5;75
20250116 103200;21503;21503.5;21500.25;21501.5;64
20250116 103300;21501.25;21505.5;21501.25;21504.5;45
20250116 103400;21504.5;21511.25;21503.25;21510.25;140
20250116 103500;21510.5;21511.75;21504;21508;105
20250116 103600;21508.5;21508.75;21505.75;21506.25;64
20250116 103700;21507;21510.5;21506.5;21508.75;102
20250116 103800;21508.5;21509;21507;21508;33
20250116 103900;21508;21510.5;21506.5;21510;112
20250116 104000;21510.5;21512.5;21506;21507.5;100
20250116 104100;21508;21508;21500;21500.5;231
20250116 104200;21500.5;21502.25;21497.5;21502.25;145
20250116 104300;21502;21502.5;21498.25;21501.75;63
20250116 104400;21501;21506.25;21500.5;21505;110
20250116 104500;21504.75;21504.75;21491.5;21496.5;188
20250116 104600;21496.5;21500.5;21496;21497;92
20250116 104700;21496.75;21501.5;21494.75;21495.75;120
20250116 104800;21497;21505.25;21497;21503.25;104
20250116 104900;21503.75;21505.75;21502.75;21504;58
20250116 105000;21504.25;21507.25;21503.25;21503.75;73
20250116 105100;21504.5;21506;21503.25;21506;48
20250116 105200;21506.75;21509.25;21504.5;21504.5;109
20250116 105300;21505;21506.5;21503;21505.75;48
20250116 105400;21505.75;21510;21505.5;21505.75;82
20250116 105500;21505.5;21506;21504.25;21505.25;25
20250116 105600;21505;21507.5;21495.75;21499;433
20250116 105700;21499.5;21501.5;21496;21499;128
20250116 105800;21499;21502.5;21493.75;21494.75;270
20250116 105900;21495;21500;21493.25;21497.5;201
20250116 110000;21497.5;21502;21496.25;21498;153
20250116 110100;21498.75;21499.75;21488.25;21488.5;218
20250116 110200;21488.5;21502.25;21488.5;21501;209
20250116 110300;21501;21507.5;21498.75;21503.5;165
20250116 110400;21502.25;21506;21492.75;21494.75;171
20250116 110500;21495;21498.5;21490.5;21498;97
20250116 110600;21498.5;21499.25;21495;21499;63
20250116 110700;21498.75;21504.5;21498;21501.5;103
20250116 110800;21501.25;21507;21501.25;21505.25;104
20250116 110900;21505.25;21507;21500.5;21500.5;69
20250116 111000;21501.75;21504.75;21501.25;21502.5;40
20250116 111100;21501.75;21503.5;21492.75;21494.5;170
20250116 111200;21494.5;21497;21494;21494.75;54
20250116 111300;21495.75;21502;21494.25;21502;81
20250116 111400;21501.25;21504.25;21499.75;21502.5;46
20250116 111500;21503.25;21504.25;21497;21498;63
20250116 111600;21496.75;21497.75;21494.75;21497.75;55
20250116 111700;21497.75;21500;21496.75;21499;40
20250116 111800;21499.25;21499.75;21496.5;21497.25;37
20250116 111900;21498.75;21502.5;21491.75;21493.25;139
20250116 112000;21492.75;21493.25;21483.75;21488.5;187
20250116 112100;21488.25;21491;21487.75;21490.25;51
20250116 112200;21490.75;21497.75;21490.75;21494.25;77
20250116 112300;21495.25;21496.25;21493.5;21493.5;52
20250116 112400;21493.5;21494.25;21489;21490.25;95
20250116 112500;21491;21494;21490;21492;62
20250116 112600;21493.5;21498.25;21491.5;21496.25;95
20250116 112700;21496;21499.75;21495.75;21499.25;37
20250116 112800;21498.75;21499.5;21495.25;21497.5;60
20250116 112900;21497.75;21497.75;21492.5;21496.25;66
20250116 113000;21496.5;21504.5;21495.75;21502.75;132
20250116 113100;21503.5;21505.25;21497.5;21498.75;139
20250116 113200;21499.5;21508.25;21499.5;21504;133
20250116 113300;21504.5;21506;21501.5;21504.5;82
20250116 113400;21505.75;21508;21504.5;21506.25;48
20250116 113500;21506;21509;21504.75;21505.75;56
20250116 113600;21507;21510.5;21506.25;21509.75;85
20250116 113700;21510;21510.5;21498.5;21502.75;148
20250116 113800;21502;21503;21494.25;21494.25;118
20250116 113900;21494.75;21499;21493;21496.5;108
20250116 114000;21497;21497;21490.5;21493.5;106
20250116 114100;21494.25;21499.75;21494.25;21498;71
20250116 114200;21498.5;21498.75;21494.5;21496;103
20250116 114300;21496.25;21496.25;21494.25;21496;56
20250116 114400;21496.5;21496.5;21491;21491;63
20250116 114500;21491;21494.25;21486.5;21493;130
20250116 114600;21492.25;21493.5;21491;21492;77
20250116 114700;21493;21495.25;21490;21492.25;96
20250116 114800;21491.75;21500.5;21491;21496.25;117
20250116 114900;21496.75;21500.5;21495.5;21500.5;69
20250116 115000;21501;21506.25;21501;21503.25;157
20250116 115100;21504.5;21506;21502;21503.25;68
20250116 115200;21505;21513;21504.25;21510.25;150
20250116 115300;21510.5;21512.5;21505;21506.25;128
20250116 115400;21506.25;21508.25;21506;21507;32
20250116 115500;21507.25;21512;21504.5;21511;167
20250116 115600;21510.75;21514.5;21510.5;21513;120
20250116 115700;21514.25;21518;21511.5;21517;157
20250116 115800;21517.5;21518.25;21511.75;21512.25;143
20250116 115900;21512.5;21513;21508.75;21512.75;70
20250116 120000;21512.25;21512.5;21506;21507;111
20250116 120100;21507.5;21510;21489.5;21493.5;443
20250116 120200;21494.25;21494.5;21479.75;21487;371
20250116 120300;21487;21489.5;21483;21484;232
20250116 120400;21484.75;21485.5;21478.75;21483.25;194
20250116 120500;21484.5;21488.75;21482.25;21484;196
20250116 120600;21483.25;21483.25;21474.75;21478.75;284
20250116 120700;21477.75;21481;21471.75;21473.25;237
20250116 120800;21473;21479.25;21471.75;21478;104
20250116 120900;21476.75;21480;21474.25;21476.5;62
20250116 121000;21475.75;21478.75;21475.75;21477.25;43
20250116 121100;21478.5;21479.25;21472.75;21474.75;78
20250116 121200;21473.75;21474;21466.5;21470.25;499
20250116 121300;21471;21476.75;21469.25;21471.5;171
20250116 121400;21472;21475;21469.5;21471.75;90
20250116 121500;21473.25;21476.75;21472.5;21476.5;83
20250116 121600;21476.5;21483;21474.75;21480.75;183
20250116 121700;21480;21485.25;21477.5;21483.5;156
20250116 121800;21482;21483;21476.5;21480.5;80
20250116 121900;21480;21482.5;21477.25;21478.25;51
20250116 122000;21478.5;21483.25;21477.5;21481.25;102
20250116 122100;21481.25;21486;21481.25;21484.75;114
20250116 122200;21486;21487.75;21483.5;21485;85
20250116 122300;21485;21486.5;21475;21477.5;152
20250116 122400;21477.25;21477.5;21468.75;21471.5;138
20250116 122500;21470.25;21471.5;21457.25;21458.25;369
20250116 122600;21458.5;21460.5;21452.75;21459.5;238
20250116 122700;21459.5;21466.25;21459.5;21462;155
20250116 122800;21463;21463.75;21459.5;21460.75;116
20250116 122900;21460;21462;21457.5;21460;80
20250116 123000;21459.75;21464.75;21459.75;21463;115
20250116 123100;21463.75;21466.5;21459.25;21463.5;226
20250116 123200;21464;21478;21462;21473;493
20250116 123300;21473;21474.75;21468;21474.5;198
20250116 123400;21474.75;21477;21467;21467.25;233
20250116 123500;21467.5;21470.75;21464.75;21468.75;180
20250116 123600;21469.25;21479.75;21468.25;21475;326
20250116 123700;21474.25;21480.25;21473.5;21478.75;151
20250116 123800;21478.75;21478.75;21471.5;21473.25;129
20250116 123900;21473.75;21475.75;21467.25;21469;109
20250116 124000;21469.75;21471;21466.5;21467.75;87
20250116 124100;21468.5;21469.25;21465.75;21467.25;89
20250116 124200;21467.5;21475.5;21467.5;21474.25;167
20250116 124300;21473.75;21477.25;21472.5;21475.25;123
20250116 124400;21475.25;21475.25;21472.25;21472.5;51
20250116 124500;21473.25;21475.75;21472.25;21473;54
20250116 124600;21473.5;21475.75;21469;21471.25;164
20250116 124700;21471.25;21471.25;21457.25;21461.5;448
20250116 124800;21461.5;21462.75;21456.5;21461.75;175
20250116 124900;21462.5;21463;21455.5;21456.75;144
20250116 125000;21456.25;21458.5;21447.5;21450;358
20250116 125100;21449.5;21450.25;21442;21448.25;420
20250116 125200;21448;21455;21448;21452.25;183
20250116 125300;21452.5;21453.5;21446.25;21447;162
20250116 125400;21447.25;21449.25;21441.25;21444.75;317
20250116 125500;21443.75;21445.75;21438.75;21443.75;223
20250116 125600;21444.25;21448.75;21439;21441.75;261
20250116 125700;21441;21445;21434.25;21435.5;307
20250116 125800;21437.75;21441.25;21432.75;21434;196
20250116 125900;21433.75;21436.5;21430.5;21433.75;142
20250116 130000;21433.75;21440.25;21433;21439.75;161
20250116 130100;21440.5;21443;21434;21436.5;243
20250116 130200;21437.5;21438.25;21427.5;21430;207
20250116 130300;21428.75;21430;21422.25;21425.75;491
20250116 130400;21425.25;21433.5;21423;21431.75;232
20250116 130500;21432.5;21434;21423;21428.5;228
20250116 130600;21428;21431.75;21425.25;21431;130
20250116 130700;21431;21433;21420;21421.75;228
20250116 130800;21421;21424.75;21420.5;21422;158
20250116 130900;21423;21426.75;21420;21423;158
20250116 131000;21422;21422.75;21420.25;21421.75;127
20250116 131100;21422.25;21425.5;21421;21425.25;155
20250116 131200;21425.25;21433;21424;21433;275
20250116 131300;21432.5;21436.75;21428.5;21430;381
20250116 131400;21430.25;21442.75;21426;21441.5;274
20250116 131500;21441.5;21442.5;21435.5;21440;308
20250116 131600;21439.75;21444;21438.25;21439.25;312
20250116 131700;21440;21444.75;21434.25;21441.25;403
20250116 131800;21440.5;21443.25;21437;21443.25;176
20250116 131900;21443;21443;21439;21439.75;131
20250116 132000;21439.5;21439.75;21426.5;21429;389
20250116 132100;21428.75;21431.25;21423.5;21431.25;299
20250116 132200;21431.25;21436.5;21430.25;21435.5;229
20250116 132300;21436.25;21440.25;21436.25;21439.25;183
20250116 132400;21439.75;21449.75;21436.75;21449;310
20250116 132500;21449;21453.25;21448.5;21450.5;279
20250116 132600;21450.25;21454;21448;21452.5;233
20250116 132700;21452;21453.75;21449;21452.75;156
20250116 132800;21452.25;21452.25;21446.25;21450;136
20250116 132900;21450.5;21451.75;21447.5;21449;125
20250116 133000;21448.25;21451;21427.75;21446;402
20250116 133100;21450;21482;21446;21455.25;1145
20250116 133200;21456.75;21471.25;21448;21448;779
20250116 133300;21447.75;21456.75;21444.25;21455.5;339
20250116 133400;21454;21455;21443;21447.25;477
20250116 133500;21445.75;21445.75;21427;21436;578
20250116 133600;21436;21449.25;21433.75;21447;509
20250116 133700;21445.75;21446;21436.75;21438.75;235
20250116 133800;21439.75;21455.5;21431;21452.75;608
20250116 133900;21454.75;21466.5;21453.25;21457.75;870
20250116 134000;21458.5;21465.5;21457.75;21460.25;398
20250116 134100;21460.75;21464;21453;21454.5;500
20250116 134200;21455;21464.75;21455;21464.25;300
20250116 134300;21464.25;21471;21457.5;21462.25;556
20250116 134400;21461.75;21462.25;21450.25;21457.5;532
20250116 134500;21456.25;21457.75;21444.5;21446.5;368
20250116 134600;21446.75;21459.25;21445;21456;375
20250116 134700;21456.5;21461.75;21450.75;21461;230
20250116 134800;21461;21467.5;21460.25;21465;398
20250116 134900;21465;21469.5;21457.75;21458.25;336
20250116 135000;21458.75;21461.75;21457.5;21459;126
20250116 135100;21458.75;21472.25;21457;21472;394
20250116 135200;21472.25;21476;21471;21473.25;365
20250116 135300;21473.25;21480.25;21473.25;21477.5;364
20250116 135400;21477;21477;21468.75;21472.5;307
20250116 135500;21471.5;21484.5;21471.25;21479.5;468
20250116 135600;21480;21480.75;21475.25;21478.5;304
20250116 135700;21479;21479.25;21470.25;21474.75;168
20250116 135800;21474.5;21475.25;21469;21470.5;160
20250116 135900;21470.75;21471.5;21463.75;21468.5;280
20250116 140000;21466.75;21475;21465.25;21474.5;272
20250116 140100;21474;21480.75;21471.5;21478.75;345
20250116 140200;21478.5;21480;21473.5;21475.75;226
20250116 140300;21475.75;21475.75;21467.25;21469;327
20250116 140400;21469.5;21473.25;21467;21471.75;246
20250116 140500;21472;21472.75;21465.25;21468.5;236
20250116 140600;21468.75;21470.25;21465;21466.75;197
20250116 140700;21466.25;21467.25;21457.25;21461.75;349
20250116 140800;21462.25;21462.25;21455.75;21458.75;268
20250116 140900;21458.5;21460.25;21453.25;21460.25;228
20250116 141000;21459.5;21462.25;21456;21456;206
20250116 141100;21457.5;21468;21457.5;21459.25;346
20250116 141200;21460;21469;21459.5;21464;333
20250116 141300;21464.25;21472;21463.75;21472;171
20250116 141400;21472.25;21482.25;21472.25;21478.25;737
20250116 141500;21479.25;21483.75;21476.75;21480.75;304
20250116 141600;21481.5;21483.25;21476.75;21477.75;294
20250116 141700;21479.25;21481.75;21476.25;21477.5;170
20250116 141800;21478;21480.25;21472.5;21480.25;280
20250116 141900;21480.5;21486.75;21479.25;21484.5;392
20250116 142000;21484.75;21487.75;21481.25;21487.25;317
20250116 142100;21487.5;21493;21484;21492.25;671
20250116 142200;21492.75;21494.75;21490.25;21492;406
20250116 142300;21492.75;21500.25;21491.75;21498.25;481
20250116 142400;21498.25;21498.25;21491.25;21496.25;292
20250116 142500;21496;21497.5;21491.75;21496.75;200
20250116 142600;21495.25;21496.75;21487.75;21492.75;399
20250116 142700;21492.75;21494.75;21489;21491.5;199
20250116 142800;21490.5;21497;21490.5;21492.75;398
20250116 142900;21493;21494.75;21488;21490.5;390
20250116 143000;21490.25;21499.25;21489;21494.75;630
20250116 143100;21494.5;21498;21462.5;21464.75;3754
20250116 143200;21464.25;21489.5;21450.25;21450.5;3342
20250116 143300;21450.25;21472.25;21434.5;21435;3530
20250116 143400;21435.75;21442.5;21417.25;21419.5;3194
20250116 143500;21419;21428.25;21405.75;21428.25;3035
20250116 143600;21428;21447;21426.5;21439;2855
20250116 143700;21439.75;21450.5;21433;21439.25;1939
20250116 143800;21440.25;21441.75;21414.25;21417.5;2579
20250116 143900;21416.75;21442.5;21407.75;21432.5;2427
20250116 144000;21432.75;21452.75;21432.75;21446.5;2008
20250116 144100;21445.75;21474;21445.75;21463.75;2582
20250116 144200;21463.75;21471.5;21443.75;21445.5;1988
20250116 144300;21445.75;21449.25;21437;21441.5;1721
20250116 144400;21442;21442;21405;21406.75;2438
20250116 144500;21407.5;21423.75;21404.75;21418.25;1943
20250116 144600;21418.25;21420.5;21398;21409;2543
20250116 144700;21408.25;21409.25;21387.5;21397.25;2786
20250116 144800;21396.5;21398.25;21376.75;21380;2222
20250116 144900;21379.75;21394.5;21369.5;21391.25;2387
20250116 145000;21391.25;21398;21375.25;21385.75;1726
20250116 145100;21385;21393.25;21374;21392.75;1441
20250116 145200;21392.5;21409.5;21383.5;21407.25;1876
20250116 145300;21407.75;21416;21407;21408.25;1968
20250116 145400;21407.5;21413.25;21389.75;21393.5;1699
20250116 145500;21393.25;21406.25;21387.75;21394.5;1170
20250116 145600;21394.25;21407.25;21379.75;21402.75;1678
20250116 145700;21402.5;21405.75;21387.75;21392.75;1112
20250116 145800;21392.75;21413;21391.75;21404;1165
20250116 145900;21404;21407.75;21383.75;21388.5;1141
20250116 150000;21388.5;21389;21371.25;21378.75;1928
20250116 150100;21377.5;21378.5;21341.5;21348.25;3951
20250116 150200;21348.25;21359.75;21336.25;21354;2754
20250116 150300;21353.75;21395.25;21353.25;21395.25;2787
20250116 150400;21395.25;21401.5;21365.75;21369.25;2405
20250116 150500;21369.25;21387.75;21365.75;21380;1273
20250116 150600;21380.5;21410.75;21369;21396.5;3346
20250116 150700;21397;21397.5;21377.5;21394.75;2101
20250116 150800;21394.25;21412;21381.5;21405.5;2091
20250116 150900;21405.75;21424.75;21393.5;21403.5;3984
20250116 151000;21404;21424.5;21394.25;21407;1961
20250116 151100;21406;21426;21392.5;21394.75;1956
20250116 151200;21395.25;21407;21381.75;21383.25;1573
20250116 151300;21384;21395.75;21367.75;21378.25;1943
20250116 151400;21377;21384.5;21372.25;21382.5;1027
20250116 151500;21383.25;21383.25;21359.25;21363.75;1625
20250116 151600;21365;21390.25;21356.25;21389;2399
20250116 151700;21388.5;21393.25;21366;21388.5;1688
20250116 151800;21388.75;21403;21386.25;21390.75;1791
20250116 151900;21390;21406.75;21389.75;21402.75;1349
20250116 152000;21403;21405.25;21391.75;21398.75;954
20250116 152100;21398.5;21409.75;21395.25;21398.5;1268
20250116 152200;21399.75;21414.5;21395.25;21403.5;1375
20250116 152300;21403.25;21410.25;21384;21387.5;1486
20250116 152400;21387.75;21400.5;21382;21399.5;991
20250116 152500;21399.75;21416;21391.25;21413.5;1407
20250116 152600;21414.75;21415.5;21387.5;21394;1219
20250116 152700;21394.25;21400.25;21378;21384.25;1207
20250116 152800;21384;21387;21369;21372;1319
20250116 152900;21372.75;21379.75;21369.75;21373;729
20250116 153000;21372.75;21379;21369;21376.25;817
20250116 153100;21375.5;21384.75;21365;21380.25;1473
20250116 153200;21380.25;21383.75;21362.75;21383;1432
20250116 153300;21383.25;21391.75;21378.75;21390;1283
20250116 153400;21389.75;21404.5;21372;21373.75;1753
20250116 153500;21374.5;21377.25;21358.75;21368;1614
20250116 153600;21368.5;21379.25;21365.5;21370.25;891
20250116 153700;21371.25;21375.75;21353.5;21358.25;1306
20250116 153800;21358;21374.75;21349.5;21371.75;1418
20250116 153900;21371.25;21402.25;21369.25;21398.75;1929
20250116 154000;21399.25;21411.75;21398.5;21401.75;1381
20250116 154100;21401.75;21409.25;21384.75;21388.75;1542
20250116 154200;21388.5;21391;21365.25;21367.25;1428
20250116 154300;21367.75;21371;21353.25;21359;1490
20250116 154400;21359.75;21370.5;21359.25;21365.5;875
20250116 154500;21366;21378.5;21362.75;21373.5;846
20250116 154600;21374.25;21382.25;21365.75;21370.25;1073
20250116 154700;21370.5;21380.75;21364.25;21370.75;849
20250116 154800;21371;21373.75;21356.25;21362.75;1015
20250116 154900;21362.75;21368.25;21339.5;21355.25;1949
20250116 155000;21354.75;21365.5;21352;21363;944
20250116 155100;21365;21378.5;21365;21376.25;1066
20250116 155200;21375.75;21389.5;21374.75;21384.25;1214
20250116 155300;21383.25;21390.75;21381;21383.25;908
20250116 155400;21382.5;21384.75;21369.75;21382.75;930
20250116 155500;21382;21383.75;21370;21373.75;750
20250116 155600;21374.5;21386.25;21373.5;21385;649
20250116 155700;21384.75;21400.5;21380.5;21398;1139
20250116 155800;21398.25;21411.75;21392;21407.25;1577
20250116 155900;21407.5;21414;21402.25;21412;955
20250116 160000;21412.5;21427.25;21411;21424.75;1994
20250116 160100;21424.75;21431.25;21416;21420.25;2240
20250116 160200;21420.5;21435.25;21420;21435.25;1387
20250116 160300;21435;21446.5;21433.25;21445.5;1971
20250116 160400;21445.25;21450.5;21440.75;21442.25;1645
20250116 160500;21442.5;21456.5;21442.25;21447.25;1473
20250116 160600;21446.25;21453.25;21429.5;21432.25;1746
20250116 160700;21431.75;21448.25;21431.75;21441.5;1019
20250116 160800;21441.5;21459.25;21441.25;21458;1569
20250116 160900;21458.25;21472.75;21457;21465.5;1873
20250116 161000;21466.25;21474.75;21463;21466.25;1151
20250116 161100;21466.5;21468;21448.5;21458.5;1499
20250116 161200;21458;21460.75;21449.25;21460;779
20250116 161300;21459.75;21466.75;21455.25;21464.25;818
20250116 161400;21463.5;21465.25;21449.75;21450;939
20250116 161500;21450;21453.5;21431.25;21434.5;2106
20250116 161600;21435;21447.75;21426.25;21439;1554
20250116 161700;21439.5;21441.75;21425;21426.75;1250
20250116 161800;21427;21431.25;21394.5;21406;2901
20250116 161900;21405.25;21422.75;21401;21421;1325
20250116 162000;21421.25;21432.75;21418.25;21425.5;1175
20250116 162100;21426;21426;21391;21395.75;1852
20250116 162200;21395.25;21413;21386.5;21403.25;1543
20250116 162300;21402.5;21412.25;21395.75;21408.75;1044
20250116 162400;21409.25;21419.25;21401;21417.5;1209
20250116 162500;21417;21419.75;21400.5;21402.25;855
20250116 162600;21403;21405;21394.75;21400.25;1039
20250116 162700;21399;21414.75;21398.75;21411.75;774
20250116 162800;21412.5;21422;21410;21414.5;804
20250116 162900;21414.5;21421.75;21410.5;21414.75;682
20250116 163000;21414.75;21416.25;21401;21407.25;823
20250116 163100;21408;21416.25;21401;21413.25;1038
20250116 163200;21413.75;21422.5;21413;21421.5;783
20250116 163300;21421;21424;21407.75;21411.75;794
20250116 163400;21412.75;21418.75;21407.5;21414.25;636
20250116 163500;21414.5;21414.5;21397.25;21397.25;826
20250116 163600;21397.75;21398.5;21370.5;21372;1955
20250116 163700;21372.75;21390;21372.75;21383.75;1044
20250116 163800;21383.5;21397.75;21381.75;21388;975
20250116 163900;21387.75;21395.5;21371.5;21374;1118
20250116 164000;21374;21374.25;21356;21365.75;1610
20250116 164100;21366.75;21369;21356.25;21367.5;1314
20250116 164200;21367.25;21371;21343;21345.75;1609
20250116 164300;21346.75;21348.5;21319;21321.25;3097
20250116 164400;21320.25;21334;21317.5;21329.75;1588
20250116 164500;21330;21347.5;21325;21344.75;1479
20250116 164600;21344.25;21354.5;21341.5;21347.25;1489
20250116 164700;21348;21369.75;21343.25;21369;1407
20250116 164800;21369.75;21373.75;21349.5;21352;1472
20250116 164900;21352.5;21368.5;21351;21359.75;868
20250116 165000;21360.25;21370.5;21359.5;21370.5;614
20250116 165100;21370.75;21375.75;21359.75;21362.25;1116
20250116 165200;21362;21374;21351.5;21371.5;1044
20250116 165300;21371.5;21375.5;21362.75;21363.75;670
20250116 165400;21363.5;21377.75;21361.75;21374.25;692
20250116 165500;21373.5;21379;21369.25;21373;638
20250116 165600;21373;21377.75;21369.75;21370.75;540
20250116 165700;21371;21376;21367.25;21373.25;496
20250116 165800;21373.5;21384.75;21367.25;21383.75;864
20250116 165900;21384.25;21400.75;21382.5;21399.75;1241
20250116 170000;21400;21404.75;21397.5;21400.75;1158
20250116 170100;21400.25;21402.25;21389.75;21391.5;1379
20250116 170200;21392;21404;21390;21401.5;735
20250116 170300;21401;21406.75;21397.5;21404.5;664
20250116 170400;21404.25;21406.5;21396.5;21402.75;631
20250116 170500;21402.5;21411;21400.25;21406.25;675
20250116 170600;21406;21410.5;21401;21404.25;561
20250116 170700;21404.5;21407.75;21397.25;21400.25;644
20250116 170800;21400;21406.25;21397.5;21402.5;574
20250116 170900;21402.75;21406.75;21390.25;21400.75;980
20250116 171000;21400.5;21404.25;21395.75;21403.75;557
20250116 171100;21403.25;21404.5;21397;21399.25;409
20250116 171200;21398.75;21403;21395.5;21400;399
20250116 171300;21399.5;21404.5;21395.75;21401.75;431
20250116 171400;21402;21406.25;21394.25;21405.75;516
20250116 171500;21405.75;21408.75;21398.5;21400.25;595
20250116 171600;21400.25;21402.25;21379;21380;1383
20250116 171700;21379.75;21391;21377.5;21382.5;1030
20250116 171800;21382.5;21392.25;21378.25;21383.5;735
20250116 171900;21383.5;21400.5;21372.25;21397.75;1685
20250116 172000;21398;21399;21382.75;21383.25;669
20250116 172100;21384.25;21395;21381.75;21385.25;594
20250116 172200;21385;21393.25;21378.25;21382.25;640
20250116 172300;21381;21381;21369.25;21374.25;786
20250116 172400;21374.5;21398;21373.25;21397.5;651
20250116 172500;21397.75;21408.5;21397;21404.75;842
20250116 172600;21405.5;21410.75;21401.5;21410;770
20250116 172700;21410;21418.25;21404.75;21415.75;968
20250116 172800;21416;21426;21415.25;21420.25;1294
20250116 172900;21420;21421.75;21413.75;21415;711
20250116 173000;21414.5;21425.75;21412.5;21421.75;776
20250116 173100;21421.75;21424;21416.25;21422.25;683
20250116 173200;21422.75;21423.5;21411.25;21414.25;664
20250116 173300;21414.5;21418.75;21411;21415.75;433
20250116 173400;21415.75;21418;21411.5;21416.25;363
20250116 173500;21416.75;21418.25;21410.25;21412.75;387
20250116 173600;21412.5;21414.75;21398.75;21400.75;1113
20250116 173700;21401.5;21401.5;21387.5;21392.75;1040
20250116 173800;21393;21395.25;21385.25;21391;745
20250116 173900;21391.5;21397.25;21388;21392;589
20250116 174000;21392;21394.25;21386.25;21389.75;418
20250116 174100;21389.75;21391.5;21383.75;21389;620
20250116 174200;21388.5;21390.75;21384.25;21390.25;556
20250116 174300;21389.5;21395;21385.25;21393.5;396
20250116 174400;21394.75;21399.5;21385;21388.25;838
20250116 174500;21388;21390.75;21385.75;21389.75;198
20250116 174600;21389.25;21397.25;21385.5;21391.5;413
20250116 174700;21391.5;21395;21386.5;21390.75;274
20250116 174800;21390.75;21401;21390.5;21397.5;515
20250116 174900;21398.75;21400.75;21382;21386.5;778
20250116 175000;21385.75;21389.25;21382.25;21387.75;505
20250116 175100;21389;21391.75;21383.5;21386.75;469
20250116 175200;21386.5;21387.75;21379.5;21383.25;647
20250116 175300;21383.25;21384.75;21376.25;21380.25;481
20250116 175400;21380.5;21390.25;21379.25;21389.75;401
20250116 175500;21390.25;21391;21387;21390.75;383
20250116 175600;21390.75;21395.25;21383;21384.75;450
20250116 175700;21385.25;21399.25;21383;21398.25;529
20250116 175800;21397.75;21402.5;21395;21397;578
20250116 175900;21397.5;21403;21394.75;21399.25;437
20250116 180000;21399.5;21400.25;21385.5;21385.5;463
20250116 180100;21386.5;21393;21382;21392.75;641
20250116 180200;21392.75;21398.25;21390.5;21393.5;332
20250116 180300;21393.5;21396;21386.25;21390;377
20250116 180400;21390;21401;21389.25;21399.75;383
20250116 180500;21400;21404.75;21398.75;21402.5;423
20250116 180600;21403;21410.5;21396.75;21397.75;930
20250116 180700;21398;21403.5;21394.25;21402.5;644
20250116 180800;21402.25;21402.5;21390.75;21390.75;365
20250116 180900;21391.25;21398.5;21391.25;21395;354
20250116 181000;21394.75;21401.25;21394;21399.75;236
20250116 181100;21399.5;21413.25;21398.5;21412;671
20250116 181200;21412;21413;21408;21409;460
20250116 181300;21409.5;21409.5;21398;21401.25;510
20250116 181400;21400.5;21401.5;21389;21391.75;578
20250116 181500;21391.5;21392.5;21385.75;21388;584
20250116 181600;21387.5;21391.75;21384.5;21388;506
20250116 181700;21387.5;21388;21380;21383.75;553
20250116 181800;21384.25;21385.25;21372;21377.25;1247
20250116 181900;21377.25;21382;21375.5;21375.75;420
20250116 182000;21376;21380.75;21373.5;21379.25;518
20250116 182100;21379.25;21387.5;21378.5;21381;691
20250116 182200;21380.5;21388;21380.5;21383.5;359
20250116 182300;21384.5;21385.5;21375.75;21382;386
20250116 182400;21382.25;21384;21378.5;21380.25;312
20250116 182500;21380.5;21382;21374.75;21379.75;287
20250116 182600;21380;21385;21378.5;21384.5;410
20250116 182700;21383.75;21385.25;21373.5;21374.5;640
20250116 182800;21375.25;21375.25;21366.25;21366.75;707
20250116 182900;21367;21367;21355.5;21356.75;888
20250116 183000;21356;21356.25;21338.75;21344.25;1411
20250116 183100;21343.75;21346;21329.75;21340.75;1605
20250116 183200;21341;21353;21338.75;21350.75;1277
20250116 183300;21350.5;21351.5;21342;21345.25;784
20250116 183400;21345.5;21347.5;21330.75;21333;720
20250116 183500;21333;21337.25;21327.25;21331;794
20250116 183600;21331.5;21334;21327.5;21329.5;717
20250116 183700;21329.25;21333.5;21311.75;21314.75;1683
20250116 183800;21314.5;21325;21306;21323.75;1573
20250116 183900;21323.25;21328.25;21313.5;21319.5;852
20250116 184000;21319.75;21323.25;21306.75;21322.75;964
20250116 184100;21322.75;21331.25;21319.5;21320.5;1036
20250116 184200;21321;21330;21312.75;21314;799
20250116 184300;21314.5;21319.75;21308.25;21317;943
20250116 184400;21317.25;21318.5;21308.5;21309;652
20250116 184500;21309;21312.75;21300.75;21307.25;1091
20250116 184600;21306.5;21312.25;21288;21290.25;1723
20250116 184700;21290.5;21294.5;21285;21290.25;1042
20250116 184800;21290.25;21295.5;21270.5;21271.75;2016
20250116 184900;21271.25;21275.5;21262.25;21264.5;1804
20250116 185000;21264.25;21284.5;21263.25;21284.25;1871
20250116 185100;21284.75;21288;21271.5;21277.75;1393
20250116 185200;21277.75;21281.75;21270;21274;1050
20250116 185300;21275.5;21295.75;21273.75;21294.5;1580
20250116 185400;21294.75;21303.25;21291;21293.25;1215
20250116 185500;21292.25;21305;21292.25;21301.5;915
20250116 185600;21301.5;21306;21291.5;21293.5;939
20250116 185700;21295;21296.5;21280;21283.5;924
20250116 185800;21282.75;21291.5;21279.5;21288.25;867
20250116 185900;21290;21297.25;21286.25;21297;601
20250116 190000;21297;21299.5;21290.5;21290.5;695
20250116 190100;21290;21292;21277.75;21280.75;1204
20250116 190200;21281.75;21289;21277.25;21287;837
20250116 190300;21286.25;21293.5;21284.5;21289.25;618
20250116 190400;21288.75;21298.75;21287.5;21298.5;784
20250116 190500;21298.25;21316.5;21295;21309.5;1530
20250116 190600;21309.5;21321;21308.25;21321;1109
20250116 190700;21320;21332;21318.25;21328.75;1353
20250116 190800;21328.5;21335;21325.5;21334.75;825
20250116 190900;21335.25;21340.75;21327;21330;1157
20250116 191000;21330.75;21331.75;21325.75;21328;501
20250116 191100;21328.5;21340.25;21324;21329.25;1123
20250116 191200;21328.75;21337.5;21327.5;21337.25;571
20250116 191300;21338;21342;21336.75;21339.75;710
20250116 191400;21340.25;21346.75;21336;21344;750
20250116 191500;21344.25;21344.5;21331;21338.75;668
20250116 191600;21338.5;21346.75;21337.5;21342;947
20250116 191700;21342.5;21344.25;21338.5;21343;383
20250116 191800;21343.5;21347.25;21339.75;21339.75;461
20250116 191900;21340;21342.5;21334.25;21340.25;704
20250116 192000;21340;21345;21338.25;21338.25;405
20250116 192100;21338.75;21347.25;21337.5;21338.75;444
20250116 192200;21338.25;21346;21336.75;21343;550
20250116 192300;21343.5;21343.5;21318.75;21319.5;1262
20250116 192400;21319.75;21324;21310.75;21312.5;1091
20250116 192500;21312.75;21317.5;21307.75;21312.75;869
20250116 192600;21313;21335.5;21312.5;21335.5;1034
20250116 192700;21335.5;21346.5;21334.25;21346;882
20250116 192800;21345.75;21355.5;21345.75;21350;1245
20250116 192900;21350.25;21352.5;21340;21347.75;817
20250116 193000;21347.5;21349.5;21344.25;21345.25;358
20250116 193100;21345.75;21347.25;21335.75;21338.75;787
20250116 193200;21339.25;21345.75;21335.25;21339.75;652
20250116 193300;21339.75;21341.5;21335.5;21339;395
20250116 193400;21339;21339.75;21330.25;21335.25;635
20250116 193500;21335.75;21345;21335;21342.75;534
20250116 193600;21343;21343.5;21337.75;21342.5;323
20250116 193700;21342.25;21352.25;21341.5;21350.75;777
20250116 193800;21350.5;21356.25;21345.75;21345.75;883
20250116 193900;21345.75;21357.75;21345.25;21356.75;515
20250116 194000;21357.5;21360.25;21356.25;21358.25;763
20250116 194100;21358.5;21358.75;21351.25;21353.75;574
20250116 194200;21354;21354.5;21348.75;21352.5;295
20250116 194300;21352.25;21353.5;21347.25;21347.5;337
20250116 194400;21348.25;21351.25;21342.75;21350.75;436
20250116 194500;21351;21351.75;21344.5;21347.5;379
20250116 194600;21347.75;21351.75;21345.75;21347.25;326
20250116 194700;21347.5;21353.5;21347.5;21351;381
20250116 194800;21352;21356;21349.75;21352.5;382
20250116 194900;21352.75;21358.5;21351.5;21354.5;511
20250116 195000;21355;21360;21354.25;21355.75;354
20250116 195100;21356.75;21357.5;21339.5;21340.5;959
20250116 195200;21340.75;21346;21335.25;21339;726
20250116 195300;21337.75;21352;21336.75;21352;551
20250116 195400;21351.25;21361.25;21349.25;21358.5;717
20250116 195500;21358.25;21358.75;21354.25;21357.25;361
20250116 195600;21357;21367;21356.5;21364.75;666
20250116 195700;21365.25;21375.25;21365.25;21369.25;1402
20250116 195800;21369.25;21375.5;21368.25;21374.25;535
20250116 195900;21374;21379.25;21368;21376.25;1398
20250116 200000;21376.25;21380.75;21371.25;21374.5;932
20250116 200100;21374.5;21376.5;21368.75;21370.5;893
20250116 200200;21370.25;21383;21369;21380.5;670
20250116 200300;21380;21380;21370;21373.25;388
20250116 200400;21373.25;21379.5;21372;21376.75;349
20250116 200500;21376.75;21383.5;21375.5;21379.75;465
20250116 200600;21379.5;21388;21379;21386.75;740
20250116 200700;21386.75;21391;21385.5;21387.75;705
20250116 200800;21388;21390;21383.5;21386.75;585
20250116 200900;21387.25;21391.25;21386.25;21387.75;424
20250116 201000;21388.5;21395.75;21388;21391.5;619
20250116 201100;21392;21393.5;21384.75;21387;656
20250116 201200;21386.5;21386.75;21378.25;21383.25;627
20250116 201300;21383.25;21383.25;21377;21380.5;497
20250116 201400;21381;21383.75;21377.75;21379.75;407
20250116 201500;21380.5;21381.75;21369;21369.5;1072
20250116 201600;21369.5;21377.25;21368.5;21369.5;793
20250116 201700;21369.5;21373;21367;21368.5;592
20250116 201800;21369;21371.5;21354;21356;1143
20250116 201900;21355.5;21359;21343.75;21346;1070
20250116 202000;21346.75;21349.5;21338.75;21343.25;1043
20250116 202100;21343.25;21344.5;21330;21331.25;1508
20250116 202200;21332;21343.25;21329.25;21329.75;1050
20250116 202300;21329.75;21336.25;21317;21335.25;1496
20250116 202400;21335;21339.25;21329;21337.25;884
20250116 202500;21337.75;21342.5;21326.5;21328.25;944
20250116 202600;21328.5;21335;21325.75;21328.5;580
20250116 202700;21329;21338.75;21328;21334.5;704
20250116 202800;21334.5;21343.75;21331.75;21343.75;966
20250116 202900;21343;21348;21333.75;21334.5;878
20250116 203000;21335.25;21335.75;21327.25;21331.25;1094
20250116 203100;21331.25;21347.25;21328.25;21343.75;1014
20250116 203200;21343.75;21350;21332.25;21332.25;1018
20250116 203300;21332.75;21335.5;21327.5;21332.5;818
20250116 203400;21331.75;21334.75;21325.5;21330.25;668
20250116 203500;21329.75;21330.5;21324;21324.75;628
20250116 203600;21325;21329.5;21317.5;21319.75;1076
20250116 203700;21319.5;21326.75;21312.75;21326.5;1106
20250116 203800;21326;21336;21324.75;21330.75;856
20250116 203900;21331.75;21333.5;21320.25;21324.25;640
20250116 204000;21324.75;21326.75;21317.25;21318.25;544
20250116 204100;21318;21324;21316.5;21323.75;719
20250116 204200;21323.75;21340.75;21323.75;21332;1165
20250116 204300;21332.75;21342.25;21332.75;21335.25;779
20250116 204400;21336;21339.5;21333;21333.5;463
20250116 204500;21333.25;21339;21325.25;21337.75;786
20250116 204600;21337.5;21339.5;21326.75;21330.75;914
20250116 204700;21331;21332.25;21324.5;21326.75;698
20250116 204800;21326.75;21333.5;21325.25;21328;562
20250116 204900;21327.25;21329;21314;21317.75;948
20250116 205000;21317.5;21322.25;21311.5;21320.5;913
20250116 205100;21320.75;21332.25;21310.5;21331.25;1538
20250116 205200;21330.75;21334.25;21315.25;21316.75;1062
20250116 205300;21316.25;21316.25;21303.75;21307;1167
20250116 205400;21307;21310.75;21297.75;21307;1399
20250116 205500;21307.75;21309;21288.75;21291.75;2397
20250116 205600;21292;21294;21267.5;21273;2632
20250116 205700;21272.25;21276.75;21263.5;21267;1893
20250116 205800;21266.75;21273.5;21261.25;21265.75;1663
20250116 205900;21265.75;21268.75;21259.25;21262;1606
20250116 210000;21262.25;21267.25;21243.5;21247.5;8223
20250116 210100;21247.75;21250.25;21229.5;21238.25;4093
20250116 210200;21238;21243.25;21225.25;21227.75;1392
20250116 210300;21228;21237.25;21226.5;21229.25;1210
20250116 210400;21229.75;21238.25;21227.25;21233;904
20250116 210500;21233;21238.5;21227.75;21235;751
20250116 210600;21235.25;21240.5;21231.25;21238.25;539
20250116 210700;21237.75;21239.25;21234;21238;250
20250116 210800;21237.5;21242;21235.75;21240.5;423
20250116 210900;21240.5;21242.5;21237.5;21238.75;246
20250116 211000;21238.25;21239;21229.75;21231.75;339
20250116 211100;21231.75;21232;21221.75;21222.5;620
20250116 211200;21222.5;21226.25;21210;21214.5;810
20250116 211300;21214;21216;21205.5;21210.75;839
20250116 211400;21210.5;21216;21197.25;21198;870
20250116 211500;21198.5;21200.5;21187.75;21190;1228
20250116 211600;21190;21202.5;21190;21200;878
20250116 211700;21200.25;21206.25;21200.25;21203.75;341
20250116 211800;21204;21211.25;21200.75;21207.25;537
20250116 211900;21207;21209.25;21202;21203.25;223
20250116 212000;21203.75;21203.75;21198.5;21199.75;499
20250116 212100;21199;21200.75;21189.5;21192;618
20250116 212200;21192.5;21194.75;21183.5;21188.25;567
20250116 212300;21188.75;21190.5;21183.75;21185.25;345
20250116 212400;21184.75;21185.25;21175.75;21179.75;635
20250116 212500;21179.5;21181.75;21172.25;21180.75;384
20250116 212600;21181;21187;21179;21183;400
20250116 212700;21183.25;21192.25;21182;21190.25;330
20250116 212800;21190.5;21194.75;21189.25;21193;245
20250116 212900;21192.5;21197.5;21190.75;21195.25;186
20250116 213000;21195.25;21197;21193;21195.5;133
20250116 213100;21195.25;21203.5;21192.5;21203;300
20250116 213200;21202.5;21202.5;21199.25;21202.25;156
20250116 213300;21202.5;21207;21202;21206;198
20250116 213400;21205.75;21209.25;21198;21198;128
20250116 213500;21198.5;21206.5;21198.5;21205.5;107
20250116 213600;21206;21207.75;21203.25;21205.25;113
20250116 213700;21205;21207;21202;21205;68
20250116 213800;21205;21206.75;21202.25;21206.25;106
20250116 213900;21206.25;21207.5;21205.75;21206.75;93
20250116 214000;21207;21209;21206.25;21209;97
20250116 214100;21208.5;21209;21205;21208.25;78
20250116 214200;21209;21210.5;21207;21209.25;103
20250116 214300;21209.25;21209.75;21206.25;21206.25;73
20250116 214400;21207.5;21207.5;21204;21204;91
20250116 214500;21203.25;21204;21197.75;21201.25;214
20250116 214600;21202;21212;21201.75;21210.25;361
20250116 214700;21210;21212;21208.25;21208.5;71
20250116 214800;21208.25;21210.25;21207;21208.5;69
20250116 214900;21208.25;21209;21204;21207.25;99
20250116 215000;21207.75;21210;21207;21208.5;88
20250116 215100;21208;21212.75;21206;21206.25;99
20250116 215200;21206.75;21207.5;21201.5;21202.25;55
20250116 215300;21201.25;21205.25;21199.75;21203;86
20250116 215400;21204.25;21204.5;21202.25;21202.25;101
20250116 215500;21202.25;21208.25;21202.25;21207;83
20250116 215600;21207.5;21211.25;21207.25;21210;95
20250116 215700;21210.5;21214.25;21210.5;21213.25;96
20250116 215800;21213.5;21213.75;21211.5;21211.5;112
20250116 215900;21213;21213.75;21212;21213;77
20250116 220000;21212.5;21214.75;21212.5;21214.25;107
20250116 230100;21227.5;21227.5;21212.5;21219.75;405
20250116 230200;21219.75;21225.75;21218.5;21223.25;162
20250116 230300;21225.25;21231.5;21222.25;21227;210
20250116 230400;21227;21231.75;21226;21229.25;105
20250116 230500;21229.25;21229.25;21223.75;21223.75;51
20250116 230600;21223.75;21224.25;21219.25;21220.75;166
20250116 230700;21220;21225.75;21220;21222.75;67
20250116 230800;21223;21223;21210.25;21210.25;182
20250116 230900;21210;21215.5;21209.25;21214.75;97
20250116 231000;21214.5;21214.5;21209.5;21211.25;89
20250116 231100;21211.25;21217;21210.75;21215;110
20250116 231200;21215.5;21224.75;21213.75;21221.5;153
20250116 231300;21221.75;21223.5;21220.5;21220.5;46
20250116 231400;21220.25;21221;21219;21220;37
20250116 231500;21221;21223.5;21218;21223.25;59
20250116 231600;21223.75;21225.25;21222.25;21222.75;47
20250116 231700;21223.25;21224;21222;21222.5;31
20250116 231800;21222.5;21224.5;21222.5;21224.25;23
20250116 231900;21223.5;21231.5;21221.25;21229.25;142
20250116 232000;21229.25;21235.25;21229.25;21233.5;171
20250116 232100;21233.75;21239.5;21233.75;21235;225
20250116 232200;21235.5;21235.5;21230.25;21231.5;67
20250116 232300;21231.5;21232.5;21229;21230.25;92
20250116 232400;21229.25;21232.25;21227.5;21231.5;61
20250116 232500;21231.5;21231.5;21229;21229.75;31
20250116 232600;21229.75;21231.5;21228.25;21231;21
20250116 232700;21231;21231.5;21226;21226.5;49
20250116 232800;21225.75;21227;21224;21226;34
20250116 232900;21225.75;21232.5;21222.75;21232.5;97
20250116 233000;21232.25;21233.5;21230.5;21230.5;70
20250116 233100;21231;21233.75;21228.75;21232.75;61
20250116 233200;21233;21236.25;21233;21235.75;71
20250116 233300;21236.25;21236.25;21231.25;21235.25;64
20250116 233400;21235.25;21235.25;21231.25;21232.5;30
20250116 233500;21233;21235.25;21232.5;21233;29
20250116 233600;21232.5;21234.75;21232.25;21234;40
20250116 233700;21234.25;21234.25;21232.5;21232.5;13
20250116 233800;21232.25;21232.75;21229.75;21231;45
20250116 233900;21231.25;21232.75;21231;21232.75;15
20250116 234000;21232.5;21233;21229.75;21229.75;37
20250116 234100;21229.5;21232;21228.25;21230.75;44
20250116 234200;21231;21235.25;21231;21233.25;46
20250116 234300;21233;21234.5;21229.75;21230.5;61
20250116 234400;21230;21231.5;21229.75;21231.5;14
20250116 234500;21231;21231.75;21229.25;21230.25;24
20250116 234600;21229.5;21230.5;21227.25;21229.25;53
20250116 234700;21228.75;21228.75;21223.25;21228.25;138
20250116 234800;21228.5;21228.5;21227.25;21228;6
20250116 234900;21228;21229.25;21224.5;21226.75;84
20250116 235000;21226.25;21233;21226.25;21232.75;66
20250116 235100;21232.25;21232.5;21228.5;21230.25;42
20250116 235200;21231;21231.5;21226;21227;45
20250116 235300;21228;21229;21226.25;21227.5;35
20250116 235400;21227.75;21228.5;21223.75;21223.75;51
20250116 235500;21223.75;21225.75;21222.5;21225.75;44
20250116 235600;21225.75;21229.5;21225.75;21229.5;41
20250116 235700;21229.25;21229.5;21226.25;21228.25;31
20250116 235800;21228;21229.5;21228;21229;17
20250116 235900;21228.5;21230;21227.25;21229.5;19
20250117 000000;21230;21235;21229.75;21235;98
20250117 000100;21233.5;21238.25;21232.75;21238;130
20250117 000200;21237;21242;21236.75;21238;174
20250117 000300;21237.75;21238.25;21236.5;21237.25;33
20250117 000400;21237.25;21238.75;21236.5;21237.75;36
20250117 000500;21237.5;21238.25;21231.75;21235.25;155
20250117 000600;21234.75;21238.25;21232.25;21236.25;98
20250117 000700;21236.5;21237.25;21235.75;21237.25;13
20250117 000800;21237.75;21241.25;21237.75;21239.75;56
20250117 000900;21239.5;21239.5;21236.75;21237.5;43
20250117 001000;21237.75;21241.5;21237.75;21240;55
20250117 001100;21240.75;21241.5;21237.75;21238.25;78
20250117 001200;21238.25;21238.25;21235.25;21237;36
20250117 001300;21236.5;21236.5;21229.5;21233;124
20250117 001400;21233.25;21235.75;21233;21234;65
20250117 001500;21234.5;21234.5;21232;21234;27
20250117 001600;21233.5;21235;21228.75;21229.25;96
20250117 001700;21230.25;21231.25;21227;21227.75;57
20250117 001800;21228.5;21229.25;21227.5;21229;26
20250117 001900;21228.75;21232.25;21227.5;21231.5;60
20250117 002000;21232;21233;21230;21230.25;46
20250117 002100;21230.5;21236.25;21230.5;21235;60
20250117 002200;21234.5;21235.25;21229.5;21231.25;72
20250117 002300;21230.5;21234;21230.25;21232;47
20250117 002400;21232.25;21233.75;21231.75;21232.75;15
20250117 002500;21233.5;21234;21231.5;21232.75;29
20250117 002600;21232.25;21233.25;21231.25;21232;31
20250117 002700;21232.75;21237.25;21232.5;21235.25;58
20250117 002800;21235;21236.25;21234.25;21234.5;24
20250117 002900;21235;21235.25;21234.5;21234.75;15
20250117 003000;21235;21236.75;21234.75;21235;29
20250117 003100;21235.25;21237.25;21234.75;21236.25;48
20250117 003200;21237.5;21238;21235.5;21237.5;40
20250117 003300;21236.75;21238;21236;21237.75;23
20250117 003400;21237.75;21238;21236;21237.75;19
20250117 003500;21237.75;21239.5;21237.25;21239.25;29
20250117 003600;21239.75;21240.75;21236.75;21237.25;69
20250117 003700;21238;21238;21237;21237;12
20250117 003800;21238;21239.75;21235.75;21235.75;75
20250117 003900;21236.75;21239.25;21236.75;21237.75;20
20250117 004000;21238;21239;21237.25;21237.5;21
20250117 004100;21238.25;21239.25;21237.75;21239;27
20250117 004200;21239.25;21241.5;21239.25;21240;28
20250117 004300;21240;21241;21239.5;21239.5;26
20250117 004400;21241.25;21241.75;21239.25;21239.5;47
20250117 004500;21240.75;21242;21240;21240.25;38
20250117 004600;21240;21241.75;21240;21240;31
20250117 004700;21239.5;21240.75;21237.5;21238;41
20250117 004800;21237.25;21237.75;21235;21235.75;94
20250117 004900;21236.5;21238.25;21234.75;21235.25;42
20250117 005000;21235.75;21236.25;21234.5;21235;23
20250117 005100;21235;21236.5;21233.25;21236;47
20250117 005200;21235.75;21240.5;21235;21239.25;47
20250117 005300;21240.5;21240.5;21237.25;21238.25;22
20250117 005400;21238.5;21239.25;21236.75;21237.25;28
20250117 005500;21237;21237.25;21236.25;21237;18
20250117 005600;21237;21237.25;21235.25;21236.75;31
20250117 005700;21236;21240;21235.75;21239.5;50
20250117 005800;21238.75;21240;21237.75;21238;23
20250117 005900;21237.5;21239.75;21237;21239.75;22
20250117 010000;21240.25;21241;21239.5;21240;23
20250117 010100;21240.5;21243.75;21239;21240.25;77
20250117 010200;21240;21241.5;21238.5;21240.5;52
20250117 010300;21241.25;21249.5;21241.25;21248.75;245
20250117 010400;21249;21257.25;21248.5;21255.75;305
20250117 010500;21255.75;21257.5;21254.5;21255.25;67
20250117 010600;21256;21257.5;21251.5;21253.75;101
20250117 010700;21254;21254;21250.75;21251;41
20250117 010800;21251.5;21252.75;21251.25;21252.25;40
20250117 010900;21253;21256;21252;21255.5;61
20250117 011000;21254.5;21256.25;21254;21256.25;43
20250117 011100;21256;21259.25;21254.25;21258;98
20250117 011200;21258.5;21261.5;21258.25;21259.5;109
20250117 011300;21259;21259.75;21257.75;21258.5;46
20250117 011400;21258;21258;21256;21256;35
20250117 011500;21257.25;21258.75;21256;21256.5;57
20250117 011600;21256;21257;21254.5;21256;48
20250117 011700;21257.25;21257.75;21255;21255.5;31
20250117 011800;21256;21256;21251;21252;60
20250117 011900;21251.25;21254;21251;21254;36
20250117 012000;21254;21256;21253.5;21253.75;22
20250117 012100;21255;21255.5;21250.25;21251.5;55
20250117 012200;21250.75;21250.75;21244.75;21246.75;119
20250117 012300;21247.25;21249.5;21245.75;21248;54
20250117 012400;21248.5;21249.75;21247.75;21248.75;19
20250117 012500;21248.5;21251.25;21248;21250.75;44
20250117 012600;21251.75;21254.75;21251.5;21252.5;34
20250117 012700;21252;21252.75;21251.5;21252;43
20250117 012800;21251.75;21254;21250;21254;47
20250117 012900;21252.75;21254.5;21251.75;21251.75;26
20250117 013000;21252.25;21254;21251.75;21251.75;24
20250117 013100;21252.25;21256;21252.25;21256;35
20250117 013200;21255.25;21257;21254.75;21254.75;63
20250117 013300;21255;21255;21247.25;21249.25;105
20250117 013400;21249.25;21251;21248.75;21251;28
20250117 013500;21251;21252;21250.75;21251.25;16
20250117 013600;21251.25;21251.5;21251;21251.25;8
20250117 013700;21250;21253.75;21249.5;21253.75;21
20250117 013800;21253.5;21254.5;21253;21254.25;21
20250117 013900;21254.5;21256.25;21253.75;21255.25;30
20250117 014000;21255.75;21256.75;21253.5;21255;38
20250117 014100;21255.5;21259.75;21254;21259;68
20250117 014200;21259.25;21261;21258.5;21259.75;64
20250117 014300;21260;21260.25;21258;21259.5;30
20250117 014400;21259.75;21265.25;21259.25;21265;115
20250117 014500;21264.5;21267.5;21264.5;21267.5;87
20250117 014600;21267.5;21270.25;21265.5;21265.75;122
20250117 014700;21265.25;21267.5;21265.25;21266.25;56
20250117 014800;21266.25;21266.5;21264;21266.25;51
20250117 014900;21266.75;21269.25;21266.25;21266.5;38
20250117 015000;21267;21269.75;21266;21269.5;34
20250117 015100;21268.75;21268.75;21267;21267.5;25
20250117 015200;21269;21271;21268.25;21268.75;58
20250117 015300;21269.5;21271.5;21269.5;21269.5;31
20250117 015400;21270;21271.5;21268.25;21270.75;51
20250117 015500;21270.25;21272;21268.5;21268.75;39
20250117 015600;21268.5;21271.75;21268;21271.25;45
20250117 015700;21270.75;21274.25;21270.75;21272.75;109
20250117 015800;21272.5;21273.5;21269.5;21270.5;50
20250117 015900;21270.25;21270.25;21267;21268.25;62
20250117 020000;21268.25;21268.25;21265;21265.25;55
20250117 020100;21265.75;21271.25;21265.5;21268.25;156
20250117 020200;21268.25;21268.5;21266.5;21267.5;36
20250117 020300;21267.75;21268.25;21265;21266.5;36
20250117 020400;21266.75;21267.75;21265.5;21266.25;27
20250117 020500;21265.75;21270.25;21265.5;21269.5;39
20250117 020600;21270.5;21270.5;21267.5;21268.5;37
20250117 020700;21268;21269.5;21266.5;21269;45
20250117 020800;21268.25;21269.5;21267;21267;25
20250117 020900;21267.75;21269.5;21267;21268;25
20250117 021000;21267.25;21269.25;21266.25;21268.75;35
20250117 021100;21268.25;21269.25;21266.5;21269.25;12
20250117 021200;21268.25;21268.25;21266.25;21266.25;19
20250117 021300;21267;21267.5;21265.5;21267.25;32
20250117 021400;21266.75;21271.25;21266.75;21271;30
20250117 021500;21271.5;21276.75;21271.5;21275.5;119
20250117 021600;21275;21275.25;21273.5;21274;53
20250117 021700;21275;21276.75;21275;21275;46
20250117 021800;21274.5;21274.5;21271.25;21274.25;37
20250117 021900;21274.5;21275;21272.75;21273;33
20250117 022000;21273;21273.75;21271;21273.75;22
20250117 022100;21273;21275.5;21273;21275.5;39
20250117 022200;21274.75;21276.5;21274.25;21275.75;33
20250117 022300;21275.75;21280.75;21275.25;21280.25;112
20250117 022400;21280.75;21283;21279.5;21282.5;119
20250117 022500;21282.5;21283;21281;21283;25
20250117 022600;21283.75;21283.75;21272.5;21275.25;133
20250117 022700;21275;21276.25;21274;21276.25;39
20250117 022800;21275.75;21277.75;21275.75;21276.5;24
20250117 022900;21277;21278;21275.5;21275.75;31
20250117 023000;21275.75;21276.5;21275;21276.5;19
20250117 023100;21276.25;21277;21274.5;21277;30
20250117 023200;21277;21277;21273.5;21274.5;21
20250117 023300;21274;21274.5;21272.5;21272.75;23
20250117 023400;21273;21277;21272.75;21276.25;37
20250117 023500;21276.75;21276.75;21275.25;21275.75;11
20250117 023600;21275;21276.25;21274.75;21275.25;18
20250117 023700;21275;21275;21274;21274;12
20250117 023800;21273.75;21274.25;21267;21268.75;144
20250117 023900;21269;21269;21262.5;21266.25;161
20250117 024000;21266.25;21267;21262.5;21264.5;72
20250117 024100;21264.5;21266.25;21261.25;21265;98
20250117 024200;21264.75;21266.25;21264.75;21265.75;31
20250117 024300;21266;21269;21264.25;21268.5;56
20250117 024400;21268.75;21269;21265.5;21267;42
20250117 024500;21266.75;21266.75;21262.5;21263.25;37
20250117 024600;21263;21263;21257.75;21258.75;123
20250117 024700;21260;21262.25;21259;21261.5;44
20250117 024800;21262.25;21265;21261.75;21265;49
20250117 024900;21263.75;21263.75;21254.25;21256.5;154
20250117 025000;21256.25;21256.25;21249.25;21254;205
20250117 025100;21253.5;21255;21252.75;21254.25;39
20250117 025200;21254.25;21256;21250.75;21252.5;59
20250117 025300;21253.25;21256;21252.75;21253.25;35
20250117 025400;21252.5;21254;21251.5;21254;18
20250117 025500;21255;21258;21254.75;21256.75;42
20250117 025600;21255;21257;21254;21257;26
20250117 025700;21258.25;21258.75;21255.5;21258;39
20250117 025800;21258.25;21258.75;21254.75;21257;37
20250117 025900;21257.5;21258;21257;21257.5;24
20250117 030000;21257.75;21259;21256.5;21258;16
20250117 030100;21258.25;21259.75;21258.25;21258.25;17
20250117 030200;21257.5;21258.75;21256;21256.5;36
20250117 030300;21256.75;21259.25;21256.75;21258.5;28
20250117 030400;21258.5;21263.5;21258.25;21262.25;68
20250117 030500;21262;21263;21258.5;21259.25;30
20250117 030600;21259.25;21260;21259;21260;15
20250117 030700;21260.25;21261.75;21259.25;21261.75;35
20250117 030800;21261.5;21262;21260.75;21260.75;24
20250117 030900;21261.25;21262.5;21260.5;21260.5;26
20250117 031000;21261;21262;21260;21260;21
20250117 031100;21260;21260;21258.25;21258.25;22
20250117 031200;21257.5;21258.5;21256.25;21256.25;57
20250117 031300;21256;21257;21251.5;21251.75;98
20250117 031400;21252.5;21252.75;21247.5;21249;116
20250117 031500;21249.25;21251.75;21248;21249.75;96
20250117 031600;21249.5;21250.5;21246.5;21247.5;135
20250117 031700;21247.75;21249;21247;21249;31
20250117 031800;21249.5;21249.75;21248.5;21249.25;39
20250117 031900;21250;21251;21250;21250.25;15
20250117 032000;21250.25;21252.25;21249.5;21252.25;29
20250117 032100;21251.75;21253.75;21250.25;21253;54
20250117 032200;21254.5;21256;21254;21255.75;62
20250117 032300;21256;21257;21253.75;21254.5;38
20250117 032400;21254.75;21256.5;21248.75;21250.25;190
20250117 032500;21250.25;21251;21247;21250.75;72
20250117 032600;21249.75;21250.5;21248;21250.5;33
20250117 032700;21249.75;21252.75;21248.75;21249.5;38
20250117 032800;21249.25;21253;21248.5;21253;90
20250117 032900;21253.25;21256.25;21253.25;21254;46
20250117 033000;21253.5;21256.5;21253.25;21255.25;49
20250117 033100;21255;21262.25;21254.75;21261.75;89
20250117 033200;21261.75;21265.75;21261.75;21264.5;137
20250117 033300;21264.5;21266;21263.75;21265.25;48
20250117 033400;21265.5;21266;21262.5;21262.5;46
20250117 033500;21264.25;21267.75;21264;21267;64
20250117 033600;21266.5;21273.5;21266.5;21272.5;108
20250117 033700;21272;21273.75;21270.25;21271.25;57
20250117 033800;21271.5;21272.25;21269;21269.75;30
20250117 033900;21269.75;21272.5;21269.25;21271.75;36
20250117 034000;21271.25;21272;21268.25;21269;85
20250117 034100;21269;21270.5;21268.5;21269.25;46
20250117 034200;21269.25;21271.5;21268;21270.25;38
20250117 034300;21270.5;21272;21269.5;21269.5;34
20250117 034400;21270.25;21272;21269.75;21271.75;29
20250117 034500;21271.5;21273.25;21271;21273;45
20250117 034600;21273.25;21275;21272;21272.25;39
20250117 034700;21272.5;21274;21272.5;21273;30
20250117 034800;21272.75;21272.75;21269.5;21269.75;25
20250117 034900;21270;21272.25;21269.5;21271.25;26
20250117 035000;21272.25;21275.25;21272.25;21273.75;27
20250117 035100;21275.25;21277.5;21274.25;21274.25;80
20250117 035200;21275.25;21275.25;21270.25;21271.75;47
20250117 035300;21271;21274.75;21269.5;21273;91
20250117 035400;21273.25;21273.5;21272.75;21273.25;11
20250117 035500;21272.75;21275.75;21272.25;21275.75;34
20250117 035600;21275.5;21275.5;21274;21274.5;7
20250117 035700;21274.25;21279;21274;21277.5;69
20250117 035800;21278;21282.25;21277;21281.5;102
20250117 035900;21281.25;21283;21280.5;21281.25;42
20250117 040000;21281;21281.75;21280.25;21281;25
20250117 040100;21280.5;21285.5;21280.25;21285.5;116
20250117 040200;21284.75;21285.25;21282.25;21283;41
20250117 040300;21283.5;21285.5;21281.5;21283.75;98
20250117 040400;21283.25;21283.5;21281.75;21283.5;20
20250117 040500;21283.25;21283.5;21281.75;21282;21
20250117 040600;21281.75;21283.5;21280.75;21281.75;52
20250117 040700;21281;21281;21278;21280.5;54
20250117 040800;21280.5;21283.75;21279;21283;48
20250117 040900;21283.5;21284.5;21282;21284.5;40
20250117 041000;21283;21283.5;21281.5;21282.75;15
20250117 041100;21283.25;21284.25;21282;21282.25;37
20250117 041200;21282.75;21284.25;21280.5;21283.25;40
20250117 041300;21283.25;21284;21282;21283;18
20250117 041400;21282.25;21284.5;21282.25;21283.25;15
20250117 041500;21283.25;21283.75;21283.25;21283.5;8
20250117 041600;21284.5;21289.75;21284.5;21287.5;152
20250117 041700;21288;21293.75;21287.75;21293;238
20250117 041800;21292.5;21296.75;21292.25;21295.5;103
20250117 041900;21295.25;21296;21292.25;21295;107
20250117 042000;21295.75;21297.75;21290.75;21293.75;238
20250117 042100;21293.25;21295.75;21292.25;21295;85
20250117 042200;21294.75;21295;21293.75;21294.75;20
20250117 042300;21294.5;21296;21292.75;21295.5;32
20250117 042400;21296.25;21296.25;21294.75;21296.25;23
20250117 042500;21296.25;21303.5;21295.75;21302;214
20250117 042600;21302;21302.25;21297.75;21298.75;53
20250117 042700;21298.75;21301.25;21297.75;21298.25;34
20250117 042800;21297.5;21299.75;21296.5;21299;38
20250117 042900;21299;21306;21298.75;21304.75;131
20250117 043000;21304.5;21307.5;21303.5;21306.75;121
20250117 043100;21307;21307.5;21303.75;21304.25;38
20250117 043200;21304.25;21307.25;21302.25;21303.5;70
20250117 043300;21303;21303;21292;21294;199
20250117 043400;21294.75;21296.25;21294;21296.25;72
20250117 043500;21295.75;21297.5;21295.5;21295.5;35
20250117 043600;21295.25;21296.5;21293.25;21296.5;41
20250117 043700;21296;21298;21296;21297.5;27
20250117 043800;21297.5;21298;21292;21292;80
20250117 043900;21292.5;21295.25;21292.5;21293.5;41
20250117 044000;21293.75;21295.75;21293.25;21294.25;25
20250117 044100;21295;21295.75;21292;21292;49
20250117 044200;21291.75;21293;21289.5;21291;51
20250117 044300;21291.75;21293.25;21291;21292.5;29
20250117 044400;21293;21293.75;21292.25;21292.75;19
20250117 044500;21292.25;21295.25;21288.5;21290.25;118
20250117 044600;21289.75;21291.75;21288.75;21289;110
20250117 044700;21289.25;21289.25;21283.75;21285;65
20250117 044800;21285.25;21288.75;21284.25;21287.5;67
20250117 044900;21287.5;21287.5;21285.25;21287.25;30
20250117 045000;21287.5;21288.5;21287;21288.25;13
20250117 045100;21287.75;21292.5;21287.75;21291;64
20250117 045200;21291.5;21293;21290;21290;35
20250117 045300;21289.5;21292.25;21289.5;21292.25;12
20250117 045400;21291.5;21293.75;21289.5;21291;34
20250117 045500;21291;21291.75;21291;21291.75;7
20250117 045600;21292;21292;21287.5;21287.75;41
20250117 045700;21287.5;21287.5;21281.5;21286.75;159
20250117 045800;21286.75;21287.5;21285.25;21286.25;31
20250117 045900;21287;21289;21286;21289;14
20250117 050000;21289;21289.25;21288.25;21289;23
20250117 050100;21289.5;21293.5;21289.5;21292.5;55
20250117 050200;21290.75;21292;21289;21289.75;34
20250117 050300;21290.25;21293;21288.5;21291.75;24
20250117 050400;21292.25;21295;21289.75;21294.25;73
20250117 050500;21294.5;21296.5;21291.5;21296.25;77
20250117 050600;21296.25;21297.75;21294.5;21297.5;44
20250117 050700;21297.25;21297.25;21294.25;21295;28
20250117 050800;21295;21295;21294;21294;24
20250117 050900;21293.75;21295.25;21293.5;21294.25;16
20250117 051000;21294.25;21294.25;21288.75;21290.75;81
20250117 051100;21291.5;21291.75;21288.25;21290.25;40
20250117 051200;21291;21293.25;21291;21292.75;24
20250117 051300;21292.75;21293.75;21292.25;21292.75;22
20250117 051400;21292.5;21293;21291.5;21292.75;16
20250117 051500;21292.5;21294.25;21292.5;21293;31
20250117 051600;21292.75;21295.75;21292.5;21292.5;24
20250117 051700;21292.5;21298.75;21292.5;21298;63
20250117 051800;21297.75;21298.75;21296.25;21298.25;18
20250117 051900;21298.5;21299.5;21295;21295.5;51
20250117 052000;21296;21297;21296;21296.5;9
20250117 052100;21297.25;21297.25;21295;21296.5;19
20250117 052200;21296.25;21297;21295;21296;17
20250117 052300;21295;21297.5;21294.75;21297;19
20250117 052400;21296.25;21298.25;21296;21297.25;24
20250117 052500;21296.75;21297.25;21296;21296;8
20250117 052600;21296.75;21299.25;21296.75;21299.25;35
20250117 052700;21298.25;21299.75;21295.25;21295.75;28
20250117 052800;21297;21297.75;21295.75;21295.75;17
20250117 052900;21296.25;21298;21296.25;21298;10
20250117 053000;21297.25;21299;21296.75;21299;14
20250117 053100;21298.75;21308.5;21298.75;21308.25;237
20250117 053200;21308.5;21309.75;21304.5;21306.25;104
20250117 053300;21305.75;21307;21305.25;21305.5;47
20250117 053400;21306.25;21308;21304.5;21304.75;31
20250117 053500;21304.5;21306.25;21300.25;21301.25;91
20250117 053600;21301.25;21304.5;21301.25;21301.5;42
20250117 053700;21302;21302;21297;21299.25;38
20250117 053800;21299.5;21299.75;21296;21299.5;53
20250117 053900;21299.5;21301.25;21298.75;21299.25;27
20250117 054000;21299.25;21300.25;21298.75;21299.25;13
20250117 054100;21299;21299;21292;21293.25;134
20250117 054200;21292.75;21297;21292;21294.75;87
20250117 054300;21295;21295;21290.25;21293.25;85
20250117 054400;21292.75;21295;21292.5;21294;27
20250117 054500;21294;21296.75;21294;21296.75;10
20250117 054600;21295;21299.5;21293.75;21299;75
20250117 054700;21300;21300.75;21297.25;21298.75;25
20250117 054800;21299;21299.25;21293.5;21295.25;63
20250117 054900;21294.75;21294.75;21293;21294.5;35
20250117 055000;21295;21296;21293.25;21293.25;17
20250117 055100;21294;21297;21291.75;21295.25;45
20250117 055200;21295.25;21299;21295.25;21296.75;72
20250117 055300;21297.25;21298;21297;21297;5
20250117 055400;21296.75;21297.25;21295.75;21296.5;9
20250117 055500;21296.5;21296.5;21294.5;21294.5;22
20250117 055600;21295;21295.25;21290.25;21293.5;101
20250117 055700;21293.5;21297.75;21293.5;21297.5;45
20250117 055800;21297.5;21298.75;21297;21297.5;34
20250117 055900;21298.5;21299.5;21297.75;21298.25;27
20250117 060000;21298.75;21298.75;21296.5;21298.75;24
20250117 060100;21298;21299;21296.75;21297;24
20250117 060200;21297;21297.5;21295.75;21295.75;15
20250117 060300;21295;21295;21293;21293.25;50
20250117 060400;21293.75;21296;21288.25;21289.25;219
20250117 060500;21289;21290;21286.5;21287;62
20250117 060600;21288.25;21289.5;21285.25;21288.5;66
20250117 060700;21287.5;21293.5;21285.75;21292;105
20250117 060800;21292.25;21293.75;21291.25;21291.5;52
20250117 060900;21291.5;21292;21291.25;21292;6
20250117 061000;21293.5;21296.25;21292.25;21293;47
20250117 061100;21292;21292;21289.5;21290;19
20250117 061200;21289.25;21290;21287.25;21288.25;27
20250117 061300;21288.5;21288.5;21287.25;21287.75;10
20250117 061400;21288.25;21289.5;21287;21287;20
20250117 061500;21287;21288;21286.25;21287.5;16
20250117 061600;21287.25;21289.25;21287.25;21289;14
20250117 061700;21289.25;21290.25;21288.75;21289.75;18
20250117 061800;21289.25;21293;21289.25;21291.5;36
20250117 061900;21291.5;21294.75;21287.75;21288.5;78
20250117 062000;21288.5;21289;21287.75;21288.75;18
20250117 062100;21288;21289.75;21287.75;21289.5;15
20250117 062200;21290;21290.75;21290;21290.75;6
20250117 062300;21290.75;21294;21289.75;21293.25;71
20250117 062400;21294;21295.25;21293.75;21295;16
20250117 062500;21294.5;21296.75;21293;21295;38
20250117 062600;21294.5;21296.25;21292.5;21292.75;35
20250117 062700;21292;21294;21291.75;21293.75;22
20250117 062800;21293.5;21294.75;21293.5;21294.75;25
20250117 062900;21294.75;21295.5;21293.75;21293.75;16
20250117 063000;21293.5;21295.25;21292.5;21292.5;25
20250117 063100;21293.5;21305.25;21292.5;21302.25;234
20250117 063200;21301.5;21301.5;21295.5;21296.5;88
20250117 063300;21296;21296.5;21294.5;21294.5;28
20250117 063400;21294.25;21297.5;21293.5;21295.5;38
20250117 063500;21295.75;21296;21293.5;21294.75;24
20250117 063600;21294;21294;21292.25;21294;20
20250117 063700;21292.75;21294;21286.5;21286.5;94
20250117 063800;21287;21288;21284.5;21287.5;91
20250117 063900;21287.75;21288.25;21281;21283.75;108
20250117 064000;21283.5;21286.5;21283.5;21286.5;30
20250117 064100;21286;21287.25;21281;21281.5;38
20250117 064200;21282.25;21282.75;21277.75;21280.5;135
20250117 064300;21279.75;21281.25;21277.25;21280.75;53
20250117 064400;21280.5;21282.75;21279;21282.25;32
20250117 064500;21282.75;21285.75;21282.25;21284.75;45
20250117 064600;21285.25;21285.25;21283;21284;16
20250117 064700;21286;21290.25;21285.25;21288.25;90
20250117 064800;21288.75;21291;21286;21287.25;48
20250117 064900;21288;21290.5;21288;21288.75;47
20250117 065000;21289;21291.75;21289;21290;23
20250117 065100;21290.75;21290.75;21285.75;21286.75;35
20250117 065200;21287.25;21288.75;21287.25;21288;7
20250117 065300;21288.25;21288.25;21282.25;21285;46
20250117 065400;21284.75;21285;21284;21284.75;13
20250117 065500;21285.25;21287;21285.25;21287;15
20250117 065600;21287.75;21289.75;21286.25;21289.75;24
20250117 065700;21290;21291;21288.75;21289.25;18
20250117 065800;21289;21289.25;21288;21288.75;15
20250117 065900;21288.5;21289.25;21288.25;21289.25;9
20250117 070000;21289.25;21290.25;21285.5;21288.75;106
20250117 070100;21288.75;21293;21286.25;21286.5;57
20250117 070200;21287;21289.5;21286.25;21287.5;43
20250117 070300;21286.5;21287.5;21280.5;21280.75;96
20250117 070400;21281;21281.75;21277.5;21278;62
20250117 070500;21279;21280.5;21277.75;21279.75;55
20250117 070600;21280;21280.25;21267.75;21270;396
20250117 070700;21269.75;21280.25;21268.75;21279;237
20250117 070800;21279.75;21283.75;21279.25;21282.75;92
20250117 070900;21283.75;21285.25;21279.5;21279.5;45
20250117 071000;21281;21282;21276.25;21278;102
20250117 071100;21277.75;21277.75;21269.5;21272.5;74
20250117 071200;21272.75;21274.25;21269.75;21272.75;54
20250117 071300;21273.5;21274.5;21271.25;21273.75;52
20250117 071400;21275;21278.25;21274.25;21277.25;32
20250117 071500;21277.5;21278.5;21276.75;21277.75;23
20250117 071600;21276.75;21276.75;21274.5;21275;23
20250117 071700;21274.75;21274.75;21268;21270;104
20250117 071800;21270.75;21271;21269.75;21270.5;21
20250117 071900;21271;21273.25;21270.5;21272.75;17
20250117 072000;21272;21273.5;21270;21273.5;50
20250117 072100;21273;21279.5;21272.5;21278;57
20250117 072200;21278;21278;21275.5;21275.5;30
20250117 072300;21275.25;21276.75;21273;21276.75;41
20250117 072400;21277;21282.75;21276.75;21282;58
20250117 072500;21282.25;21282.75;21277.75;21281.25;63
20250117 072600;21281;21281.75;21277.25;21277.75;55
20250117 072700;21277.25;21277.25;21273.25;21273.25;55
20250117 072800;21273.5;21274.5;21268.25;21272;53
20250117 072900;21272.25;21273.5;21271;21272.75;35
20250117 073000;21273.25;21274.75;21268.5;21272.5;77
20250117 073100;21272;21272.5;21269.75;21272.5;30
20250117 073200;21272;21275;21272;21274.25;16
20250117 073300;21274.25;21276.5;21273;21274;36
20250117 073400;21274.75;21276.5;21273;21273;55
20250117 073500;21272.75;21273.75;21258.25;21261.5;310
20250117 073600;21261.75;21265.25;21252.75;21257.5;261
20250117 073700;21257.5;21258;21255.25;21257;46
20250117 073800;21257.5;21259.75;21252.25;21253.5;99
20250117 073900;21254;21258;21251.75;21257.5;106
20250117 074000;21258;21263.25;21258;21261.75;82
20250117 074100;21262.75;21263.25;21261.75;21261.75;19
20250117 074200;21262.5;21262.5;21259;21260;38
20250117 074300;21260.5;21262;21259.75;21262;33
20250117 074400;21262;21263;21259.25;21260.5;34
20250117 074500;21260;21262.75;21259.75;21262.25;27
20250117 074600;21263.25;21265.5;21261.5;21262.75;60
20250117 074700;21264.25;21268;21264;21268;54
20250117 074800;21267.75;21268.25;21266.5;21267.5;20
20250117 074900;21268;21273;21268;21270.5;78
20250117 075000;21271.25;21276.25;21271.25;21274.5;72
20250117 075100;21274.75;21276.5;21274.25;21274.5;78
20250117 075200;21275;21275.75;21273.5;21273.75;37
20250117 075300;21273;21274.5;21271;21274;67
20250117 075400;21273.75;21280.5;21273.75;21280;64
20250117 075500;21280;21280.75;21277.25;21278.75;61
20250117 075600;21278;21279.5;21268.75;21272.75;112
20250117 075700;21272.5;21274.25;21269.25;21273.25;108
20250117 075800;21273.5;21275.75;21272;21274.5;74
20250117 075900;21274.25;21274.25;21272.5;21274;22
20250117 080000;21273.5;21276.25;21273.25;21276;55
20250117 080100;21275.75;21288.75;21272.5;21288.75;258
20250117 080200;21288.25;21290.25;21285.75;21287.25;182
20250117 080300;21287.25;21287.5;21279.25;21282;98
20250117 080400;21281;21286.25;21276.25;21279;267
20250117 080500;21279.25;21283.25;21279;21281.5;70
20250117 080600;21280.5;21284.25;21280.25;21284;61
20250117 080700;21283.5;21285.5;21279.75;21281.75;84
20250117 080800;21282.5;21282.5;21277.5;21281.5;35
20250117 080900;21279.5;21285.25;21277;21283.25;69
20250117 081000;21282.75;21283.75;21279;21281.5;75
20250117 081100;21282;21282.25;21278.25;21279.75;97
20250117 081200;21279.5;21284.25;21275.75;21284.25;115
20250117 081300;21284.75;21288.75;21282.75;21286.75;64
20250117 081400;21287.5;21289.25;21285;21286.25;40
20250117 081500;21286.25;21288;21284.25;21284.5;52
20250117 081600;21283;21284.25;21279.25;21281.25;80
20250117 081700;21281;21282;21276.5;21280.5;60
20250117 081800;21281.75;21283.25;21279.5;21279.5;42
20250117 081900;21279.5;21284.5;21276.75;21282.5;57
20250117 082000;21283.5;21286;21282.25;21283;67
20250117 082100;21281.25;21284.5;21281;21284;39
20250117 082200;21282.5;21282.5;21278.25;21281.25;94
20250117 082300;21280.5;21280.5;21272;21273;97
20250117 082400;21274;21276.75;21272.5;21273.5;34
20250117 082500;21274.5;21277.5;21272.25;21275.75;78
20250117 082600;21276.75;21281.5;21275.5;21279.75;61
20250117 082700;21279.75;21285;21278.5;21284;42
20250117 082800;21282.5;21284.5;21280.5;21282.75;47
20250117 082900;21284;21288.25;21281.25;21287.25;65
20250117 083000;21287.5;21290.25;21285.5;21286.75;85
20250117 083100;21286;21288.75;21284.5;21286.25;52
20250117 083200;21286.25;21296.5;21286;21294.5;144
20250117 083300;21295.5;21298.75;21294.25;21294.75;102
20250117 083400;21294.5;21297.25;21292.5;21296.25;60
20250117 083500;21296;21298.75;21294.75;21298.75;67
20250117 083600;21296.75;21298.75;21294.75;21295;36
20250117 083700;21295.5;21295.5;21285.75;21286.5;96
20250117 083800;21286;21290.75;21285.5;21288.5;74
20250117 083900;21288.5;21292.75;21288.5;21292.5;38
20250117 084000;21292.25;21294.5;21292.25;21293.25;41
20250117 084100;21293.25;21297;21290.5;21295.5;87
20250117 084200;21296;21300.75;21295.25;21299.25;162
20250117 084300;21299.75;21303;21296.5;21297.25;172
20250117 084400;21296.5;21296.5;21293;21295.75;60
20250117 084500;21295.5;21297.25;21295.5;21296;24
20250117 084600;21296;21301.75;21294.25;21301;74
20250117 084700;21301;21301;21297;21297;40
20250117 084800;21296.75;21297.25;21293.75;21294.75;51
20250117 084900;21294.25;21296.25;21292;21294.75;69
20250117 085000;21294.75;21294.75;21291;21293.5;41
20250117 085100;21294;21294.75;21290.75;21294.75;61
20250117 085200;21294.75;21300.75;21294.75;21297;147
20250117 085300;21296.75;21298.75;21295.75;21297.5;60
20250117 085400;21298.25;21304;21298.25;21304;77
20250117 085500;21304;21309;21302.5;21308;131
20250117 085600;21307;21308;21304.5;21306;78
20250117 085700;21307.25;21312.75;21307.25;21309.5;253
20250117 085800;21309.75;21319.75;21309.75;21316.75;255
20250117 085900;21316.25;21321.25;21316.25;21319;151
20250117 090000;21319.25;21319.75;21314;21314.5;76
20250117 090100;21314.5;21315.75;21309;21315;220
20250117 090200;21315.5;21319.5;21314.5;21318.5;125
20250117 090300;21319;21327.75;21319;21324;359
20250117 090400;21324.75;21330;21324;21327.25;167
20250117 090500;21327.5;21331;21324.75;21327;225
20250117 090600;21327;21327;21321.5;21325.25;180
20250117 090700;21325.25;21327;21323.25;21327;107
20250117 090800;21327.5;21332;21327.25;21331.75;150
20250117 090900;21331.5;21335;21327;21327;219
20250117 091000;21327.5;21329.5;21324.75;21329.25;97
20250117 091100;21329.75;21333.75;21325.75;21332.25;164
20250117 091200;21332.5;21337;21332.5;21334.5;212
20250117 091300;21335;21338.75;21333;21335.75;119
20250117 091400;21336;21345;21335.75;21344.25;260
20250117 091500;21344.25;21346;21341;21341.5;140
20250117 091600;21341.5;21343.75;21339.25;21342.5;133
20250117 091700;21343;21344;21341.5;21343.5;117
20250117 091800;21344.5;21346;21340.75;21342.25;112
20250117 091900;21341.75;21347.5;21339.5;21346.5;154
20250117 092000;21346.25;21349;21343;21346.75;135
20250117 092100;21346.75;21347;21341.5;21344.25;88
20250117 092200;21343.5;21344.75;21340.25;21344.5;162
20250117 092300;21345.5;21350.5;21341;21341.75;294
20250117 092400;21342.25;21344.25;21339.5;21344.25;78
20250117 092500;21343.75;21344;21341;21342.75;55
20250117 092600;21342.5;21344;21338.5;21344;156
20250117 092700;21344;21355;21342.75;21352;327
20250117 092800;21352.25;21356.75;21352.25;21356;172
20250117 092900;21356.75;21356.75;21353.75;21354.25;77
20250117 093000;21354.5;21354.5;21351;21352;81
20250117 093100;21351.75;21352.75;21346.5;21348.5;111
20250117 093200;21348.25;21351.25;21345;21346.5;67
20250117 093300;21345.75;21347;21341.75;21342.75;87
20250117 093400;21343.5;21348.75;21342.75;21347;66
20250117 093500;21347;21348.5;21346;21348.25;49
20250117 093600;21348;21348.75;21344;21344.5;62
20250117 093700;21345;21346.75;21340.25;21341.5;111
20250117 093800;21341.5;21344;21338.5;21343.75;157
20250117 093900;21343.25;21344;21334.75;21336.25;130
20250117 094000;21337;21338.25;21334.5;21337;140
20250117 094100;21337;21343.25;21337;21342.25;117
20250117 094200;21342.5;21344.5;21341.75;21341.75;87
20250117 094300;21342.75;21345.75;21341.75;21344.5;137
20250117 094400;21344.25;21346.25;21343;21343;53
20250117 094500;21344.25;21345.5;21339.25;21341.25;70
20250117 094600;21341.75;21342.5;21337.5;21340.25;68
20250117 094700;21339.75;21340.5;21335.25;21335.5;62
20250117 094800;21335.75;21339;21335;21337.25;89
20250117 094900;21338;21345.5;21338;21345.25;75
20250117 095000;21345.25;21347;21342.75;21345.25;92
20250117 095100;21346.5;21347;21339.75;21340.25;57
20250117 095200;21341;21344.75;21338.75;21343.75;82
20250117 095300;21344.75;21344.75;21340.75;21341.5;34
20250117 095400;21342.75;21342.75;21339.75;21340.5;26
20250117 095500;21339.5;21343.75;21339.5;21343.25;34
20250117 095600;21342.75;21348;21342.75;21346.25;63
20250117 095700;21345.75;21345.75;21341;21341.75;60
20250117 095800;21341.5;21343.75;21341.5;21342.75;23
20250117 095900;21342;21343;21339;21339;44
20250117 100000;21338.25;21344.25;21338;21343.25;44
20250117 100100;21343.75;21345.25;21340.25;21340.5;43
20250117 100200;21340;21341.25;21339.25;21340.5;34
20250117 100300;21341.75;21343.75;21339.5;21341.5;58
20250117 100400;21341.25;21341.25;21332.5;21333.75;168
20250117 100500;21333.25;21335;21328.5;21328.5;193
20250117 100600;21329;21330.25;21324.25;21326.5;155
20250117 100700;21327.5;21330.25;21327.25;21329;83
20250117 100800;21329.5;21332.5;21326.75;21332.25;101
20250117 100900;21332.75;21339.5;21332.75;21338.25;170
20250117 101000;21338.25;21339.75;21337;21337;63
20250117 101100;21336.5;21342.25;21333;21340.25;159
20250117 101200;21340.25;21340.25;21337.5;21337.75;81
20250117 101300;21337.5;21338.75;21334.75;21335.75;71
20250117 101400;21336.25;21336.25;21331;21334.25;79
20250117 101500;21334.5;21344;21334.5;21342.75;193
20250117 101600;21343.25;21343.5;21339;21341.75;64
20250117 101700;21342.5;21347.25;21342.5;21346.25;110
20250117 101800;21345.5;21346;21340.75;21342.25;79
20250117 101900;21342.75;21345;21342.5;21343.5;39
20250117 102000;21343.5;21350.5;21342.5;21349.75;141
20250117 102100;21350.25;21353.75;21349.75;21350.75;175
20250117 102200;21350.5;21351.5;21347;21348.75;74
20250117 102300;21348.5;21348.5;21337;21337.25;186
20250117 102400;21338.25;21343.25;21337.5;21343.25;82
20250117 102500;21342.5;21345.75;21342.25;21345.25;49
20250117 102600;21345.75;21345.75;21341.25;21343.25;50
20250117 102700;21343.25;21343.25;21339.75;21340.5;41
20250117 102800;21341;21343.75;21340.5;21340.75;34
20250117 102900;21339;21339;21334.5;21336;100
20250117 103000;21337.25;21338.5;21335.5;21336;20
20250117 103100;21335.25;21336.25;21327.5;21331.25;420
20250117 103200;21330.5;21334.5;21330.5;21334.5;54
20250117 103300;21334;21339.75;21334;21337;114
20250117 103400;21338.75;21340.75;21336.25;21338.5;52
20250117 103500;21338.25;21341.5;21337.5;21340.25;55
20250117 103600;21340.5;21340.75;21333.5;21335.25;88
20250117 103700;21335.5;21337.75;21333.75;21335.75;30
20250117 103800;21334.75;21335.25;21330.5;21334.75;52
20250117 103900;21334.5;21336.75;21333.25;21334;28
20250117 104000;21334;21335;21332.25;21335;31
20250117 104100;21335.25;21338;21335;21335.75;43
20250117 104200;21335.5;21335.75;21334.75;21335.75;11
20250117 104300;21334.5;21339.5;21334.5;21339.5;26
20250117 104400;21339.75;21343.5;21339.75;21340.75;93
20250117 104500;21340.5;21340.5;21336;21338;39
20250117 104600;21337.75;21341.75;21335.75;21338.25;61
20250117 104700;21338.5;21342;21337.25;21339.25;56
20250117 104800;21338.75;21339.5;21336.75;21338.5;30
20250117 104900;21337.5;21343.5;21337.5;21342;51
20250117 105000;21343;21344;21340;21343.5;53
20250117 105100;21343.25;21343.5;21329.75;21330;276
20250117 105200;21329.5;21332;21326;21330;127
20250117 105300;21329.25;21334.75;21327.75;21334;85
20250117 105400;21334.25;21338.25;21334;21336.75;93
20250117 105500;21337.75;21339.5;21336.5;21336.5;58
20250117 105600;21337.25;21339.5;21336;21339.5;30
20250117 105700;21338.75;21342;21338.25;21341.25;64
20250117 105800;21341.75;21342.25;21337;21338.75;53
20250117 105900;21339;21339;21334.5;21336.25;70
20250117 110000;21336.25;21336.75;21333;21334.25;49
20250117 110100;21334.5;21347;21334.5;21344.25;261
20250117 110200;21343.75;21345.25;21342;21342;109
20250117 110300;21342;21342;21339.5;21340.75;37
20250117 110400;21342;21342;21337.5;21339.5;65
20250117 110500;21339.75;21341.25;21339.25;21340.25;35
20250117 110600;21341.25;21345.5;21340.5;21344.75;73
20250117 110700;21345;21347;21343.25;21343.25;51
20250117 110800;21343.75;21345.25;21343;21344;27
20250117 110900;21344.75;21345;21343.25;21344.75;24
20250117 111000;21345.25;21346.5;21343.75;21344.75;26
20250117 111100;21344.75;21346.5;21339;21340;102
20250117 111200;21339.25;21340.25;21336;21338;65
20250117 111300;21338.25;21340;21337.75;21337.75;38
20250117 111400;21339;21342.5;21338.25;21342.25;30
20250117 111500;21342;21344.5;21340.75;21343.75;40
20250117 111600;21344;21349.25;21344;21347.25;87
20250117 111700;21347.75;21350.5;21347.5;21348;106
20250117 111800;21347;21351.25;21347;21350.5;39
20250117 111900;21351.25;21353.5;21350;21353;90
20250117 112000;21352.25;21354.5;21350.25;21351;83
20250117 112100;21350.25;21350.25;21340.75;21344.5;139
20250117 112200;21344;21348.5;21344;21348.25;55
20250117 112300;21348;21348.75;21345;21346.5;42
20250117 112400;21345.25;21349.25;21345.25;21349;40
20250117 112500;21349.25;21349.25;21347.75;21348.5;15
20250117 112600;21349.75;21349.75;21345.25;21347.5;40
20250117 112700;21347.25;21352;21346.75;21352;107
20250117 112800;21352.75;21353.5;21348.5;21349;61
20250117 112900;21348.25;21352.25;21347;21351;66
20250117 113000;21350.75;21350.75;21348.75;21348.75;34
20250117 113100;21349.25;21357.75;21349.25;21356;160
20250117 113200;21356.5;21359.25;21356.25;21357.75;132
20250117 113300;21358.75;21360.5;21358;21358;81
20250117 113400;21357;21357.25;21353.25;21356;94
20250117 113500;21356.25;21360.5;21353.25;21354.25;85
20250117 113600;21353.25;21355.5;21351.5;21352;130
20250117 113700;21352.25;21353.75;21350.25;21352;78
20250117 113800;21352.75;21354;21351.25;21352.25;28
20250117 113900;21352.5;21357.25;21352.5;21356.5;88
20250117 114000;21356.25;21360.5;21355;21359.75;121
20250117 114100;21360;21362.25;21359.25;21361.25;105
20250117 114200;21360.75;21361.5;21356.75;21356.75;61
20250117 114300;21356;21359.25;21354.5;21354.5;57
20250117 114400;21353.75;21353.75;21350.5;21351.75;96
20250117 114500;21351.5;21353.25;21350.5;21351.5;63
20250117 114600;21351;21352.75;21350.5;21352.5;49
20250117 114700;21353;21353.5;21345.75;21349;143
20250117 114800;21349.75;21349.75;21345;21347.75;92
20250117 114900;21347;21348;21345;21345.5;54
20250117 115000;21345;21346.25;21340.75;21341;172
20250117 115100;21340.75;21342.25;21335.75;21336.25;173
20250117 115200;21336.75;21337.25;21329.5;21330;272
20250117 115300;21330.75;21333;21323.25;21328.75;389
20250117 115400;21328.5;21330.75;21326.25;21329.5;139
20250117 115500;21328.5;21332.5;21327.25;21331.5;117
20250117 115600;21331.5;21332.5;21327.25;21330;123
20250117 115700;21330.5;21331.75;21329;21331.25;51
20250117 115800;21332;21333;21321;21326.75;218
20250117 115900;21326.5;21326.75;21320.5;21326;181
20250117 120000;21325.25;21330.75;21325.25;21328.75;120
20250117 120100;21328.5;21328.5;21311.5;21313.5;457
20250117 120200;21313.5;21313.75;21307.25;21308.25;239
20250117 120300;21307.5;21316;21307.5;21311.75;217
20250117 120400;21312.25;21316.75;21306.75;21312.25;228
20250117 120500;21313.25;21317.75;21312;21317.5;140
20250117 120600;21317.25;21324.75;21316.5;21323.75;186
20250117 120700;21323.25;21329.75;21322;21325.25;138
20250117 120800;21325.75;21328.75;21324;21328;73
20250117 120900;21327.75;21331.75;21327.5;21328.5;84
20250117 121000;21328;21333.25;21327;21331.25;136
20250117 121100;21332;21332;21327.25;21327.75;70
20250117 121200;21327.75;21329.75;21327;21328.75;40
20250117 121300;21328;21335.5;21327.75;21335.5;125
20250117 121400;21335.5;21340.25;21335.5;21337;225
20250117 121500;21337.75;21338;21333;21337.75;102
20250117 121600;21337;21337;21324.75;21326.75;184
20250117 121700;21327;21336;21324.5;21332;198
20250117 121800;21330.75;21334;21328.5;21333.5;88
20250117 121900;21334.75;21335.25;21333.25;21334.75;71
20250117 122000;21334.75;21344.5;21334.5;21342.75;265
20250117 122100;21342.75;21342.75;21335.25;21336.25;143
20250117 122200;21336;21345;21331.75;21345;204
20250117 122300;21344.5;21352;21343.25;21349;318
20250117 122400;21350;21351.75;21348.75;21349.5;160
20250117 122500;21349.5;21349.75;21343;21346.75;187
20250117 122600;21346.5;21351.25;21344.5;21347;166
20250117 122700;21347.25;21349;21345.25;21346;77
20250117 122800;21345.25;21347.75;21342;21342.75;87
20250117 122900;21342.75;21346;21340.5;21346;105
20250117 123000;21346.25;21350.75;21346.25;21348.25;220
20250117 123100;21348.25;21353.25;21347.75;21352;107
20250117 123200;21351.5;21352;21345.75;21346;71
20250117 123300;21345.25;21347.75;21342;21342.5;91
20250117 123400;21341.5;21346.5;21337.25;21342;364
20250117 123500;21342.25;21342.25;21330.75;21332;170
20250117 123600;21331.75;21333.25;21328.5;21332.75;181
20250117 123700;21333;21338;21332.5;21338;134
20250117 123800;21339.75;21342.25;21336.25;21338.5;98
20250117 123900;21338.75;21340.25;21336.25;21336.5;58
20250117 124000;21337.5;21338.5;21336;21336.5;46
20250117 124100;21336.25;21336.25;21332;21334.25;70
20250117 124200;21334.25;21336.25;21331.5;21331.5;80
20250117 124300;21332.5;21337.25;21331.75;21336.5;83
20250117 124400;21337;21340;21336;21339;59
20250117 124500;21338.5;21344;21338.5;21343.5;86
20250117 124600;21344.5;21345.5;21340;21342;89
20250117 124700;21342.75;21344.5;21336;21340;132
20250117 124800;21339.5;21345;21338.25;21343.75;58
20250117 124900;21343.25;21343.25;21337.5;21339.25;238
20250117 125000;21339;21341.25;21335.25;21335.25;39
20250117 125100;21335.25;21343;21335;21340.75;80
20250117 125200;21341.25;21343.75;21340.5;21341.25;40
20250117 125300;21341.75;21345.5;21340.75;21345.5;69
20250117 125400;21345.75;21347.25;21344.5;21345.25;75
20250117 125500;21345;21347.5;21343.75;21346.25;77
20250117 125600;21346.5;21349;21344.75;21344.75;83
20250117 125700;21345.25;21346.75;21340;21345.25;86
20250117 125800;21345;21345.25;21342.75;21343.5;80
20250117 125900;21344;21349.25;21344;21347;99
20250117 130000;21347;21348;21345;21345;30
20250117 130100;21345.25;21356;21344;21355.75;381
20250117 130200;21355.75;21361.5;21355.75;21361.25;305
20250117 130300;21361;21365.25;21359.5;21365;470
20250117 130400;21364.75;21368.25;21363.25;21367;273
20250117 130500;21367;21369.25;21366.5;21367.75;198
20250117 130600;21368;21371;21365.5;21371;293
20250117 130700;21370.5;21382.25;21370;21381.5;534
20250117 130800;21381;21390;21380.75;21388.5;498
20250117 130900;21388.75;21392.75;21385.5;21390.75;424
20250117 131000;21391.5;21396.75;21391.5;21395.25;376
20250117 131100;21395.25;21405.5;21394.75;21405;742
20250117 131200;21404.75;21406.75;21402.5;21406;423
20250117 131300;21406.25;21413.75;21402.5;21405;734
20250117 131400;21405;21409;21403.25;21409;315
20250117 131500;21408.75;21409.75;21404;21408.25;343
20250117 131600;21409;21413;21407;21407;373
20250117 131700;21407.25;21416.5;21407;21416;290
20250117 131800;21415.75;21421.25;21414;21420;463
20250117 131900;21420.5;21428.25;21420.5;21427.5;569
20250117 132000;21427.25;21429.75;21424.25;21426;356
20250117 132100;21426;21442;21424.5;21439.25;739
20250117 132200;21438.75;21444;21437.75;21443;420
20250117 132300;21442.75;21444.5;21439;21441.75;385
20250117 132400;21441.75;21444;21440.25;21442.25;265
20250117 132500;21442;21442.5;21439;21441.25;352
20250117 132600;21440.75;21447;21440;21442.25;521
20250117 132700;21442.75;21443.75;21437;21440.75;473
20250117 132800;21441.25;21445.75;21440.75;21441.75;374
20250117 132900;21441.5;21450;21441;21448.25;390
20250117 133000;21448.25;21452.25;21444.75;21446;375
20250117 133100;21446;21458.25;21444.75;21457;778
20250117 133200;21457.25;21471;21456.25;21470.75;748
20250117 133300;21470.75;21479.5;21469.75;21479.5;757
20250117 133400;21479.5;21493;21478.25;21488.25;1310
20250117 133500;21489;21499.75;21489;21495.25;862
20250117 133600;21496;21502.5;21482.5;21485;1251
20250117 133700;21484.25;21493.75;21481;21492.25;721
20250117 133800;21492.25;21493;21479.25;21490;690
20250117 133900;21489.25;21489.25;21471;21472.25;738
20250117 134000;21472.5;21484.25;21468.25;21480.5;815
20250117 134100;21480.75;21493.25;21478.5;21489.25;911
20250117 134200;21489.25;21497;21483.5;21496;501
20250117 134300;21496;21500;21491.75;21497.5;680
20250117 134400;21498;21503;21495.25;21498.25;700
20250117 134500;21497.5;21510.75;21497.25;21505;910
20250117 134600;21505;21511;21496;21497.25;702
20250117 134700;21496.25;21508.75;21494;21507.25;635
20250117 134800;21508;21510.5;21502.25;21503.5;562
20250117 134900;21504.75;21508;21496.5;21502.25;632
20250117 135000;21503;21508;21501.25;21506.25;491
20250117 135100;21507;21521;21507;21517.5;941
20250117 135200;21516.75;21517.75;21504.25;21506.75;742
20250117 135300;21506.5;21512.25;21504.25;21509.75;457
20250117 135400;21509.75;21511;21501;21503.25;518
20250117 135500;21503;21511;21500.75;21502;597
20250117 135600;21502.5;21510.25;21502;21508.25;469
20250117 135700;21508;21519.75;21505.75;21519.75;666
20250117 135800;21519.75;21527;21509.75;21527;894
20250117 135900;21526.25;21537;21526;21531;1044
20250117 140000;21530.75;21545.5;21530.75;21541.5;867
20250117 140100;21541.75;21556.5;21540.25;21555.25;1759
20250117 140200;21555;21559.75;21550.75;21555.5;862
20250117 140300;21555.25;21558.5;21549;21553;747
20250117 140400;21553;21554.25;21543.25;21549;774
20250117 140500;21549;21583.5;21549;21576.25;2459
20250117 140600;21576.5;21583.75;21571;21577;1076
20250117 140700;21576.5;21582.75;21569;21571;821
20250117 140800;21571.75;21586.25;21569;21586.25;825
20250117 140900;21586;21588.75;21573;21574;783
20250117 141000;21574;21584.25;21570.25;21577.75;602
20250117 141100;21577.75;21593;21577.75;21592.75;753
20250117 141200;21591.75;21601;21586.5;21600.75;999
20250117 141300;21600.5;21607.75;21595.25;21607.5;1039
20250117 141400;21606.5;21608.25;21594.25;21598.75;957
20250117 141500;21599;21602;21591.75;21597.5;759
20250117 141600;21597.25;21612.25;21596.75;21609.25;1064
20250117 141700;21609.25;21614;21603.75;21610.5;722
20250117 141800;21611.5;21625.25;21600.25;21621.25;1279
20250117 141900;21621;21624.25;21613;21614;933
20250117 142000;21613.25;21613.25;21600;21608.25;1207
20250117 142100;21608.75;21623.25;21607.25;21621.5;800
20250117 142200;21621.25;21623.75;21606.75;21615.25;998
20250117 142300;21615.75;21616.5;21597.25;21599.5;763
20250117 142400;21599.25;21602.75;21585;21600;1558
20250117 142500;21600;21605.75;21590.75;21596;945
20250117 142600;21596.5;21612.75;21595.5;21607.75;1460
20250117 142700;21608.75;21630.75;21605.5;21625.25;1665
20250117 142800;21625.75;21657.75;21622;21655.25;2839
20250117 142900;21655.75;21682.5;21652.5;21657.25;4166
20250117 143000;21656.5;21667.75;21631.75;21647.75;3393
20250117 143100;21648;21653.75;21583;21599;7890
20250117 143200;21599.25;21610;21564;21584.5;5266
20250117 143300;21584.25;21596.5;21571.25;21587.25;3214
20250117 143400;21587.25;21591.75;21555;21566.75;3417
20250117 143500;21566.25;21576.5;21548;21555.25;3190
20250117 143600;21556.75;21583;21554.5;21582.25;3243
20250117 143700;21582.75;21587;21552.25;21568.25;3084
20250117 143800;21568.75;21572.25;21538.75;21556.5;3264
20250117 143900;21556.5;21557;21530.75;21532.25;2814
20250117 144000;21533.25;21546;21512.5;21524.25;3874
20250117 144100;21524.75;21538.25;21514.25;21523.75;2539
20250117 144200;21524.75;21543.5;21517.75;21533.5;2274
20250117 144300;21534.25;21552.25;21518.25;21519;2263
20250117 144400;21519.5;21536.5;21500.5;21502.25;2422
20250117 144500;21502;21518.5;21492.25;21516;3280
20250117 144600;21516;21550.5;21514;21542;3375
20250117 144700;21542;21555.5;21537.25;21544.75;2063
20250117 144800;21545;21546.5;21527;21538.75;1849
20250117 144900;21537.25;21540.5;21521.5;21531.75;1375
20250117 145000;21531.25;21540;21518;21538.5;1725
20250117 145100;21537.5;21543.75;21521;21533;2228
20250117 145200;21533.25;21537.5;21515.25;21525.5;1345
20250117 145300;21526.25;21559;21525.75;21551;2379
20250117 145400;21550.75;21566.75;21529.25;21533;2565
20250117 145500;21533;21537.75;21509.75;21523.75;2132
20250117 145600;21524;21540;21521;21533.25;1467
20250117 145700;21532.5;21547.25;21532.25;21539.75;1292
20250117 145800;21540;21549.75;21532.75;21537.25;1206
20250117 145900;21538.25;21542;21504.5;21508;2570
20250117 150000;21508.25;21512.5;21487;21505.5;3273
20250117 150100;21505.5;21541;21505;21532.5;3267
20250117 150200;21533;21547.5;21520.75;21542;1798
20250117 150300;21542;21553.75;21526;21527.5;2349
20250117 150400;21527.75;21546.5;21520.25;21525.75;2511
20250117 150500;21525.25;21547.25;21521.5;21544.25;1023
20250117 150600;21544.5;21565;21540.5;21564.25;2074
20250117 150700;21564.5;21581.75;21562.5;21567.25;2951
20250117 150800;21566;21581;21559.75;21571.25;1643
20250117 150900;21571.5;21575.75;21550.5;21552;1582
20250117 151000;21553;21555.25;21536.25;21540.25;1962
20250117 151100;21539.75;21557.75;21530.75;21543;1837
20250117 151200;21544;21558.5;21523.5;21555.25;1684
20250117 151300;21555.25;21566.25;21543;21547.75;1480
20250117 151400;21547.75;21564.75;21543.5;21563.25;1143
20250117 151500;21562.75;21567.75;21549.25;21557.75;1230
20250117 151600;21556.5;21564.25;21552.5;21557.75;1261
20250117 151700;21558;21567;21550;21556.5;1256
20250117 151800;21556;21566;21550.5;21566;869
20250117 151900;21565.75;21568.5;21552.25;21563.25;1033
20250117 152000;21562;21569.25;21557;21559.5;950
20250117 152100;21560.25;21567;21540.25;21548;1738
20250117 152200;21548.25;21549.75;21514;21526.25;2754
20250117 152300;21526.5;21533.75;21488.75;21500.25;3021
20250117 152400;21499.75;21523.5;21498.25;21520.75;1823
20250117 152500;21521.5;21525.5;21515.5;21520.75;1149
20250117 152600;21521.25;21526.75;21506.75;21507.5;1084
20250117 152700;21507.75;21513;21486;21502.25;2582
20250117 152800;21502.5;21504.25;21481.25;21488;2041
20250117 152900;21487.5;21518;21487.25;21514.25;2812
20250117 153000;21513.75;21532.25;21513;21528.25;2047
20250117 153100;21528.5;21543.75;21520.25;21521.75;1974
20250117 153200;21522.25;21537.75;21516;21537;1904
20250117 153300;21537;21548.75;21534;21542.75;1800
20250117 153400;21542.5;21553.75;21539.25;21550.25;1511
20250117 153500;21551;21553;21544.5;21549.25;993
20250117 153600;21548.75;21565;21546;21558;1936
20250117 153700;21558;21559.25;21549.5;21555;837
20250117 153800;21554;21556;21546.5;21552;859
20250117 153900;21551.75;21551.75;21541;21551.5;796
20250117 154000;21550.75;21568.75;21549.25;21566.25;1466
20250117 154100;21565.5;21576;21559.25;21574;1551
20250117 154200;21573.5;21576.5;21556.75;21558.75;1226
20250117 154300;21558.75;21569;21549.75;21565;1147
20250117 154400;21565.5;21568.5;21554.5;21558.25;869
20250117 154500;21558;21562.25;21546.75;21553.5;853
20250117 154600;21554.5;21559.5;21540.75;21542;1270
20250117 154700;21542;21559;21538.75;21551.75;1071
20250117 154800;21552.5;21557.25;21541.5;21543.75;900
20250117 154900;21543.75;21556;21542.25;21552.25;647
20250117 155000;21553;21571.25;21553;21570.75;1467
20250117 155100;21570.25;21581.5;21560.75;21566;2271
20250117 155200;21565.25;21574;21563;21568.75;774
20250117 155300;21569;21571;21556.75;21567.25;1060
20250117 155400;21567.75;21573.25;21561.25;21570.75;695
20250117 155500;21570.5;21575.5;21566;21572.75;927
20250117 155600;21572.25;21575.5;21566.25;21574.25;1153
20250117 155700;21574.25;21577.25;21568.25;21571;916
20250117 155800;21571.75;21577.5;21566.75;21575;688
20250117 155900;21574.5;21590.25;21572.25;21586;2121
20250117 160000;21585.75;21598;21582.25;21593.75;1864
20250117 160100;21593.25;21594.5;21584.75;21587.5;1366
20250117 160200;21587.25;21593;21586.5;21590.25;721
20250117 160300;21590.25;21594;21577.75;21578.25;1133
20250117 160400;21578.25;21580.25;21570.5;21577.25;1354
20250117 160500;21577;21585.5;21575;21584.75;879
20250117 160600;21584.5;21587.75;21580.25;21586;799
20250117 160700;21586;21594.75;21583.75;21594.5;859
20250117 160800;21594.75;21597.25;21586.5;21587.5;937
20250117 160900;21587.25;21600.75;21586.5;21588;1094
20250117 161000;21587.25;21589.25;21574;21583.5;1388
20250117 161100;21583.5;21594.5;21578.5;21592.75;1059
20250117 161200;21592.5;21594.5;21584.75;21589.5;639
20250117 161300;21589.5;21594.25;21587.75;21592.25;447
20250117 161400;21592.75;21594.75;21588.25;21591.25;753
20250117 161500;21591.25;21595.5;21590.25;21593.25;586
20250117 161600;21593.25;21596.5;21588.25;21591.75;799
20250117 161700;21591.75;21594;21586.25;21588.5;623
20250117 161800;21588.25;21588.75;21581.25;21586.75;824
20250117 161900;21586.75;21588;21579;21581.5;768
20250117 162000;21581.5;21591;21579.5;21590.5;761
20250117 162100;21591;21599.25;21587.75;21591.75;1131
20250117 162200;21592;21604.25;21590.75;21601.5;1373
20250117 162300;21602;21607.25;21601;21604;1004
20250117 162400;21605;21607.5;21602.5;21605.5;783
20250117 162500;21606.25;21618.75;21605;21618.5;1551
20250117 162600;21618.25;21630.75;21616.75;21630;2162
20250117 162700;21630.25;21638;21621.5;21637.25;1818
20250117 162800;21637.5;21637.5;21628.5;21633.25;1329
20250117 162900;21633.25;21635.75;21624.25;21626.5;1318
20250117 163000;21626.75;21631.5;21623.5;21628;941
20250117 163100;21628.25;21635;21627;21629.25;1086
20250117 163200;21630;21630;21615;21618.25;1443
20250117 163300;21618;21618.25;21606.5;21609.25;1599
20250117 163400;21609.75;21610.25;21596.5;21600.5;1932
20250117 163500;21600.25;21600.5;21585.25;21594;1770
20250117 163600;21594.5;21610.75;21593.75;21609;1437
20250117 163700;21609.5;21613.75;21604.5;21611.5;944
20250117 163800;21611.25;21617.5;21606.75;21615.75;768
20250117 163900;21615.25;21619.5;21611.75;21613.5;717
20250117 164000;21614;21623.25;21612.5;21618.5;1132
20250117 164100;21618.5;21619.25;21608;21608;824
20250117 164200;21608.25;21612.25;21606.25;21608.5;682
20250117 164300;21608.75;21611.5;21604.25;21605.25;669
20250117 164400;21605.5;21605.75;21593.25;21595.75;990
20250117 164500;21595;21604.5;21594.5;21602.25;838
20250117 164600;21602.25;21605;21598.5;21604.25;770
20250117 164700;21604.5;21605.75;21581.5;21584.75;1549
20250117 164800;21585.25;21594.75;21582.75;21592.5;926
20250117 164900;21592.25;21598;21588.5;21595.75;818
20250117 165000;21596;21599;21589.25;21592.5;611
20250117 165100;21593;21599.5;21592.25;21597;756
20250117 165200;21596.75;21603;21593.25;21602;679
20250117 165300;21601.75;21602.25;21587.25;21589.5;789
20250117 165400;21589.5;21593.25;21581.75;21583;1153
20250117 165500;21583;21588.5;21579.5;21582;968
20250117 165600;21581.5;21594;21581;21591.75;855
20250117 165700;21592;21592.5;21574.75;21581.75;1215
20250117 165800;21581.5;21586;21579.25;21585.75;562
20250117 165900;21585.5;21590.5;21581.25;21583.5;584
20250117 170000;21583;21588.25;21581.25;21583.75;409
20250117 170100;21583.5;21583.75;21563.75;21566.5;1678
20250117 170200;21566.75;21581.5;21559.75;21575.25;2005
20250117 170300;21575.5;21586.25;21574.25;21584.5;1014
20250117 170400;21584;21584.5;21576.25;21580.75;598
20250117 170500;21580.25;21584.25;21569.5;21577.75;677
20250117 170600;21577.5;21589;21572;21586.5;775
20250117 170700;21586.25;21593.5;21584.75;21591.5;873
20250117 170800;21591.5;21593;21582.25;21591.5;846
20250117 170900;21592;21599;21590;21592;925
20250117 171000;21592;21595.25;21590;21594.75;462
20250117 171100;21594.25;21597.25;21591.75;21596.5;520
20250117 171200;21596.5;21597;21585.25;21590;682
20250117 171300;21590.5;21596.25;21588.5;21591.5;415
20250117 171400;21592.5;21605.5;21591.5;21602.25;1316
20250117 171500;21602.25;21603.5;21598.5;21603;600
20250117 171600;21602.75;21607.5;21600.75;21602;964
20250117 171700;21601.75;21608.5;21599.75;21600.75;670
20250117 171800;21601;21602.5;21597;21598.75;795
20250117 171900;21598.75;21602.25;21594.5;21602;540
20250117 172000;21602.25;21607.75;21601;21606.25;532
20250117 172100;21606.5;21615;21605.5;21611.25;825
20250117 172200;21611.25;21615.25;21609.75;21613.5;494
20250117 172300;21613.25;21621.25;21612.5;21620.5;749
20250117 172400;21621.25;21623;21615.5;21619.5;875
20250117 172500;21619.25;21621.25;21615.25;21617.75;564
20250117 172600;21618;21622.25;21615.75;21622;452
20250117 172700;21622.25;21623;21616;21618.5;580
20250117 172800;21618;21625.25;21616;21624.5;716
20250117 172900;21624;21626.5;21616;21621.5;857
20250117 173000;21621.5;21625;21620.75;21623.5;286
20250117 173100;21624;21627.5;21621.5;21623;858
20250117 173200;21622.75;21626.75;21622.5;21625.25;314
20250117 173300;21625.25;21627.25;21621.5;21625;524
20250117 173400;21625;21628;21622.5;21623;493
20250117 173500;21623.25;21624.75;21617.75;21619.25;630
20250117 173600;21619.25;21623.5;21617.5;21621.5;544
20250117 173700;21621.25;21621.5;21608.75;21611;1188
20250117 173800;21611;21614.25;21605.25;21614;808
20250117 173900;21613.75;21625;21613;21623.75;747
20250117 174000;21623.25;21625;21620.25;21621.5;540
20250117 174100;21621.75;21621.75;21609.5;21614;900
20250117 174200;21613.75;21616.25;21609.5;21612;373
20250117 174300;21612;21617;21611.5;21616.25;422
20250117 174400;21616.25;21618.5;21612.25;21614;525
20250117 174500;21614;21615.75;21610.5;21615.5;344
20250117 174600;21615;21617;21611.25;21613.5;570
20250117 174700;21613.75;21618.75;21612.5;21618;375
20250117 174800;21618.25;21623.75;21615.75;21622.5;515
20250117 174900;21622.5;21625;21620.75;21624.5;445
20250117 175000;21624;21626.5;21622;21624.75;714
20250117 175100;21625;21627.5;21623.25;21624;378
20250117 175200;21624.25;21627.75;21621.75;21627.75;510
20250117 175300;21627.25;21628.75;21622.25;21626.25;523
20250117 175400;21626;21626.5;21620;21621;606
20250117 175500;21621.5;21626;21616.5;21625.25;537
20250117 175600;21625.75;21626;21613;21614.5;775
20250117 175700;21615;21621.75;21608.5;21620.5;853
20250117 175800;21620.75;21623.75;21617.25;21622.5;506
20250117 175900;21623;21624.25;21615.75;21623.25;485
20250117 180000;21623.25;21630;21623.25;21626.25;790
20250117 180100;21626;21628;21614.25;21615;764
20250117 180200;21615;21623;21614.75;21619;485
20250117 180300;21619.25;21624.75;21615;21624;529
20250117 180400;21624.25;21633.25;21621.75;21631.5;950
20250117 180500;21631;21632.75;21628.25;21630.75;514
20250117 180600;21630.25;21646;21628.5;21645;2017
20250117 180700;21644;21647.5;21640.25;21642.25;960
20250117 180800;21642.75;21643.25;21634.75;21636.75;887
20250117 180900;21636.75;21642.5;21634.75;21640.5;479
20250117 181000;21641;21642.25;21638.25;21641;324
20250117 181100;21641.25;21648.25;21639.25;21646.75;883
20250117 181200;21646.75;21652.25;21644.5;21652.25;1076
20250117 181300;21652.5;21658;21652.25;21656.25;1438
20250117 181400;21656;21659.75;21651.25;21653;1023
20250117 181500;21652.75;21657.75;21651;21657.25;581
20250117 181600;21657.25;21660;21654;21659.75;801
20250117 181700;21660;21663.5;21658;21662.5;657
20250117 181800;21662.5;21664.75;21660.75;21664.75;537
20250117 181900;21664.25;21668.5;21663.5;21667.5;834
20250117 182000;21667.25;21668.75;21664;21665;721
20250117 182100;21665.5;21672;21664.25;21669.25;1015
20250117 182200;21669.5;21669.75;21665;21669.25;602
20250117 182300;21668.75;21670.25;21667;21668.25;423
20250117 182400;21668;21669.25;21664.5;21666.75;599
20250117 182500;21667;21668.25;21662.25;21663.75;738
20250117 182600;21664.25;21667.75;21663.5;21665;918
20250117 182700;21665;21665.75;21658.25;21663.75;1089
20250117 182800;21664.25;21664.75;21652.75;21653;926
20250117 182900;21653;21660;21652.75;21657.25;559
20250117 183000;21657.75;21658.75;21650.75;21652.75;570
20250117 183100;21652.75;21654;21644.25;21652.5;1210
20250117 183200;21652.75;21657.75;21650.75;21653.75;699
20250117 183300;21653.75;21660;21653.25;21656.25;520
20250117 183400;21656.25;21657.25;21642.75;21643.25;982
20250117 183500;21643;21647.25;21640.25;21644.25;682
20250117 183600;21644.75;21647;21642.5;21646;577
20250117 183700;21645.75;21652;21644.75;21645.5;723
20250117 183800;21645.25;21656;21643.75;21655;784
20250117 183900;21654.25;21655.25;21648.75;21652.75;422
20250117 184000;21652.25;21657.25;21650.75;21653.75;442
20250117 184100;21653.25;21655;21646;21647.5;506
20250117 184200;21646.5;21646.75;21638.25;21641;856
20250117 184300;21641.5;21642;21631;21632.5;846
20250117 184400;21632;21636;21631.5;21634.75;431
20250117 184500;21634.5;21636.75;21628;21635;801
20250117 184600;21635.5;21642;21634;21638.75;745
20250117 184700;21639;21647.25;21635.75;21636.75;1030
20250117 184800;21637.5;21641.75;21637.25;21640.75;395
20250117 184900;21640.25;21641.75;21635.5;21637;381
20250117 185000;21636.75;21637;21625.25;21625.5;1029
20250117 185100;21625.75;21629.75;21623.25;21626.25;845
20250117 185200;21625.75;21628.25;21622;21626.25;672
20250117 185300;21626.5;21628.25;21620;21624.5;736
20250117 185400;21624.5;21626.5;21618.5;21622;736
20250117 185500;21621.75;21626.25;21617;21625;735
20250117 185600;21625.25;21626.75;21617;21623;871
20250117 185700;21622.5;21623;21612;21614.5;937
20250117 185800;21614.75;21625;21614.5;21622.75;955
20250117 185900;21622.5;21628;21622.5;21625.75;734
20250117 190000;21625.25;21632.75;21623.25;21631.75;1062
20250117 190100;21632;21637.75;21628.75;21630.5;1202
20250117 190200;21630.5;21636;21628.25;21635;532
20250117 190300;21635;21639.5;21630.75;21634.5;753
20250117 190400;21634.5;21635.75;21631.5;21634.5;350
20250117 190500;21634.25;21635.75;21627.25;21630.25;735
20250117 190600;21631;21633;21625.25;21628;540
20250117 190700;21628.5;21629.75;21619.25;21624;1328
20250117 190800;21623;21628;21618;21620;831
20250117 190900;21619.5;21620.75;21611.25;21618.75;1061
20250117 191000;21618.5;21624.25;21616.5;21620;564
20250117 191100;21620;21620.75;21609;21618;802
20250117 191200;21618;21626;21616.5;21621;602
20250117 191300;21620.75;21628.5;21620.75;21627.5;754
20250117 191400;21627;21632.5;21627;21630.75;695
20250117 191500;21630.75;21634.5;21629;21631.75;563
20250117 191600;21631.5;21636.75;21627.75;21630.75;909
20250117 191700;21630.75;21633;21625.5;21629;653
20250117 191800;21629;21630.25;21618.75;21622.25;701
20250117 191900;21622.75;21624;21617.25;21622;476
20250117 192000;21622.25;21623.5;21612.75;21614.75;611
20250117 192100;21614.5;21624.5;21613.25;21623;549
20250117 192200;21623.25;21639.25;21623.25;21638.25;1230
20250117 192300;21638;21640.75;21633.75;21639;777
20250117 192400;21639;21644.75;21637.75;21642.5;859
20250117 192500;21642.25;21644.5;21639;21643;515
20250117 192600;21642.75;21643;21639;21642;423
20250117 192700;21641;21641.75;21634;21635.75;454
20250117 192800;21635.25;21639.75;21633;21638.5;384
20250117 192900;21638;21638.25;21631;21634.5;367
20250117 193000;21634.75;21636;21628.5;21631.25;393
20250117 193100;21631.25;21633.75;21625.5;21629;802
20250117 193200;21629.25;21633;21625.25;21626.25;659
20250117 193300;21626.75;21630.25;21624.75;21629.75;350
20250117 193400;21629.75;21631.5;21625.5;21626.5;333
20250117 193500;21625.5;21632.25;21623.5;21631.25;374
20250117 193600;21631;21636.5;21629.75;21636.5;641
20250117 193700;21636.25;21638;21632.75;21634.75;362
20250117 193800;21634.75;21639.5;21632;21639;396
20250117 193900;21639.25;21644;21638.75;21639;636
20250117 194000;21638.75;21641;21634;21635.75;435
20250117 194100;21635.25;21640.25;21633.75;21639.5;443
20250117 194200;21639.5;21642.75;21635.75;21636.5;395
20250117 194300;21636.5;21638.25;21632.5;21633;473
20250117 194400;21632.75;21634.25;21628.5;21632;651
20250117 194500;21631.75;21633.5;21627.25;21633;347
20250117 194600;21633.75;21642.25;21633.5;21639.5;816
20250117 194700;21639;21642;21636.75;21637.75;369
20250117 194800;21637.75;21638.75;21633;21633.5;365
20250117 194900;21634;21636.5;21631.5;21633.75;390
20250117 195000;21633.75;21635.25;21630.5;21633.75;469
20250117 195100;21633.5;21635.5;21627.5;21629;354
20250117 195200;21629.25;21633.25;21628.5;21630.75;334
20250117 195300;21630.5;21631.75;21622.75;21624.25;618
20250117 195400;21624;21624.25;21616.5;21618.5;774
20250117 195500;21618.5;21619.75;21614.75;21618.5;518
20250117 195600;21618.5;21619.75;21612;21615.25;606
20250117 195700;21615.25;21623;21611.5;21622;952
20250117 195800;21622.25;21628.75;21621.5;21623.5;798
20250117 195900;21623;21627;21620.25;21621;577
20250117 200000;21620.75;21624;21618;21622.5;481
20250117 200100;21622;21622.25;21594.5;21597.5;2319
20250117 200200;21597.25;21611.5;21590.75;21601.5;1725
20250117 200300;21601.5;21603;21595.25;21598.25;984
20250117 200400;21598;21608;21598;21607.25;843
20250117 200500;21607.5;21609.25;21600;21600.25;629
20250117 200600;21600;21603.75;21593.25;21596;1009
20250117 200700;21595.25;21601;21589.25;21591.25;972
20250117 200800;21591.75;21601.5;21590.25;21596;635
20250117 200900;21595.75;21607.5;21594.75;21606.75;672
20250117 201000;21607;21618.75;21606;21617.75;1083
20250117 201100;21617.25;21627;21616.5;21618;1352
20250117 201200;21617.5;21622.5;21612.75;21614;531
20250117 201300;21613.75;21618.5;21611.5;21613.75;477
20250117 201400;21613.25;21617;21608;21611.25;551
20250117 201500;21611;21616;21603.75;21605.25;766
20250117 201600;21605.75;21612;21604;21608;711
20250117 201700;21608.25;21614.5;21603.25;21604.75;697
20250117 201800;21605.75;21606.75;21601.5;21602.75;521
20250117 201900;21602.5;21609;21602;21606.5;464
20250117 202000;21606.25;21617;21606.25;21615.25;720
20250117 202100;21615;21621;21611.25;21620;749
20250117 202200;21619.5;21622.75;21615;21617.25;737
20250117 202300;21618;21621.25;21611;21617.25;553
20250117 202400;21617.25;21622;21615.25;21621.5;399
20250117 202500;21621.25;21621.5;21613.25;21619.75;524
20250117 202600;21619.75;21619.75;21609.5;21611.75;577
20250117 202700;21612;21617.75;21611.5;21616.75;461
20250117 202800;21616.75;21619;21606.75;21610.75;657
20250117 202900;21610.5;21611.75;21599.5;21602;899
20250117 203000;21602.5;21609;21600;21600.75;571
20250117 203100;21601.25;21607.5;21600.75;21604.25;770
20250117 203200;21604.5;21609;21601.5;21607.75;548
20250117 203300;21607.25;21614;21607;21608.75;657
20250117 203400;21608.5;21617.5;21605.75;21616.5;682
20250117 203500;21616.75;21619.5;21611;21618.5;526
20250117 203600;21618.25;21625.5;21617;21620.75;1020
20250117 203700;21620;21624;21616.75;21622;646
20250117 203800;21622.5;21623.75;21618.75;21621.5;514
20250117 203900;21621.25;21624.75;21618;21619.5;503
20250117 204000;21619.75;21622.75;21618.25;21619.25;339
20250117 204100;21619.25;21622;21616.25;21619.75;565
20250117 204200;21620.5;21626.25;21619.5;21624.75;783
20250117 204300;21624.25;21625.5;21611.25;21612.5;1010
20250117 204400;21612.5;21616;21610;21612.75;663
20250117 204500;21612.75;21627;21612.25;21621.75;1245
20250117 204600;21621.5;21626.25;21619.25;21620.25;766
20250117 204700;21620.75;21629.75;21619.75;21623;914
20250117 204800;21622;21625.75;21618.75;21624.5;470
20250117 204900;21623.75;21631.25;21622;21626.75;788
20250117 205000;21626.75;21627.5;21617.25;21621;838
20250117 205100;21621;21621;21610;21614;1799
20250117 205200;21614.5;21617;21604.25;21605;1173
20250117 205300;21605.25;21613.5;21605.25;21612.25;956
20250117 205400;21612.25;21623;21608.5;21622.25;1645
20250117 205500;21621.75;21638.5;21619;21626.5;2886
20250117 205600;21627;21627;21584.5;21603.25;3960
20250117 205700;21603.25;21605;21585.25;21596.5;2231
20250117 205800;21596.25;21597.5;21587;21589.75;1719
20250117 205900;21589.5;21594.5;21579.5;21580.75;2335
20250117 210000;21581.25;21607;21581;21601;11051
20250117 210100;21600.5;21604.5;21584.75;21586.75;3520
20250117 210200;21587;21589;21580.25;21585.75;1281
20250117 210300;21585.75;21587.5;21578.5;21580.25;775
20250117 210400;21580.5;21583;21572.5;21577;1115
20250117 210500;21577.25;21581;21572.5;21574.5;744
20250117 210600;21574.25;21582.75;21571.75;21579.75;568
20250117 210700;21580;21586.25;21578.5;21585;648
20250117 210800;21585;21592.5;21581.5;21590;582
20250117 210900;21590;21591.75;21587.25;21589.75;346
20250117 211000;21590.25;21597;21590;21596.5;487
20250117 211100;21596;21596;21582.75;21583.25;698
20250117 211200;21583.25;21587.75;21581.25;21582.5;251
20250117 211300;21582.25;21586.75;21576.5;21586.5;422
20250117 211400;21586.75;21587.25;21578.5;21581.5;283
20250117 211500;21580.5;21586.25;21579.75;21584;223
20250117 211600;21584;21584;21577;21579.75;302
20250117 211700;21579.5;21583.5;21578.5;21580.75;232
20250117 211800;21580.25;21582.25;21578;21578.25;93
20250117 211900;21578.75;21581.5;21577.75;21579.5;166
20250117 212000;21579.5;21583.5;21578.75;21583.5;155
20250117 212100;21583;21587.5;21583;21585.25;134
20250117 212200;21585.5;21586;21584.25;21585;74
20250117 212300;21585.75;21592.25;21585.75;21592;165
20250117 212400;21592.25;21594;21586.75;21588.5;153
20250117 212500;21588.75;21590.5;21587.25;21590;75
20250117 212600;21589.25;21590.25;21586.25;21588.25;95
20250117 212700;21588;21593.75;21588;21592.75;123
20250117 212800;21592.25;21592.75;21588;21589.25;69
20250117 212900;21589.25;21590.75;21589;21590;55
20250117 213000;21590;21591.5;21588.5;21589.75;75
20250117 213100;21590;21590;21587;21587.5;136
20250117 213200;21587.75;21590;21587.75;21589.5;79
20250117 213300;21589.75;21590.75;21587;21588.5;69
20250117 213400;21587.75;21588.75;21585;21585.75;102
20250117 213500;21585.5;21589.5;21585.25;21589.5;53
20250117 213600;21588.25;21589.25;21583.75;21585.5;150
20250117 213700;21585.5;21586;21579.5;21579.75;95
20250117 213800;21580.25;21582.5;21578.5;21580.5;146
20250117 213900;21580.75;21582;21579.5;21580.75;59
20250117 214000;21581.5;21583.5;21580.5;21582.25;87
20250117 214100;21582;21584;21581.75;21583.75;32
20250117 214200;21584;21585;21583;21583.75;296
20250117 214300;21584.25;21589;21584.25;21588.25;71
20250117 214400;21587.75;21591.75;21587.75;21591.75;77
20250117 214500;21591.5;21593.25;21588.75;21589.25;117
20250117 214600;21588.5;21589;21582.25;21583;198
20250117 214700;21583.75;21583.75;21580.75;21583.5;97
20250117 214800;21584.25;21585.25;21581.75;21584.75;60
20250117 214900;21585.25;21587;21583.75;21585;53
20250117 215000;21586;21586;21585;21585.5;38
20250117 215100;21584.75;21585;21584.25;21584.25;45
20250117 215200;21584.25;21585;21582;21582.5;57
20250117 215300;21582.5;21584.25;21582;21582.75;82
20250117 215400;21582.25;21585.25;21582.25;21585.25;31
20250117 215500;21584.75;21585.25;21583.75;21584.5;27
20250117 215600;21584.75;21585;21581.75;21584.75;110
20250117 215700;21583.75;21585;21580.5;21582;62
20250117 215800;21582.25;21585;21582;21583;63
20250117 215900;21583;21586.25;21580;21586.25;149
20250117 220000;21586.25;21589.75;21585.25;21589;127
20250117 225800;21589;21589;21589;21589;6
